invoice_nr;item_id;catalog;etd;eta;status;origin;month;year;brand;qty;total_cost
26FAV02111 ;PF200118001801;PFI 6204-2RS C3;06/08/2026;05/10/2026;Transit;China;Oct;2026;PFI;6500;2990
26FAV02112;PF200103001801;PFI 6202-2RS C3;06/08/2026;05/10/2026;Transit;China;Oct;2026;PFI;2500;875
26FAV02112;PF200192001801;PFI 6303-2RS C3;06/08/2026;05/10/2026;Transit;China;Oct;2026;PFI;1400;728
26FAV02112;PF200118001801;PFI 6204-2RS C3;06/08/2026;05/10/2026;Transit;China;Oct;2026;PFI;1000;460
26FAV02112;PF210003001801;PFI B17-99D;06/08/2026;05/10/2026;Transit;China;Oct;2026;PFI;960;960
26FAV02112;PF640007001801;PFI 203KRR2 C3;06/08/2026;05/10/2026;Transit;China;Oct;2026;PFI;920;837,2
26FAV02111 ;PF100002001801;PFI 30203;06/08/2026;05/10/2026;Transit;China;Oct;2026;PFI;880;748
26FAV02112;PF200100001801;PFI 6202-2RS 1/2 C3;06/08/2026;05/10/2026;Transit;China;Oct;2026;PFI;660;257,4
26FAV02112;PF100257001801;PFI LM67048/10;06/08/2026;05/10/2026;Transit;China;Oct;2026;PFI;480;518,4
26FAV02112;PF220016001801;PC30550023CS;06/08/2026;05/10/2026;Transit;China;Oct;2026;PFI;440;1152,8
26FAV02111 ;PF100005001801;PFI 30206;06/08/2026;05/10/2026;Transit;China;Oct;2026;PFI;394;535,84
26FAV02112;PF210025001801;PFI B12-57D;06/08/2026;05/10/2026;Transit;China;Oct;2026;PFI;380;228
26FAV02112;PF200131001801;PFI 6206-2RS C3;06/08/2026;05/10/2026;Transit;China;Oct;2026;PFI;374;299,2
26FAV02112;PF200068001801;PFI 6007-2RS C3;06/08/2026;05/10/2026;Transit;China;Oct;2026;PFI;360;259,2
26FAV02112;PF200203001801;PFI 6306-2RS C3;06/08/2026;05/10/2026;Transit;China;Oct;2026;PFI;360;676,8
26FAV02112;PF200163001801;PFI 62306-2RS C3;06/08/2026;05/10/2026;Transit;China;Oct;2026;PFI;340;771,8
26FAV02111 ;PF100038001801;PFI 32205;06/08/2026;05/10/2026;Transit;China;Oct;2026;PFI;240;348
26FAV02112;PF200084001801;PFI 62/22-2RS C3;06/08/2026;05/10/2026;Transit;China;Oct;2026;PFI;240;189,6
26FAV02112;PF210038001801;PFI B8-23D;06/08/2026;05/10/2026;Transit;China;Oct;2026;PFI;240;134,4
26FAV02112;PF220024001801;PC35500020CS;06/08/2026;05/10/2026;Transit;China;Oct;2026;PFI;240;669,6
26FAV02112;PF210008001801;PFI SC03A76LVAX;06/08/2026;05/10/2026;Transit;China;Oct;2026;PFI;220;495
26FAV02112;PF200071001801;PFI 6010-2RS C3;06/08/2026;05/10/2026;Transit;China;Oct;2026;PFI;200;330
26FAV02112;PF210029001801;PFI B15-69D;06/08/2026;05/10/2026;Transit;China;Oct;2026;PFI;200;122
26FAV02111 ;PF100043001801;PFI 32210;06/08/2026;05/10/2026;Transit;China;Oct;2026;PFI;162;528,12
26FAV02112;PF200031001801;PFI 5208-2RS C3;06/08/2026;05/10/2026;Transit;China;Oct;2026;PFI;160;764,8
26FAV02112;PF200072001801;PFI 6011-2RS C3;06/08/2026;05/10/2026;Transit;China;Oct;2026;PFI;160;388,8
26FAV02112;PF200107001801;PFI 6202-2RS D16 C3;06/08/2026;05/10/2026;Transit;China;Oct;2026;PFI;160;84,8
26FAV02112;PF210035001801;PFI B17-127D;06/08/2026;05/10/2026;Transit;China;Oct;2026;PFI;160;252,8
26FAV02111 ;PF100113001801;PFI 15101/245;06/08/2026;05/10/2026;Transit;China;Oct;2026;PFI;140;236,6
26FAV02112;PF210075001801;PFI B17-92D;06/08/2026;05/10/2026;Transit;China;Oct;2026;PFI;140;74,2
26FAV02112;PF100148001801;PFI 29685/20;06/08/2026;05/10/2026;Transit;China;Oct;2026;PFI;130;608,4
26FAV02112;PF100119001801;PFI 15123/245;06/08/2026;05/10/2026;Transit;China;Oct;2026;PFI;120;174
26FAV02112;PF200030001801;PFI 5207-2RS C3;06/08/2026;05/10/2026;Transit;China;Oct;2026;PFI;120;435,6
26FAV02112;PF230034001801;PW28610042CS;06/08/2026;05/10/2026;Transit;China;Oct;2026;PFI;120;471,6
26FAV02111 ;PF100110001801;PFI 14138A/274;06/08/2026;05/10/2026;Transit;China;Oct;2026;PFI;100;227
26FAV02111 ;PF100125001801;PFI 25577/23;06/08/2026;05/10/2026;Transit;China;Oct;2026;PFI;100;327
26FAV02112;PF100150001801;PFI 320/28X;06/08/2026;05/10/2026;Transit;China;Oct;2026;PFI;100;147
26FAV02112;PF200042001801;PFI 60/22-2RS C3;06/08/2026;05/10/2026;Transit;China;Oct;2026;PFI;100;92
26FAV02112;PF200205001801;PFI 6306-2RS D25 C3;06/08/2026;05/10/2026;Transit;China;Oct;2026;PFI;100;234
26FAV02111 ;PF100067001801;PFI 33011;06/08/2026;05/10/2026;Transit;China;Oct;2026;PFI;80;273,6
26FAV02111 ;PF100078001801;PFI 33109;06/08/2026;05/10/2026;Transit;China;Oct;2026;PFI;80;252,8
26FAV02111 ;PF100107001801;PFI 14125A/276;06/08/2026;05/10/2026;Transit;China;Oct;2026;PFI;80;141,6
26FAV02112;PF100122001801;PFI 17887/31;06/08/2026;05/10/2026;Transit;China;Oct;2026;PFI;80;248
26FAV02112;PF100155001801;PFI 32007X;06/08/2026;05/10/2026;Transit;China;Oct;2026;PFI;80;113,6
26FAV02112;PF200037001801;PFI 5306-2RS C3;06/08/2026;05/10/2026;Transit;China;Oct;2026;PFI;80;269,6
26FAV02112;PF200129001801;PFI 6205-ZZ C3;06/08/2026;05/10/2026;Transit;China;Oct;2026;PFI;80;45,6
26FAV02111 ;PF100011001801;PFI 30212;06/08/2026;05/10/2026;Transit;China;Oct;2026;PFI;76;263,72
26FAV02112;PF100175001801;PFI 33287/462;06/08/2026;05/10/2026;Transit;China;Oct;2026;PFI;70;361,9
26FAV02112;PF100177001801;PFI 368A/2A;06/08/2026;05/10/2026;Transit;China;Oct;2026;PFI;70;234,5
26FAV02111 ;PF100122001801;PFI 17887/31;06/08/2026;05/10/2026;Transit;China;Oct;2026;PFI;60;186
26FAV02112;PF100230001801;PFI JM205149/10;06/08/2026;05/10/2026;Transit;China;Oct;2026;PFI;60;274,8
26FAV02112;PF100250001801;PFI LM300849/11;06/08/2026;05/10/2026;Transit;China;Oct;2026;PFI;60;113,4
26FAV02112;PF100265001801;PFI M88043/10;06/08/2026;05/10/2026;Transit;China;Oct;2026;PFI;60;148,8
26FAV02112;PF200040001801;PFI 5309-2RS C3;06/08/2026;05/10/2026;Transit;China;Oct;2026;PFI;60;512,4
26FAV02112;PF200074001801;PFI 6013-2RS C3;06/08/2026;05/10/2026;Transit;China;Oct;2026;PFI;60;174,6
26FAV02112;PF640045001801;PFI GRAE30NPPB-3L;06/08/2026;05/10/2026;Transit;China;Oct;2026;PFI;60;129,6
26FAV02112;PF100179001801;PFI 37431A/625;06/08/2026;05/10/2026;Transit;China;Oct;2026;PFI;55;399,85
26FAV02111 ;PF100059001801;PFI 32308;06/08/2026;05/10/2026;Transit;China;Oct;2026;PFI;50;189,5
26FAV02111 ;PF100060001801;PFI 32309;06/08/2026;05/10/2026;Transit;China;Oct;2026;PFI;50;265
26FAV02111 ;PF100061001801;PFI 32310;06/08/2026;05/10/2026;Transit;China;Oct;2026;PFI;50;282,5
26FAV02111 ;PF100079001801;PFI 33110;06/08/2026;05/10/2026;Transit;China;Oct;2026;PFI;50;183
26FAV02112;PF100079001801;PFI 33110;06/08/2026;05/10/2026;Transit;China;Oct;2026;PFI;50;183
26FAV02112;PF100074001801;PFI 33020;06/08/2026;05/10/2026;Transit;China;Oct;2026;PFI;48;525,12
26FAV02112;PF100082001801;PFI 33113;06/08/2026;05/10/2026;Transit;China;Oct;2026;PFI;42;196,56
26FAV02111 ;PF100023001801;PFI 30305;06/08/2026;05/10/2026;Transit;China;Oct;2026;PFI;40;52,8
26FAV02111 ;PF100027001801;PFI 30308;06/08/2026;05/10/2026;Transit;China;Oct;2026;PFI;40;111,6
26FAV02111 ;PF100111001801;PFI 14138A/276;06/08/2026;05/10/2026;Transit;China;Oct;2026;PFI;40;78,4
26FAV02111 ;PF100119001801;PFI 15123/245;06/08/2026;05/10/2026;Transit;China;Oct;2026;PFI;40;58
26FAV02111 ;PF100120001801;PFI 15123/250;06/08/2026;05/10/2026;Transit;China;Oct;2026;PFI;40;81,2
26FAV02112;PF100128001801;PFI 25590/20;06/08/2026;05/10/2026;Transit;China;Oct;2026;PFI;40;90,4
26FAV02112;PF200041001801;PFI 5310-2RS C3;06/08/2026;05/10/2026;Transit;China;Oct;2026;PFI;40;531,2
26FAV02112;PF200161001801;PFI 62304-2RS D17 C3;06/08/2026;05/10/2026;Transit;China;Oct;2026;PFI;40;47,2
26FAV02112;PF210110001801;P35BVV07X;06/08/2026;05/10/2026;Transit;China;Oct;2026;PFI;40;174,4
26FAV02112;PF640080001801;PFI UC209-28-3L;06/08/2026;05/10/2026;Transit;China;Oct;2026;PFI;40;151,2
26FAV02111 ;PF100098001801;PFI 33216;06/08/2026;05/10/2026;Transit;China;Oct;2026;PFI;35;357,35
26FAV02111 ;PF100016001801;PFI 30217;06/08/2026;05/10/2026;Transit;China;Oct;2026;PFI;32;232,32
26FAV02111 ;PF100063001801;PFI 32312;06/08/2026;05/10/2026;Transit;China;Oct;2026;PFI;30;297,9
26FAV02111 ;PF100081001801;PFI 33112;06/08/2026;05/10/2026;Transit;China;Oct;2026;PFI;30;148,8
26FAV02112;PF100030001801;PFI 30310;06/08/2026;05/10/2026;Transit;China;Oct;2026;PFI;30;130,8
26FAV02112;PF100042001801;PFI 32209;06/08/2026;05/10/2026;Transit;China;Oct;2026;PFI;30;83,4
26FAV02112;PF100139001801;PFI 28580/21;06/08/2026;05/10/2026;Transit;China;Oct;2026;PFI;30;126,6
26FAV02112;PF100164001801;PFI 32014X;06/08/2026;05/10/2026;Transit;China;Oct;2026;PFI;30;121,5
26FAV02112;PF100217001801;PFI HM807046/10;06/08/2026;05/10/2026;Transit;China;Oct;2026;PFI;30;229,2
26FAV02112;PF200145001801;PFI 6212-2RS C3;06/08/2026;05/10/2026;Transit;China;Oct;2026;PFI;30;126
26FAV02111 ;PF100015001801;PFI 30216;06/08/2026;05/10/2026;Transit;China;Oct;2026;PFI;28;200,48
26FAV02111 ;PF100012001801;PFI 30213;06/08/2026;05/10/2026;Transit;China;Oct;2026;PFI;24;111,36
26FAV02111 ;PF100085001801;PFI 33116;06/08/2026;05/10/2026;Transit;China;Oct;2026;PFI;24;178,32
26FAV02112;PF100094001801;PFI 33211;06/08/2026;05/10/2026;Transit;China;Oct;2026;PFI;24;125,76
26FAV02112;PF100167001801;PFI 32017X;06/08/2026;05/10/2026;Transit;China;Oct;2026;PFI;24;124,08
26FAV02111 ;PF100037001801;PFI 32204;06/08/2026;05/10/2026;Transit;China;Oct;2026;PFI;20;22,4
26FAV02112;PF100078001801;PFI 33109;06/08/2026;05/10/2026;Transit;China;Oct;2026;PFI;20;63,2
26FAV02112;PF100221001801;PFI HM89249/10;06/08/2026;05/10/2026;Transit;China;Oct;2026;PFI;20;80,4
26FAV02112;PF200036001801;PFI 5305-2RS C3;06/08/2026;05/10/2026;Transit;China;Oct;2026;PFI;20;67,4
26FAV02112;PF200178001801;PFI 63/32-2RS NR C3;06/08/2026;05/10/2026;Transit;China;Oct;2026;PFI;20;54
26FAV02112;PF200211001801;PFI 6308-ZZ C3;06/08/2026;05/10/2026;Transit;China;Oct;2026;PFI;20;50,8
26FAV02112;PF200234001801;PFI 689-2RS C3;06/08/2026;05/10/2026;Transit;China;Oct;2026;PFI;20;6
26FAV02112;PF100166001801;PFI 32016X;06/08/2026;05/10/2026;Transit;China;Oct;2026;PFI;18;106,38
26FAV02111 ;PF100032001801;PFI 30313;06/08/2026;05/10/2026;Transit;China;Oct;2026;PFI;12;104,64
26FAV02111 ;PF100065001801;PFI 32314;06/08/2026;05/10/2026;Transit;China;Oct;2026;PFI;12;165,96
26FAV02112;PF100033001801;PFI 30314;06/08/2026;05/10/2026;Transit;China;Oct;2026;PFI;12;100,8
26FAV02112;PF100226001801;PFI JF7049A/10;06/08/2026;05/10/2026;Transit;China;Oct;2026;PFI;12;143,64
26FAV02112;PF640085001801;PFI UC214-3L;06/08/2026;05/10/2026;Transit;China;Oct;2026;PFI;12;126,48
26FAV02111 ;PF100092001801;PFI 33209;06/08/2026;05/10/2026;Transit;China;Oct;2026;PFI;10;33,9
26FAV02112;PF100092001801;PFI 33209;06/08/2026;05/10/2026;Transit;China;Oct;2026;PFI;10;33,9
26FAV02112;PF100200001801;PFI 55200C/437;06/08/2026;05/10/2026;Transit;China;Oct;2026;PFI;10;67,8
26FAV02112;PF100214001801;PFI HM803146/10;06/08/2026;05/10/2026;Transit;China;Oct;2026;PFI;10;45,1
26FAV02112;PF100216001801;PFI HM807040/10;06/08/2026;05/10/2026;Transit;China;Oct;2026;PFI;10;69,8
26FAV02112;PF100269001801;PFI U399A/U365L;06/08/2026;05/10/2026;Transit;China;Oct;2026;PFI;10;61,8
26FAV02112;PF120043001801;PW45800055CSHD;06/08/2026;05/10/2026;Transit;China;Oct;2026;PFI;10;91,6
26FAV02111 ;PF100033001801;PFI 30314;06/08/2026;05/10/2026;Transit;China;Oct;2026;PFI;8;67,2
26FAV02112;PF100015001801;PFI 30216;06/08/2026;05/10/2026;Transit;China;Oct;2026;PFI;8;57,28
26FAV02112;PF100016001801;PFI 30217;06/08/2026;05/10/2026;Transit;China;Oct;2026;PFI;8;58,08
26FAV02112;PF100019001801;PFI 30220;06/08/2026;05/10/2026;Transit;China;Oct;2026;PFI;8;160,72
26FAV02112;PF100029001801;PFI 30309;06/08/2026;05/10/2026;Transit;China;Oct;2026;PFI;8;29,28
26FAV02112;PF100168001801;PFI 32018X;06/08/2026;05/10/2026;Transit;China;Oct;2026;PFI;8;54,24
26FAV02111 ;PF100019001801;PFI 30220;06/08/2026;05/10/2026;Transit;China;Oct;2026;PFI;7;140,63
26FAV02111 ;PF100034001801;PFI 30315;06/08/2026;05/10/2026;Transit;China;Oct;2026;PFI;6;71,64
26FAV02112;PF100084001801;PFI 33115;06/08/2026;05/10/2026;Transit;China;Oct;2026;PFI;6;42,66
26FAV02112;PF100365001801;PFI 33214;06/08/2026;05/10/2026;Transit;China;Oct;2026;PFI;6;48,96
26FAV02112;PF100087001801;PFI 33118;06/08/2026;05/10/2026;Transit;China;Oct;2026;PFI;5;62,05
26FAV02111 ;PF100099001801;PFI 33220;06/08/2026;05/10/2026;Transit;China;Oct;2026;PFI;4;119,08
26FAV02111 ;PF100102001801;PFI JM720249/10;06/08/2026;05/10/2026;Transit;China;Oct;2026;PFI;1;17,36
26WSNA02106;14015514001113;AAS NKE_6326-C3;03/09/2026;09/10/2026;Transit;USA;Oct;2026;NKE;150;7750
26FAV02956 ;19011411001001;AAS F 19005;19/09/2026;13/10/2026;Transit;Spain;Oct;2026;FERSA;586;2332,28
26FAV02955 ;10111103001001;CEM F 15150 A;19/09/2026;13/10/2026;Transit;Spain;Oct;2026;FERSA;420;2163
26FAV02955 ;10111104001001;CEM F 15249;19/09/2026;13/10/2026;Transit;Spain;Oct;2026;FERSA;396;2364,12
26FAV02955 ;10010473001001;AAS 30207 F;19/09/2026;13/10/2026;Transit;Spain;Oct;2026;FERSA;367;1038,61
26FAV02955 ;12011609001023;AAS F 200004;19/09/2026;13/10/2026;Transit;Spain;Oct;2026;FERSA;350;17202,5
26FAV02955 ;14010958111001;AAS 6217/80 C3;19/09/2026;13/10/2026;Transit;Spain;Oct;2026;FERSA;319;4025,78
26FAV02955 ;10010796001001;AAS HM 218248/10;19/09/2026;13/10/2026;Transit;Spain;Oct;2026;FERSA;280;4132,8
26FAV02955 ;PF220028001801;PC35550020CSR1;19/09/2026;13/10/2026;Transit;Spain;Oct;2026;PFI;200;402
26FAV02955 ;10010114001001;AAS 580/572;19/09/2026;13/10/2026;Transit;Spain;Oct;2026;FERSA;167;2222,77
26FAV02955 ;66010063101099;KRBC F 200032;19/09/2026;13/10/2026;Transit;Spain;Oct;2026;FERSA;153;4293,18
26FAV02955 ;10110258001001;CEM F 15084;19/09/2026;13/10/2026;Transit;Spain;Oct;2026;FERSA;151;462,06
26FAV02955 ;10010728001001;AAS 65237/65500;19/09/2026;13/10/2026;Transit;Spain;Oct;2026;FERSA;141;2697,33
26FAV02955 ;19012854001001;AAS F 19097;19/09/2026;13/10/2026;Transit;Spain;Oct;2026;FERSA;124;1455,76
26FAV02955 ;19011417001001;AAS F 19012;19/09/2026;13/10/2026;Transit;Spain;Oct;2026;FERSA;108;816,48
26FAV02955 ;25110025001001;FTRK G85-6 OB V1;19/09/2026;13/10/2026;Transit;Spain;Oct;2026;FERSA;103;7824,91
26FAV02955 ;10110275001001;CEM F 15110;19/09/2026;13/10/2026;Transit;Spain;Oct;2026;FERSA;102;481,44
26FAV02955 ;10026867001003;AAS F 15548;19/09/2026;13/10/2026;Transit;Spain;Oct;2026;FERSA;102;528,36
26FAV02955 ;19011418001001;AAS F 19013;19/09/2026;13/10/2026;Transit;Spain;Oct;2026;FERSA;101;662,56
26FAV02955 ;10010059001001;AAS 395 A/394 A;19/09/2026;13/10/2026;Transit;Spain;Oct;2026;FERSA;86;423,98
26FAV02955 ;10010215001001;AAS JF 6049/10;19/09/2026;13/10/2026;Transit;Spain;Oct;2026;FERSA;86;898,7
26FAV02955 ;10012285001001;AAS F 15258;19/09/2026;13/10/2026;Transit;Spain;Oct;2026;FERSA;86;853,12
26FAV02955 ;12012759001023;AAS F 200032;19/09/2026;13/10/2026;Transit;Spain;Oct;2026;FERSA;81;6271,02
26FAV02955 ;10010547001001;AAS 32014 XF;19/09/2026;13/10/2026;Transit;Spain;Oct;2026;FERSA;77;667,59
26FAV02955 ;10010866001001;AAS HM 813843/10;19/09/2026;13/10/2026;Transit;Spain;Oct;2026;FERSA;76;1096,68
26FAV02955 ;14010972121001;AAS 6311 2RS/C3;19/09/2026;13/10/2026;Transit;Spain;Oct;2026;FERSA;70;443,8
26FAV02955 ;11011580001023;AAS F 15100;19/09/2026;13/10/2026;Transit;Spain;Oct;2026;FERSA;69;3274,74
26FAV02955 ;10012844001001;AAS F 15346;19/09/2026;13/10/2026;Transit;Spain;Oct;2026;FERSA;69;660,33
26FAV02955 ;10012846001001;AAS F 15348;19/09/2026;13/10/2026;Transit;Spain;Oct;2026;FERSA;68;601,8
26FAV02955 ;10010624001001;AAS 33020 F;19/09/2026;13/10/2026;Transit;Spain;Oct;2026;FERSA;65;759,85
26FAV02955 ;19011408001001;AAS F 19002;19/09/2026;13/10/2026;Transit;Spain;Oct;2026;FERSA;64;686,72
26FAV02955 ;10011947001190;AAS F 15203;19/09/2026;13/10/2026;Transit;Spain;Oct;2026;FERSA;62;703,08
26FAV02955 ;10010419001001;AAS 25580/25520;19/09/2026;13/10/2026;Transit;Spain;Oct;2026;FERSA;61;288,53
26FAV02955 ;10110393001001;CEM 31594;19/09/2026;13/10/2026;Transit;Spain;Oct;2026;FERSA;60;316,2
26FAV02955 ;19011480001190;AAS NJ 306 FM;19/09/2026;13/10/2026;Transit;Spain;Oct;2026;FERSA;57;160,74
26FAV02955 ;19012161001001;AAS F 19081;19/09/2026;13/10/2026;Transit;Spain;Oct;2026;FERSA;50;581,5
26FAV02955 ;23012335001001;AAS F 17044 K;19/09/2026;13/10/2026;Transit;Spain;Oct;2026;FERSA;47;86,01
26FAV02955 ;10012338001001;AAS F 15273;19/09/2026;13/10/2026;Transit;Spain;Oct;2026;FERSA;46;699,66
26FAV02955 ;12012095001023;AAS F 200015;19/09/2026;13/10/2026;Transit;Spain;Oct;2026;FERSA;46;2110,02
26FAV02955 ;14011027101001;AAS 62306 2RS/C3;19/09/2026;13/10/2026;Transit;Spain;Oct;2026;FERSA;45;144,9
26FAV02955 ;10011723001001;AAS 45285 A/45220;19/09/2026;13/10/2026;Transit;Spain;Oct;2026;FERSA;45;384,3
26FAV02955 ;19012532001001;AAS F 19008;19/09/2026;13/10/2026;Transit;Spain;Oct;2026;FERSA;45;1127,7
26FAV02955 ;10110502001001;CEM 33113 F;19/09/2026;13/10/2026;Transit;Spain;Oct;2026;FERSA;43;283,8
26FAV02956 ;10010556001001;AAS 32024 XF;19/09/2026;13/10/2026;Transit;Spain;Oct;2026;FERSA;42;672
26FAV02955 ;10010250001001;AAS JF 10049/10;19/09/2026;13/10/2026;Transit;Spain;Oct;2026;FERSA;40;850,4
26FAV02955 ;10010208001001;AAS JW 4549/10;19/09/2026;13/10/2026;Transit;Spain;Oct;2026;FERSA;40;265,6
26FAV02955 ;10010686001001;AAS 39581/39520;19/09/2026;13/10/2026;Transit;Spain;Oct;2026;FERSA;39;351
26FAV02955 ;19011802001001;AAS F 19075;19/09/2026;13/10/2026;Transit;Spain;Oct;2026;FERSA;37;224,22
26FAV02956 ;25110025001001;FTRK G85-6 OB V1;19/09/2026;13/10/2026;Transit;Spain;Oct;2026;FERSA;37;2810,89
26FAV02955 ;10010366001001;AAS F 15116;19/09/2026;13/10/2026;Transit;Spain;Oct;2026;FERSA;34;659,26
26FAV02955 ;11011721001001;AAS F 15121;19/09/2026;13/10/2026;Transit;Spain;Oct;2026;FERSA;33;510,18
26FAV02955 ;10010806001001;AAS LM 501349/14;19/09/2026;13/10/2026;Transit;Spain;Oct;2026;FERSA;32;1338,56
26FAV02955 ;10010693001001;AAS 42381/42584;19/09/2026;13/10/2026;Transit;Spain;Oct;2026;FERSA;32;605,44
26FAV02955 ;10011874001001;AAS F 15191;19/09/2026;13/10/2026;Transit;Spain;Oct;2026;FERSA;32;520
26FAV02955 ;10011756001001;AAS F 15161;19/09/2026;13/10/2026;Transit;Spain;Oct;2026;FERSA;31;298,53
26FAV02955 ;10012408001001;AAS F 15280;19/09/2026;13/10/2026;Transit;Spain;Oct;2026;FERSA;30;307,5
26FAV02955 ;10010446001001;AAS 28580/28521;19/09/2026;13/10/2026;Transit;Spain;Oct;2026;FERSA;29;175,74
26FAV02955 ;14010954191001;AAS 6213 2RS NR/C3;19/09/2026;13/10/2026;Transit;Spain;Oct;2026;FERSA;29;296,67
26FAV02955 ;19011461001001;AAS NU 208 FMN/C3;19/09/2026;13/10/2026;Transit;Spain;Oct;2026;FERSA;28;196,56
26FAV02955 ;66010097001001;KRBC F 200023;19/09/2026;13/10/2026;Transit;Spain;Oct;2026;FERSA;26;377,78
30228485;14514125001124;AAS NKE_3203-B-2Z-TV-MRO;19/09/2026;13/10/2026;Transit;Austria;Oct;2026;NKE;26;87,62
26FAV02955 ;11012014001001;AAS F 15218;19/09/2026;13/10/2026;Transit;Spain;Oct;2026;FERSA;25;303
26FAV02955 ;10010452001001;AAS 28985/28921;19/09/2026;13/10/2026;Transit;Spain;Oct;2026;FERSA;24;96,48
26FAV02955 ;14010957141190;AAS 6216 C4;19/09/2026;13/10/2026;Transit;Spain;Oct;2026;FERSA;23;114,08
26FAV02955 ;12022880001023;AAS F 200037;19/09/2026;13/10/2026;Transit;Spain;Oct;2026;FERSA;23;2065,63
26FAV02955 ;19011442001001;AAS F 19043;19/09/2026;13/10/2026;Transit;Spain;Oct;2026;FERSA;23;132,48
26FAV02955 ;23012336001001;AAS F 17045 K;19/09/2026;13/10/2026;Transit;Spain;Oct;2026;FERSA;22;50,16
26FAV02955 ;AS600014001501;GE30 DO;19/09/2026;13/10/2026;Transit;Spain;Oct;2026;A&S;22;20,68
26FAV02955 ;19011629001001;AAS F 19068;19/09/2026;13/10/2026;Transit;Spain;Oct;2026;FERSA;21;101,64
26FAV02955 ;23012843001001;AAS F 17105 K;19/09/2026;13/10/2026;Transit;Spain;Oct;2026;FERSA;20;94
26FAV02955 ;10111233001001;CEM F 15333;19/09/2026;13/10/2026;Transit;Spain;Oct;2026;FERSA;20;123,2
26FAV02955 ;14012793001001;AAS F 18060;19/09/2026;13/10/2026;Transit;Spain;Oct;2026;FERSA;20;259
30228485;19017429001296;AAS NKE_NJ210-E-TVP3-C3;19/09/2026;13/10/2026;Transit;Austria;Oct;2026;NKE;20;602
26FAV02955 ;10010206001001;AAS JF 4549/JF 4510;19/09/2026;13/10/2026;Transit;Spain;Oct;2026;FERSA;19;201,4
26FAV02955 ;10016416001023;AAS F 15370;19/09/2026;13/10/2026;Transit;Spain;Oct;2026;FERSA;19;1256,47
26FAV02955 ;10010550001001;AAS 32017 XF;19/09/2026;13/10/2026;Transit;Spain;Oct;2026;FERSA;18;216,72
26FAV02955 ;10010881001001;AAS HM 911245/10;19/09/2026;13/10/2026;Transit;Spain;Oct;2026;FERSA;18;279,54
26FAV02955 ;19011800001001;AAS F 19076;19/09/2026;13/10/2026;Transit;Spain;Oct;2026;FERSA;17;170,68
26FAV02956 ;10010452001001;AAS 28985/28921;19/09/2026;13/10/2026;Transit;Spain;Oct;2026;FERSA;17;68,34
26FAV02955 ;10010073001001;AAS 482/472;19/09/2026;13/10/2026;Transit;Spain;Oct;2026;FERSA;16;117,12
26FAV02955 ;10010505001001;AAS 30311 F;19/09/2026;13/10/2026;Transit;Spain;Oct;2026;FERSA;16;136
26FAV02955 ;10012797001001;AAS F 15332;19/09/2026;13/10/2026;Transit;Spain;Oct;2026;FERSA;16;249,92
26FAV02955 ;19011497001001;AAS NUP 309 FM;19/09/2026;13/10/2026;Transit;Spain;Oct;2026;FERSA;16;164,48
30228485;14516639001113;AAS NKE_7309-BECB-J;19/09/2026;13/10/2026;Transit;Austria;Oct;2026;NKE;16;254,72
26FAV02955 ;14011397001190;AAS F 18019;19/09/2026;13/10/2026;Transit;Spain;Oct;2026;FERSA;15;57
26FAV02955 ;25110055001001;FTRK 510A OB;19/09/2026;13/10/2026;Transit;Spain;Oct;2026;FERSA;14;2550,8
26FAV02955 ;10010662001001;AAS 33275/33462;19/09/2026;13/10/2026;Transit;Spain;Oct;2026;FERSA;12;133,2
26FAV02955 ;14010967111190;AAS 63/32 NR/C3;19/09/2026;13/10/2026;Transit;Spain;Oct;2026;FERSA;12;45,96
26FAV02955 ;13522495001108;AAS F 400041;19/09/2026;13/10/2026;Transit;Spain;Oct;2026;FERSA;12;1247,04
26FAV02955 ;14012657001001;AAS 16017/90 C3+SPAC;19/09/2026;13/10/2026;Transit;Spain;Oct;2026;FERSA;12;120,84
30228485;28020411001113;AAS NKE_22315-E-K-C3-W33;19/09/2026;13/10/2026;Transit;Austria;Oct;2026;NKE;12;550,8
26FAV02955 ;10010694001001;AAS 42688/42620;19/09/2026;13/10/2026;Transit;Spain;Oct;2026;FERSA;11;122,43
26FAV02955 ;10020807001003;AAS F 15367;19/09/2026;13/10/2026;Transit;Spain;Oct;2026;FERSA;11;301,18
30228485;10015749001113;AAS NKE_33110;19/09/2026;13/10/2026;Transit;Austria;Oct;2026;NKE;11;105,05
26FAV02955 ;12022080001023;AAS F 200035;19/09/2026;13/10/2026;Transit;Spain;Oct;2026;FERSA;10;630
26FAV02955 ;19011436001001;AAS F 19034;19/09/2026;13/10/2026;Transit;Spain;Oct;2026;FERSA;10;81,2
26FAV02955 ;AS200435001501;6404 2Z/C3;19/09/2026;13/10/2026;Transit;Spain;Oct;2026;A&S;10;38,8
26FAV02955 ;19011791001001;AAS NUP 310 FNR/C3;19/09/2026;13/10/2026;Transit;Spain;Oct;2026;FERSA;10;105,5
26FAV02956 ;10010662001001;AAS 33275/33462;19/09/2026;13/10/2026;Transit;Spain;Oct;2026;FERSA;10;111
26FAV02956 ;13522495001108;AAS F 400041;19/09/2026;13/10/2026;Transit;Spain;Oct;2026;FERSA;10;1039,2
30228485;19017932001296;AAS NKE_NJ2216-E-TVP3-C3;19/09/2026;13/10/2026;Transit;Austria;Oct;2026;NKE;10;368,3
26FAV02955 ;10010072001190;AAS 469/453 X;19/09/2026;13/10/2026;Transit;Spain;Oct;2026;FERSA;9;54,99
26FAV02955 ;10010522001001;AAS 31315 F;19/09/2026;13/10/2026;Transit;Spain;Oct;2026;FERSA;9;209,61
26FAV02955 ;10010677001001;AAS 34306/34478;19/09/2026;13/10/2026;Transit;Spain;Oct;2026;FERSA;9;63,72
26FAV02955 ;10010822001190;AAS LM 603049/14;19/09/2026;13/10/2026;Transit;Spain;Oct;2026;FERSA;8;19,52
26FAV02956 ;10010857001001;AAS HM 807046/10 BT;19/09/2026;13/10/2026;Transit;Spain;Oct;2026;FERSA;8;95,84
30228485;19017763001296;AAS NKE_NJ214-E-TVP3-C3;19/09/2026;13/10/2026;Transit;Austria;Oct;2026;NKE;8;252,32
30228485;23021379001124;AAS NKE_NK9/12-TVP-MRO;19/09/2026;13/10/2026;Transit;Austria;Oct;2026;NKE;8;5,6
26FAV02955 ;13522127001108;AAS F 400021 ABS;19/09/2026;13/10/2026;Transit;Spain;Oct;2026;FERSA;7;1401,26
26FAV02955 ;16525612011001;CLAC P 002;19/09/2026;13/10/2026;Transit;Spain;Oct;2026;FERSA;7;760,9
26FAV02955 ;19011419001001;AAS F 19014;19/09/2026;13/10/2026;Transit;Spain;Oct;2026;FERSA;7;58,52
26FAV02955 ;PF230175001801;PW37740437CSM;19/09/2026;13/10/2026;Transit;Spain;Oct;2026;PFI;7;32,62
26FAV02955 ;10010315001001;AAS F 15046;19/09/2026;13/10/2026;Transit;Spain;Oct;2026;FERSA;7;118,65
26FAV02955 ;13012048001023;AAS F 300005;19/09/2026;13/10/2026;Transit;Spain;Oct;2026;FERSA;7;654,43
26FAV02956 ;10010414001001;AAS 25577/25523;19/09/2026;13/10/2026;Transit;Spain;Oct;2026;FERSA;7;33,6
26FAV02956 ;10010320001003;AAS F 15051 C;19/09/2026;13/10/2026;Transit;Spain;Oct;2026;FERSA;6;125,82
26FAV02956 ;13512758001108;AAS F 400008;19/09/2026;13/10/2026;Transit;Spain;Oct;2026;FERSA;6;1504,14
30228485;14014877001113;AAS NKE_61826-2RSR;19/09/2026;13/10/2026;Transit;Austria;Oct;2026;NKE;6;167,7
26FAV02955 ;19011412001001;AAS F 19006;19/09/2026;13/10/2026;Transit;Spain;Oct;2026;FERSA;5;53,6
26FAV02955 ;19012865001001;AAS F 19100;19/09/2026;13/10/2026;Transit;Spain;Oct;2026;FERSA;5;49,05
26FAV02955 ;25110384001001;FDRK MAN HY1350 OB;19/09/2026;13/10/2026;Transit;Spain;Oct;2026;FERSA;5;543,9
26FAV02955 ;10010125001001;AAS 598 A/592 A;19/09/2026;13/10/2026;Transit;Spain;Oct;2026;FERSA;4;69,04
26FAV02956 ;10012209001001;AAS JLM 704649/10;19/09/2026;13/10/2026;Transit;Spain;Oct;2026;FERSA;4;24,2
30228485;14516766001113;AAS NKE_QJ220-N2-MPA;19/09/2026;13/10/2026;Transit;Austria;Oct;2026;NKE;4;356,32
26FAV02955 ;10010320001003;AAS F 15051 C;19/09/2026;13/10/2026;Transit;Spain;Oct;2026;FERSA;3;62,91
26FAV02955 ;11012230001023;AAS F 15125;19/09/2026;13/10/2026;Transit;Spain;Oct;2026;FERSA;3;189,15
26FAV02955 ;10016392001003;AAS F 15366;19/09/2026;13/10/2026;Transit;Spain;Oct;2026;FERSA;3;64,2
26FAV02955 ;25110137001001;FDRK HL6 OB;19/09/2026;13/10/2026;Transit;Spain;Oct;2026;FERSA;3;331,65
26FAV02955 ;10010081001001;AAS 495/493;19/09/2026;13/10/2026;Transit;Spain;Oct;2026;FERSA;2;23,34
26FAV02955 ;10010833001003;AAS H 715343/11;19/09/2026;13/10/2026;Transit;Spain;Oct;2026;FERSA;2;47,52
26FAV02955 ;13522510001108;AAS F 400042;19/09/2026;13/10/2026;Transit;Spain;Oct;2026;FERSA;2;308,36
26FAV02955 ;19011435001001;AAS F 19033;19/09/2026;13/10/2026;Transit;Spain;Oct;2026;FERSA;2;18,72
26FAV02955 ;25110117001001;FDRK RBP835 OB;19/09/2026;13/10/2026;Transit;Spain;Oct;2026;FERSA;2;228,26
26FAV02955 ;10010196001001;AAS 3984/3920;19/09/2026;13/10/2026;Transit;Spain;Oct;2026;FERSA;2;20,6
26FAV02955 ;10010671001001;AAS 33891/33821;19/09/2026;13/10/2026;Transit;Spain;Oct;2026;FERSA;2;12,76
26FAV02955 ;10011594001001;AAS 28580/28527 RB;19/09/2026;13/10/2026;Transit;Spain;Oct;2026;FERSA;2;14,82
26FAV02956 ;10010833001003;AAS H 715343/11;19/09/2026;13/10/2026;Transit;Spain;Oct;2026;FERSA;2;47,52
26FAV02956 ;62010190001001;KRRE-177;19/09/2026;13/10/2026;Transit;Spain;Oct;2026;FERSA;2;17,76
26FAV02956 ;10010438001001;AAS 26882/26822;19/09/2026;13/10/2026;Transit;Spain;Oct;2026;FERSA;2;7,7
30228485;14516493001113;AAS NKE_7203-BE-TVP;19/09/2026;13/10/2026;Transit;Austria;Oct;2026;NKE;2;7
26FAV02955 ;19022304001001;AAS F 19141;19/09/2026;13/10/2026;Transit;Spain;Oct;2026;FERSA;1;5,14
26FAV02955 ;25110011001001;FDRK EV91 OB;19/09/2026;13/10/2026;Transit;Spain;Oct;2026;FERSA;1;99,58
26FAV02955 ;25110116001001;FDRK RP835 OB;19/09/2026;13/10/2026;Transit;Spain;Oct;2026;FERSA;1;99,21
26FAV02955 ;10010534001001;AAS 320/32 XR;19/09/2026;13/10/2026;Transit;Spain;Oct;2026;FERSA;1;2,96
26FAV02955 ;10012845001001;AAS F 15347;19/09/2026;13/10/2026;Transit;Spain;Oct;2026;FERSA;1;6,31
26FAV02955 ;13512749001108;AAS F 400009;19/09/2026;13/10/2026;Transit;Spain;Oct;2026;FERSA;1;259,68
26FAV02956 ;10012761001023;AAS F 15321;19/09/2026;13/10/2026;Transit;Spain;Oct;2026;FERSA;1;128,79
26FAV02956 ;13521968001108;AAS F 400034;19/09/2026;13/10/2026;Transit;Spain;Oct;2026;FERSA;1;152,67
30228485;15122277001124;AAS NKE_1211-C3-MRO;19/09/2026;13/10/2026;Transit;Austria;Oct;2026;NKE;1;4,73
30228485;19013885111124;AAS NKE_NU209-E-TVP3-MRO;19/09/2026;13/10/2026;Transit;Austria;Oct;2026;NKE;1;7,19
26FAV02955-1;-;Prototipo F 400021;19/09/2026;13/10/2026;Transit;Spain;Oct;2026;FERSA;1;0,1
26SIFJXN0001775;14015070001113;AAS NKE_6205-2RS2-C3;24/08/2026;14/10/2026;Transit;China;Oct;2026;NKE;3653;2191,8
26SIFJXN0001775;14015030001113;AAS NKE_6202-2RS2-C3;24/08/2026;14/10/2026;Transit;China;Oct;2026;NKE;3613;1661,98
26SIFJXN0001775;10012779001001;AAS F 15326;24/08/2026;14/10/2026;Transit;China;Oct;2026;FERSA;1644;17245,56
26SIFJXN0001776;14011026101001;AAS 62305 2RS/C3;24/08/2026;14/10/2026;Transit;China;Oct;2026;FERSA;1056;1689,6
26SIFJXN0001775;14014714001113;AAS NKE_608-2RSR-C3;24/08/2026;14/10/2026;Transit;China;Oct;2026;NKE;1000;410
26SIFJXN0001776;18011516001001;AAS QJ 309 FM;24/08/2026;14/10/2026;Transit;China;Oct;2026;FERSA;748;6941,44
26SIFJXN0001775;14014910001124;AAS NKE_61902-2RSR-MRO;24/08/2026;14/10/2026;Transit;China;Oct;2026;NKE;738;339,48
26SIFJXN0001775;14015028001113;AAS NKE_6202-2RS2;24/08/2026;14/10/2026;Transit;China;Oct;2026;NKE;655;203,05
26SIFJXN0001776;14010966131001;AAS 6306 2RS/C3;24/08/2026;14/10/2026;Transit;China;Oct;2026;FERSA;589;842,27
26SIFJXN0001775;14010924131001;AAS 6004 2RS/C3;24/08/2026;14/10/2026;Transit;China;Oct;2026;FERSA;575;293,25
26SIFJXN0001775;10010882001001;AAS H 913842/10;24/08/2026;14/10/2026;Transit;China;Oct;2026;FERSA;546;7900,62
26SIFJXN0001775;10010785001001;AAS JM 205149/10;24/08/2026;14/10/2026;Transit;China;Oct;2026;FERSA;517;2026,64
26SIFJXN0001776;14010966211001;AAS 6306/25 2RS/C3;24/08/2026;14/10/2026;Transit;China;Oct;2026;FERSA;435;1200,6
26SIFJXN0001775;10010501001001;AAS 30308 F;24/08/2026;14/10/2026;Transit;China;Oct;2026;FERSA;423;1387,44
26SIFJXN0001775;14015383001113;AAS NKE_6305-2RS2-C3;24/08/2026;14/10/2026;Transit;China;Oct;2026;NKE;351;294,84
26SIFJXN0001776;10010635001001;AAS 33113 F;24/08/2026;14/10/2026;Transit;China;Oct;2026;FERSA;351;1498,77
26SIFJXN0001776;14015316111124;AAS NKE_627-2Z-MRO;24/08/2026;14/10/2026;Transit;China;Oct;2026;NKE;338;91,26
26SIFJXN0001776;10010559001001;AAS 32205 BF;24/08/2026;14/10/2026;Transit;China;Oct;2026;FERSA;335;619,75
26SIFJXN0001775;14015096001113;AAS NKE_6206-2Z-C3;24/08/2026;14/10/2026;Transit;China;Oct;2026;NKE;333;356,31
26SIFJXN0001776;10011524001001;AAS F 15119;24/08/2026;14/10/2026;Transit;China;Oct;2026;FERSA;288;3352,32
26SIFJXN0001776;14010944121001;AAS 6204 2RS/C3;24/08/2026;14/10/2026;Transit;China;Oct;2026;FERSA;284;159,04
26SIFJXN0001775;14015144001113;AAS NKE_6211-2RS2-C3;24/08/2026;14/10/2026;Transit;China;Oct;2026;NKE;271;639,56
26SIFJXN0001776;10010621001001;AAS 33017 F;24/08/2026;14/10/2026;Transit;China;Oct;2026;FERSA;265;2061,7
26SIFJXN0001776;10010597001001;AAS 32310 F;24/08/2026;14/10/2026;Transit;China;Oct;2026;FERSA;249;1486,53
26SIFJXN0001775;10010566001001;AAS 32210 F;24/08/2026;14/10/2026;Transit;China;Oct;2026;FERSA;204;548,76
26SIFJXN0001775;14316349001113;AAS NKE_GYE50-KRRB;24/08/2026;14/10/2026;Transit;China;Oct;2026;NKE;200;696
26SIFJXN0001776;14010972111001;AAS 6311 2RS;24/08/2026;14/10/2026;Transit;China;Oct;2026;FERSA;197;1241,1
26SIFJXN0001775;10010655001001;AAS 33215 F;24/08/2026;14/10/2026;Transit;China;Oct;2026;FERSA;184;1190,48
26SIFJXN0001776;23012304001001;AAS F 17035 K;24/08/2026;14/10/2026;Transit;China;Oct;2026;FERSA;167;970,27
26SIFJXN0001776;19011435001001;AAS F 19033;24/08/2026;14/10/2026;Transit;China;Oct;2026;FERSA;160;908,8
26SIFJXN0001775;23021407001124;AAS NKE_NK25/20-MRO;24/08/2026;14/10/2026;Transit;China;Oct;2026;NKE;155;150,35
26SIFJXN0001775;10010487001001;AAS 30217 F;24/08/2026;14/10/2026;Transit;China;Oct;2026;FERSA;142;1089,14
26SIFJXN0001776;14010964111001;AAS 6304 2RS;24/08/2026;14/10/2026;Transit;China;Oct;2026;FERSA;127;100,33
26SIFJXN0001775;10010654001001;AAS 33214 F;24/08/2026;14/10/2026;Transit;China;Oct;2026;FERSA;122;838,14
26SIFJXN0001775;10010374001001;AAS 15103 S/15243;24/08/2026;14/10/2026;Transit;China;Oct;2026;FERSA;120;216
26SIFJXN0001776;14010956131001;AAS 6215 NR/C3;24/08/2026;14/10/2026;Transit;China;Oct;2026;FERSA;119;606,9
26SIFJXN0001775;14014495001113;AAS NKE_6003-2RS2-C3;24/08/2026;14/10/2026;Transit;China;Oct;2026;NKE;118;51,92
26SIFJXN0001775;10010476001001;AAS 30208 F;24/08/2026;14/10/2026;Transit;China;Oct;2026;FERSA;117;249,21
26SIFJXN0001776;10010317001001;AAS F 15048;24/08/2026;14/10/2026;Transit;China;Oct;2026;FERSA;112;2903,04
26SIFJXN0001776;10010656001001;AAS 33216 F;24/08/2026;14/10/2026;Transit;China;Oct;2026;FERSA;109;1299,28
26SIFJXN0001776;14010973131001;AAS 6312 C3;24/08/2026;14/10/2026;Transit;China;Oct;2026;FERSA;106;852,24
26SIFJXN0001775;14010922121001;AAS 6002 2RS/C3;24/08/2026;14/10/2026;Transit;China;Oct;2026;FERSA;105;33,6
26SIFJXN0001775;14014489001113;AAS NKE_6002-2Z-C3;24/08/2026;14/10/2026;Transit;China;Oct;2026;NKE;100;46
26SIFJXN0001775;14014921001124;AAS NKE_61904-2RSR-MRO;24/08/2026;14/10/2026;Transit;China;Oct;2026;NKE;100;61
26SIFJXN0001776;14014451001124;AAS NKE_4308-B-TV-MRO;24/08/2026;14/10/2026;Transit;China;Oct;2026;NKE;95;716,3
26SIFJXN0001775;19011432001190;AAS F 19030;24/08/2026;14/10/2026;Transit;China;Oct;2026;FERSA;94;193,64
26SIFJXN0001775;14021996001113;AAS NKE_6300-2Z-C3;24/08/2026;14/10/2026;Transit;China;Oct;2026;NKE;90;41,4
26SIFJXN0001776;14014436111124;AAS NKE_4206-B-TV-MRO;24/08/2026;14/10/2026;Transit;China;Oct;2026;NKE;89;186,9
26SIFJXN0001776;14516545001124;AAS NKE_3304-B-2RS-TV-C3-MRO;24/08/2026;14/10/2026;Transit;China;Oct;2026;NKE;87;238,38
26SIFJXN0001775;14015128001113;AAS NKE_6209-2RS2-C3;24/08/2026;14/10/2026;Transit;China;Oct;2026;NKE;84;135,24
26SIFJXN0001776;23012461001001;AAS F 17077 K;24/08/2026;14/10/2026;Transit;China;Oct;2026;FERSA;82;246,82
26SIFJXN0001775;10015703001113;AAS NKE_30209;24/08/2026;14/10/2026;Transit;China;Oct;2026;NKE;80;123,2
26SIFJXN0001776;14012328001001;AAS F 18059;24/08/2026;14/10/2026;Transit;China;Oct;2026;FERSA;79;680,98
26SIFJXN0001776;19011443001190;AAS F 19044;24/08/2026;14/10/2026;Transit;China;Oct;2026;FERSA;71;296,07
26SIFJXN0001776;15115970001124;AAS NKE_1205-TV-MRO;24/08/2026;14/10/2026;Transit;China;Oct;2026;NKE;69;84,18
26SIFJXN0001775;10010506001001;AAS 30312 F;24/08/2026;14/10/2026;Transit;China;Oct;2026;FERSA;67;464,31
26SIFJXN0001776;14010957131001;AAS 6216 C3;24/08/2026;14/10/2026;Transit;China;Oct;2026;FERSA;64;366,72
26SIFJXN0001775;19011461001190;AAS NU 208 FMN/C3;24/08/2026;14/10/2026;Transit;China;Oct;2026;FERSA;61;194,59
26SIFJXN0001776;10010575001001;AAS 32217 F;24/08/2026;14/10/2026;Transit;China;Oct;2026;FERSA;61;530,09
26SIFJXN0001775;14015277001124;AAS NKE_623-2RSR-MRO;24/08/2026;14/10/2026;Transit;China;Oct;2026;NKE;60;28,2
26SIFJXN0001775;14015289001113;AAS NKE_624-2RSR;24/08/2026;14/10/2026;Transit;China;Oct;2026;NKE;60;22,2
26SIFJXN0001775;14015374131124;AAS NKE_6304-2Z-C3-MRO;24/08/2026;14/10/2026;Transit;China;Oct;2026;NKE;60;38,4
26SIFJXN0001775;18011510001001;AAS QJ 209 FM;24/08/2026;14/10/2026;Transit;China;Oct;2026;FERSA;60;405,6
26SIFJXN0001775;10010562001001;AAS 32207 F;24/08/2026;14/10/2026;Transit;China;Oct;2026;FERSA;59;126,26
26SIFJXN0001775;14012208001001;AAS F 18053;24/08/2026;14/10/2026;Transit;China;Oct;2026;FERSA;57;452,58
26SIFJXN0001775;14010927101001;AAS 6007;24/08/2026;14/10/2026;Transit;China;Oct;2026;FERSA;54;39,96
26SIFJXN0001775;19011418001001;AAS F 19013;24/08/2026;14/10/2026;Transit;China;Oct;2026;FERSA;51;271,32
26SIFJXN0001775;14014587001113;AAS NKE_6011-2RS2-C3;24/08/2026;14/10/2026;Transit;China;Oct;2026;NKE;50;89
26SIFJXN0001775;14316372001113;AAS NKE_GYE45-KRRB;24/08/2026;14/10/2026;Transit;China;Oct;2026;NKE;50;187,5
26SIFJXN0001776;10010654001001;AAS 33214 F;24/08/2026;14/10/2026;Transit;China;Oct;2026;FERSA;50;343,5
26SIFJXN0001776;15022017001001;AAS 3308 DP;24/08/2026;14/10/2026;Transit;China;Oct;2026;FERSA;47;320,54
26SIFJXN0001776;10010809001190;AAS JLM 506849/10;24/08/2026;14/10/2026;Transit;China;Oct;2026;FERSA;46;114,54
26SIFJXN0001775;10015708001113;AAS NKE_30212;24/08/2026;14/10/2026;Transit;China;Oct;2026;NKE;42;111,72
26SIFJXN0001775;23012459001001;AAS F 17076 K;24/08/2026;14/10/2026;Transit;China;Oct;2026;FERSA;41;157,85
26SIFJXN0001775;14015469001113;AAS NKE_6314-2Z-C3;24/08/2026;14/10/2026;Transit;China;Oct;2026;NKE;40;362,8
26SIFJXN0001776;14516528001124;AAS NKE_3204-B-2RS-TV-C3-MRO;24/08/2026;14/10/2026;Transit;China;Oct;2026;NKE;40;81,2
26SIFJXN0001776;14516533001124;AAS NKE_3303-B-2RS-TV-C3-MRO;24/08/2026;14/10/2026;Transit;China;Oct;2026;NKE;40;100,4
26SIFJXN0001776;15115968001124;AAS NKE_2200-2RS-TV-MRO;24/08/2026;14/10/2026;Transit;China;Oct;2026;NKE;40;53,2
26SIFJXN0001775;14514108001113;AAS NKE_3208-B-2Z-TV;24/08/2026;14/10/2026;Transit;China;Oct;2026;NKE;38;255,74
26SIFJXN0001775;10010469001001;AAS 30204 F;24/08/2026;14/10/2026;Transit;China;Oct;2026;FERSA;37;40,33
26SIFJXN0001775;10015654001113;AAS NKE_30310;24/08/2026;14/10/2026;Transit;China;Oct;2026;NKE;35;114,8
26SIFJXN0001775;14010953161001;AAS 6212 Z NR/C3;24/08/2026;14/10/2026;Transit;China;Oct;2026;FERSA;34;132,94
26SIFJXN0001775;14015178001113;AAS NKE_6215-2RSR-C3;24/08/2026;14/10/2026;Transit;China;Oct;2026;NKE;34;204,68
26SIFJXN0001776;15115962001124;AAS NKE_1204-TV-MRO;24/08/2026;14/10/2026;Transit;China;Oct;2026;NKE;34;48,96
26SIFJXN0001776;14010973141001;AAS 6312 NR/C3;24/08/2026;14/10/2026;Transit;China;Oct;2026;FERSA;33;266,64
26SIFJXN0001775;14014615001113;AAS NKE_6014-2RSR-C3;24/08/2026;14/10/2026;Transit;China;Oct;2026;NKE;32;138,56
26SIFJXN0001775;14010972121001;AAS 6311 2RS/C3;24/08/2026;14/10/2026;Transit;China;Oct;2026;FERSA;31;172,67
26SIFJXN0001775;19011626001001;AAS F 19069;24/08/2026;14/10/2026;Transit;China;Oct;2026;FERSA;29;127,89
26SIFJXN0001776;10010523001001;AAS 31318 F;24/08/2026;14/10/2026;Transit;China;Oct;2026;FERSA;28;847,84
26SIFJXN0001775;14015130001113;AAS NKE_6209-2Z-C3;24/08/2026;14/10/2026;Transit;China;Oct;2026;NKE;27;40,23
26SIFJXN0001775;14015181001113;AAS NKE_6215-2Z-C3;24/08/2026;14/10/2026;Transit;China;Oct;2026;NKE;27;182,25
26SIFJXN0001775;10011894001190;AAS F 15193;24/08/2026;14/10/2026;Transit;China;Oct;2026;FERSA;26;312,52
26SIFJXN0001776;14516491001124;AAS NKE_3202-B-2Z-TV-C3-MRO;24/08/2026;14/10/2026;Transit;China;Oct;2026;NKE;26;40,56
26SIFJXN0001775;10010543001001;AAS 32011 XF;24/08/2026;14/10/2026;Transit;China;Oct;2026;FERSA;25;70
26SIFJXN0001776;14010966111001;AAS 6306 2RS;24/08/2026;14/10/2026;Transit;China;Oct;2026;FERSA;25;35,75
26SIFJXN0001775;10015751001113;AAS NKE_32306;24/08/2026;14/10/2026;Transit;China;Oct;2026;NKE;24;48,72
26SIFJXN0001775;14014797001124;AAS NKE_61808-2Z-C3-MRO;24/08/2026;14/10/2026;Transit;China;Oct;2026;NKE;24;30,96
26SIFJXN0001775;14514056001113;AAS NKE_3201-B-2RS-TV;24/08/2026;14/10/2026;Transit;China;Oct;2026;NKE;24;47,52
26SIFJXN0001776;14010968191001;AAS 6307 ZZ/C3;24/08/2026;14/10/2026;Transit;China;Oct;2026;FERSA;24;45,12
26SIFJXN0001775;14015476001113;AAS NKE_6315-C3;24/08/2026;14/10/2026;Transit;China;Oct;2026;NKE;20;212,4
26SIFJXN0001776;15116008001124;AAS NKE_2207-2RS-TV-C3-MRO;24/08/2026;14/10/2026;Transit;China;Oct;2026;NKE;20;66,4
26SIFJXN0001775;10010343001001;AAS F 15083;24/08/2026;14/10/2026;Transit;China;Oct;2026;FERSA;19;259,73
26SIFJXN0001775;10010670001190;AAS 33889/33822;24/08/2026;14/10/2026;Transit;China;Oct;2026;FERSA;19;64,41
26SIFJXN0001776;18011512001190;AAS QJ 211 FM;24/08/2026;14/10/2026;Transit;China;Oct;2026;FERSA;19;96,9
26SIFJXN0001776;19011457001190;AAS NU 2307 FM/C3;24/08/2026;14/10/2026;Transit;China;Oct;2026;FERSA;19;105,07
26SIFJXN0001776;15116026001124;AAS NKE_2206-K-2RS-TV-C3-MRO;24/08/2026;14/10/2026;Transit;China;Oct;2026;NKE;18;47,88
26SIFJXN0001775;10020714001113;AAS NKE_32014-X;24/08/2026;14/10/2026;Transit;China;Oct;2026;NKE;17;64,94
26SIFJXN0001775;10022000001113;AAS NKE_30303;24/08/2026;14/10/2026;Transit;China;Oct;2026;NKE;16;14,08
26SIFJXN0001775;14021096001001;AAS F 18066;24/08/2026;14/10/2026;Transit;China;Oct;2026;FERSA;16;97,6
26SIFJXN0001775;AS230023001501;WB34660037BB;24/08/2026;14/10/2026;Transit;China;Oct;2026;A&S;16;45,6
26SIFJXN0001775;10015653001113;AAS NKE_30304;24/08/2026;14/10/2026;Transit;China;Oct;2026;NKE;15;16,05
26SIFJXN0001775;18011514001001;AAS QJ 212 FM;24/08/2026;14/10/2026;Transit;China;Oct;2026;FERSA;15;149,1
26SIFJXN0001776;10010603001001;AAS 32313 F;24/08/2026;14/10/2026;Transit;China;Oct;2026;FERSA;14;149,66
26SIFJXN0001776;14012477001001;AAS 6017 NR;24/08/2026;14/10/2026;Transit;China;Oct;2026;FERSA;14;109,76
26SIFJXN0001775;19011424001001;AAS F 19019;24/08/2026;14/10/2026;Transit;China;Oct;2026;FERSA;13;54,73
26SIFJXN0001775;19011507001001;AAS NUP 314 FMNR/C3;24/08/2026;14/10/2026;Transit;China;Oct;2026;FERSA;13;298,61
26SIFJXN0001776;10010577001001;AAS 32219 F;24/08/2026;14/10/2026;Transit;China;Oct;2026;FERSA;13;168,61
26SIFJXN0001775;10010500001113;AAS NKE_30307;24/08/2026;14/10/2026;Transit;China;Oct;2026;NKE;12;21,48
26SIFJXN0001775;12011609001195;AAS F 200004;24/08/2026;14/10/2026;Transit;China;Oct;2026;FERSA;12;344,4
26SIFJXN0001775;19011505001190;AAS NUP 2212 FMNR/C3;24/08/2026;14/10/2026;Transit;China;Oct;2026;FERSA;12;90,48
26SIFJXN0001776;10010760001001;AAS M 86649/M 86610;24/08/2026;14/10/2026;Transit;China;Oct;2026;FERSA;12;22,08
26SIFJXN0001776;14010969181190;AAS 6308 ZZ NR;24/08/2026;14/10/2026;Transit;China;Oct;2026;FERSA;11;24,31
26SIFJXN0001776;14019196001124;AAS NKE_62201-2RSR-C3-MRO;24/08/2026;14/10/2026;Transit;China;Oct;2026;NKE;11;8,69
26SIFJXN0001776;15120112001124;AAS NKE_1209-TV-MRO;24/08/2026;14/10/2026;Transit;China;Oct;2026;NKE;11;23,1
26SIFJXN0001775;14015473001113;AAS NKE_6315-2RSR-C3;24/08/2026;14/10/2026;Transit;China;Oct;2026;NKE;10;119,7
26SIFJXN0001776;17012959001124;AAS NKE_51212-MRO;24/08/2026;14/10/2026;Transit;China;Oct;2026;NKE;10;49,2
26SIFJXN0001775;14010934151190;AAS 6014 ZZ/C3;24/08/2026;14/10/2026;Transit;China;Oct;2026;FERSA;9;19,71
26SIFJXN0001775;14010966211001;AAS 6306/25 2RS/C3;24/08/2026;14/10/2026;Transit;China;Oct;2026;FERSA;9;24,84
26SIFJXN0001776;14514152001124;AAS NKE_3306-B-2RS-TV-MRO;24/08/2026;14/10/2026;Transit;China;Oct;2026;NKE;9;52,92
26SIFJXN0001775;10010846001001;AAS HM 803149/10;24/08/2026;14/10/2026;Transit;China;Oct;2026;FERSA;8;34,72
26SIFJXN0001775;15115910001190;AAS 2309;24/08/2026;14/10/2026;Transit;China;Oct;2026;FERSA;8;35,44
26SIFJXN0001776;10010209001001;AAS JW 5049/JW 5010;24/08/2026;14/10/2026;Transit;China;Oct;2026;FERSA;8;47,68
26SIFJXN0001776;15121812001124;AAS NKE_1315-K-C3-MRO;24/08/2026;14/10/2026;Transit;China;Oct;2026;NKE;8;138,4
26SIFJXN0001775;14010967111190;AAS 63/32 NR/C3;24/08/2026;14/10/2026;Transit;China;Oct;2026;FERSA;7;16,24
26SIFJXN0001775;14014554001113;AAS NKE_6008-2Z-C3;24/08/2026;14/10/2026;Transit;China;Oct;2026;NKE;7;5,88
26SIFJXN0001775;23012817001001;AAS F 17084 K;24/08/2026;14/10/2026;Transit;China;Oct;2026;FERSA;7;26,32
26SIFJXN0001776;14010956121001;AAS 6215 2RS/C3;24/08/2026;14/10/2026;Transit;China;Oct;2026;FERSA;7;49,21
26SIFJXN0001776;15120117001124;AAS NKE_1216-K-C3-MRO;24/08/2026;14/10/2026;Transit;China;Oct;2026;NKE;7;62,65
26SIFJXN0001775;10010553001001;AAS 32020 XF;24/08/2026;14/10/2026;Transit;China;Oct;2026;FERSA;6;44,28
26SIFJXN0001775;10010604001190;AAS 32314 BF;24/08/2026;14/10/2026;Transit;China;Oct;2026;FERSA;6;137,64
26SIFJXN0001775;10011601001001;AAS JM 720249/10;24/08/2026;14/10/2026;Transit;China;Oct;2026;FERSA;6;75,54
26SIFJXN0001775;14014598001113;AAS NKE_6012-2Z-C3;24/08/2026;14/10/2026;Transit;China;Oct;2026;NKE;6;13,14
26SIFJXN0001775;23012820001001;AAS F 17086 K;24/08/2026;14/10/2026;Transit;China;Oct;2026;FERSA;6;24,18
26SIFJXN0001775;23021411001124;AAS NKE_NK28/30-MRO;24/08/2026;14/10/2026;Transit;China;Oct;2026;NKE;6;7,26
26SIFJXN0001775;AS230035001501;WB35680037BB;24/08/2026;14/10/2026;Transit;China;Oct;2026;A&S;6;17,88
26SIFJXN0001775;10010472001001;AAS 30206 F;24/08/2026;14/10/2026;Transit;China;Oct;2026;FERSA;5;7
26SIFJXN0001775;10010624001001;AAS 33020 F;24/08/2026;14/10/2026;Transit;China;Oct;2026;FERSA;5;38,85
26SIFJXN0001775;14516530001124;AAS NKE_3205-B-2Z-TV-C3-MRO;24/08/2026;14/10/2026;Transit;China;Oct;2026;NKE;5;8,9
26SIFJXN0001776;17012973001124;AAS NKE_51122-MRO;24/08/2026;14/10/2026;Transit;China;Oct;2026;NKE;5;35,3
26SIFJXN0001776;19011441001001;AAS F 19042;24/08/2026;14/10/2026;Transit;China;Oct;2026;FERSA;5;39,1
26SIFJXN0001775;10010535001001;AAS 32007 XF;24/08/2026;14/10/2026;Transit;China;Oct;2026;FERSA;4;5,68
26SIFJXN0001775;10010657001001;AAS 33217 F;24/08/2026;14/10/2026;Transit;China;Oct;2026;FERSA;4;73,4
26SIFJXN0001775;10015711001113;AAS NKE_32019-X;24/08/2026;14/10/2026;Transit;China;Oct;2026;NKE;4;33,36
26SIFJXN0001775;14010968101001;AAS 6307;24/08/2026;14/10/2026;Transit;China;Oct;2026;FERSA;4;6,08
26SIFJXN0001775;14015138001113;AAS NKE_6210-2Z-C3;24/08/2026;14/10/2026;Transit;China;Oct;2026;NKE;4;7,6
26SIFJXN0001775;19023583111124;AAS NKE_NU1008-M-C3-MRO;24/08/2026;14/10/2026;Transit;China;Oct;2026;NKE;4;23,4
26SIFJXN0001775;AS100188001501;JL 68145/11 Z;24/08/2026;14/10/2026;Transit;China;Oct;2026;A&S;4;4,28
26SIFJXN0001776;10010201001001;AAS JF 4049/JF 4010;24/08/2026;14/10/2026;Transit;China;Oct;2026;FERSA;4;14,84
26SIFJXN0001776;10012052001190;AAS 31316 F;24/08/2026;14/10/2026;Transit;China;Oct;2026;FERSA;4;40,8
26SIFJXN0001776;14516798001124;AAS NKE_3222-M-C3-MRO;24/08/2026;14/10/2026;Transit;China;Oct;2026;NKE;4;375,28
26SIFJXN0001776;17012937111124;AAS NKE_51218-MRO;24/08/2026;14/10/2026;Transit;China;Oct;2026;NKE;4;36,8
26SIFJXN0001776;23012819001001;AAS F 17087 K;24/08/2026;14/10/2026;Transit;China;Oct;2026;FERSA;4;12,8
26SIFJXN0001775;10010479001001;AAS 30210 F;24/08/2026;14/10/2026;Transit;China;Oct;2026;FERSA;3;5,94
26SIFJXN0001775;10010638001001;AAS 33116 F;24/08/2026;14/10/2026;Transit;China;Oct;2026;FERSA;3;25,98
26SIFJXN0001775;14015167001113;AAS NKE_6213-2Z-C3;24/08/2026;14/10/2026;Transit;China;Oct;2026;NKE;3;11,4
26SIFJXN0001775;23012302001001;AAS F 17033 K;24/08/2026;14/10/2026;Transit;China;Oct;2026;FERSA;3;8,94
26SIFJXN0001776;10010510001190;AAS 30316 F;24/08/2026;14/10/2026;Transit;China;Oct;2026;FERSA;3;26,43
26SIFJXN0001776;14019429001124;AAS NKE_4211-B-TV-C3-MRO;24/08/2026;14/10/2026;Transit;China;Oct;2026;NKE;3;17,19
26SIFJXN0001775;14010955111001;AAS 6214 2RS;24/08/2026;14/10/2026;Transit;China;Oct;2026;FERSA;2;11,5
26SIFJXN0001775;28013013141117;AAS NKE_22224-K-MB-C3-W33;24/08/2026;14/10/2026;Transit;China;Oct;2026;NKE;2;87,7
26SIFJXN0001776;11012327001001;AAS F 15271;24/08/2026;14/10/2026;Transit;China;Oct;2026;FERSA;2;48,56
26SIFJXN0001776;14516431001124;AAS NKE_3218-M-C3-MRO;24/08/2026;14/10/2026;Transit;China;Oct;2026;NKE;2;55,04
26SIFJXN0001776;15120159001124;AAS NKE_2306-K-TV-C3-MRO;24/08/2026;14/10/2026;Transit;China;Oct;2026;NKE;2;9,48
26SIFJXN0001776;17012970001124;AAS NKE_51204-MRO;24/08/2026;14/10/2026;Transit;China;Oct;2026;NKE;2;1,86
26SIFJXN0001775;10010510001190;AAS 30316 F;24/08/2026;14/10/2026;Transit;China;Oct;2026;FERSA;1;8,81
26SIFJXN0001775;14010973141001;AAS 6312 NR/C3;24/08/2026;14/10/2026;Transit;China;Oct;2026;FERSA;1;8,08
26SIFJXN0001775;14015200001113;AAS NKE_6218-2Z;24/08/2026;14/10/2026;Transit;China;Oct;2026;NKE;1;8,92
26SIFJXN0001776;14514120001124;AAS NKE_3315-B-TV-C3-MRO;24/08/2026;14/10/2026;Transit;China;Oct;2026;NKE;1;23,88
26SIFJXN0001776;15115997131124;AAS NKE_2308-2RS-TV-MRO;24/08/2026;14/10/2026;Transit;China;Oct;2026;NKE;1;7,23
(vazio);12012081001023;AAS F 200014;30/09/2026;15/10/2026;Backorder;Chile;Oct;2026;FERSA;600;25370,3333
(vazio);12012759001023;AAS F 200032;30/09/2026;15/10/2026;Backorder;Chile;Oct;2026;FERSA;531,875;32814,46271
(vazio);14010958111001;AAS 6217/80 C3;30/09/2026;15/10/2026;Backorder;Chile;Oct;2026;FERSA;262,25;3316,013888
(vazio);10012285001001;AAS F 15258;30/09/2026;15/10/2026;Backorder;Chile;Oct;2026;FERSA;180;1700,582611
(vazio);19011420001001;AAS F 19015;30/09/2026;15/10/2026;Backorder;Chile;Oct;2026;FERSA;176,25;1225,647879
(vazio);10010652001001;AAS 33212 F;30/09/2026;15/10/2026;Backorder;Chile;Oct;2026;FERSA;175,5;2081,736083
(vazio);19012532001001;AAS F 19008;30/09/2026;15/10/2026;Backorder;Chile;Oct;2026;FERSA;165;4000,637715
(vazio);10012408001001;AAS F 15280;30/09/2026;15/10/2026;Backorder;Chile;Oct;2026;FERSA;150;1701,925655
(vazio);19012130001001;AAS F 19080;30/09/2026;15/10/2026;Backorder;Chile;Oct;2026;FERSA;112;1161,395486
(vazio);10012407001001;AAS F 15278;30/09/2026;15/10/2026;Backorder;Chile;Oct;2026;FERSA;88;444,0287135
(vazio);10010367001001;AAS F 15117;30/09/2026;15/10/2026;Backorder;Chile;Oct;2026;FERSA;70;545,0692521
(vazio);10011873001001;AAS F 15190;30/09/2026;15/10/2026;Backorder;Chile;Oct;2026;FERSA;59,125;709,4624301
(vazio);10011756001001;AAS F 15161;30/09/2026;15/10/2026;Backorder;Chile;Oct;2026;FERSA;37;381,5909014
(vazio);16523106001001;CLAC P 001;30/09/2026;15/10/2026;Backorder;Chile;Oct;2026;FERSA;37;3626,697982
(vazio);10110393001001;CEM 31594;30/09/2026;15/10/2026;Backorder;Chile;Oct;2026;FERSA;30;123,5617907
(vazio);10010532001001;AAS 32006 XF;30/09/2026;15/10/2026;Backorder;Chile;Oct;2026;FERSA;16;48,6344781
(vazio);10010639001001;AAS 33117 F;30/09/2026;15/10/2026;Backorder;Chile;Oct;2026;FERSA;15,875;136,1747126
(vazio);10010817001001;AAS JHM 522649/10;30/09/2026;15/10/2026;Backorder;Chile;Oct;2026;FERSA;15,75;379,4503842
(vazio);13012048001023;AAS F 300005;30/09/2026;15/10/2026;Backorder;Chile;Oct;2026;FERSA;15;1623,312185
(vazio);10010702001001;AAS 45284/45220;30/09/2026;15/10/2026;Backorder;Chile;Oct;2026;FERSA;9;67,15378429
(vazio);10010851001001;AAS HM 804846/10;30/09/2026;15/10/2026;Backorder;Chile;Oct;2026;FERSA;7,75;72,64796861
(vazio);PF100099001801;PFI 33220;30/09/2026;15/10/2026;Backorder;Chile;Oct;2026;PFI;7;214,864117
(vazio);10010541001001;AAS 32010 XF;30/09/2026;15/10/2026;Backorder;Chile;Oct;2026;FERSA;6,375;20,45634513
(vazio);10011723001001;AAS 45285 A/45220;30/09/2026;15/10/2026;Backorder;Chile;Oct;2026;FERSA;6;48,20492658
(vazio);10010404001001;AAS 21075/21212;30/09/2026;15/10/2026;Backorder;Chile;Oct;2026;FERSA;6;20,86647008
(vazio);10010810001001;AAS JLM 508748/10;30/09/2026;15/10/2026;Backorder;Chile;Oct;2026;FERSA;6;37,21377297
(vazio);PF270061001801;PCR2215;30/09/2026;15/10/2026;Backorder;Chile;Oct;2026;PFI;5;12,23855479
(vazio);10010092001001;AAS 527/522;30/09/2026;15/10/2026;Backorder;Chile;Oct;2026;FERSA;4,125;36,13277038
(vazio);10010083001001;AAS 495 A/493;30/09/2026;15/10/2026;Backorder;Chile;Oct;2026;FERSA;4;59,18176312
(vazio);12011624001023;AAS F 200005;30/09/2026;15/10/2026;Backorder;Chile;Oct;2026;FERSA;4;281,4371072
(vazio);19011416001001;AAS F 19011;30/09/2026;15/10/2026;Backorder;Chile;Oct;2026;FERSA;4;52,07323345
(vazio);19011421001001;AAS F 19016;30/09/2026;15/10/2026;Backorder;Chile;Oct;2026;FERSA;4;29,05008985
(vazio);PF270025001801;PCR2601;30/09/2026;15/10/2026;Backorder;Chile;Oct;2026;PFI;4;9,406646214
(vazio);10010358001001;AAS F 15104;30/09/2026;15/10/2026;Backorder;Chile;Oct;2026;FERSA;4;90,22214279
(vazio);10011874001001;AAS F 15191;30/09/2026;15/10/2026;Backorder;Chile;Oct;2026;FERSA;4;53,73889733
(vazio);10111103001001;CEM F 15150 A;30/09/2026;15/10/2026;Backorder;Chile;Oct;2026;FERSA;4;21,38937043
(vazio);10010600001001;AAS 32312 BF;30/09/2026;15/10/2026;Backorder;Chile;Oct;2026;FERSA;4;36,90251095
(vazio);10010716001001;AAS 52400/52618;30/09/2026;15/10/2026;Backorder;Chile;Oct;2026;FERSA;4;64,69456607
(vazio);10012158001001;AAS F 15245;30/09/2026;15/10/2026;Backorder;Chile;Oct;2026;FERSA;4;54,34212016
(vazio);10010316001001;AAS F 15047;30/09/2026;15/10/2026;Backorder;Chile;Oct;2026;FERSA;4;41,6030739
(vazio);10012326001001;AAS F 15270;30/09/2026;15/10/2026;Backorder;Chile;Oct;2026;FERSA;4;68,10432987
(vazio);10010488001001;AAS 30218 F;30/09/2026;15/10/2026;Backorder;Chile;Oct;2026;FERSA;4;66,98235685
(vazio);PF900032001801;PW42750037CSK;30/09/2026;15/10/2026;Backorder;Chile;Oct;2026;PFI;3,5;14,8413358
(vazio);10010694001001;AAS 42688/42620;30/09/2026;15/10/2026;Backorder;Chile;Oct;2026;FERSA;3;34,34042236
(vazio);PF100127001801;PFI 25580/21;30/09/2026;15/10/2026;Backorder;Chile;Oct;2026;PFI;2,5;10,82596134
(vazio);19011626001001;AAS F 19069;30/09/2026;15/10/2026;Backorder;Chile;Oct;2026;FERSA;2;9,44884282
(vazio);10110258001001;CEM F 15084;30/09/2026;15/10/2026;Backorder;Chile;Oct;2026;FERSA;2;6,378975169
(vazio);13012533001023;AAS F 300010;30/09/2026;15/10/2026;Backorder;Chile;Oct;2026;FERSA;2;193,0182587
(vazio);10011711001001;AAS 476/472;30/09/2026;15/10/2026;Backorder;Chile;Oct;2026;FERSA;1;9,661444216
(vazio);PF900250001801;PW35660037CSMK;30/09/2026;15/10/2026;Backorder;Chile;Oct;2026;PFI;1;5,584547106
(vazio);PF100309001801;PFI 13685/21;30/09/2026;15/10/2026;Backorder;Chile;Oct;2026;PFI;1;1,877550413
26SIFJXN0001943;AS200770001501;5204 2RS;10/09/2026;21/10/2026;Transit;China;Oct;2026;A&S;23870;22199,1
26SIFJXN0001943;AS100209001501;LM 67048/10;10/09/2026;21/10/2026;Transit;China;Oct;2026;A&S;16354;8994,7
26SIFJXN0001943;AS200010001501;6004 2RS/C3;10/09/2026;21/10/2026;Transit;China;Oct;2026;A&S;10600;2968
26SIFJXN0001943;AS200032001501;6205 2RS/C3;10/09/2026;21/10/2026;Transit;China;Oct;2026;A&S;8200;3198
26SIFJXN0001943;AS200031001501;6204 2RS/C3;10/09/2026;21/10/2026;Transit;China;Oct;2026;A&S;8100;2673
26SIFJXN0001896;AS100043001515;32218;05/09/2026;21/10/2026;Transit;China;Oct;2026;A&S;4800;23184
26SIFJXN0001897;AS100043001515;32218;05/09/2026;21/10/2026;Transit;China;Oct;2026;A&S;4800;23184
26SIFJXN0001943;AS200035001501;6208 2RS/C3;10/09/2026;21/10/2026;Transit;China;Oct;2026;A&S;4029;4029
26SIFJXN0001895;AS100043001515;32218;05/09/2026;21/10/2026;Transit;China;Oct;2026;A&S;2520;12171,6
26SIFJXN0001942;AS100043001515;32218;10/09/2026;21/10/2026;Transit;China;Oct;2026;A&S;2280;11012,4
26SIFJXN0001941;14014526001113;AAS NKE_6006-2RS2-C3;10/09/2026;21/10/2026;Transit;China;Oct;2026;NKE;1503;1157,31
26SIFJXN0001943;AS200028001501;6201 2RS/C3;10/09/2026;21/10/2026;Transit;China;Oct;2026;A&S;1427;242,59
26SIFJXN0001895;14014475001113;AAS NKE_6001-2RS2-C3;05/09/2026;21/10/2026;Transit;China;Oct;2026;NKE;1400;280
26SIFJXN0001941;14010965131001;AAS 6305 2RS/C3;10/09/2026;21/10/2026;Transit;China;Oct;2026;FERSA;1286;1363,16
26SIFJXN0001942;12012081001195;AAS F 200014;10/09/2026;21/10/2026;Transit;China;Oct;2026;FERSA;1246;39523,12
26SIFJXN0001941;11011895001195;AAS F 15097;10/09/2026;21/10/2026;Transit;China;Oct;2026;FERSA;1075;39173
26SIFJXN0001941;14015047001113;AAS NKE_6203-2Z-C3;10/09/2026;21/10/2026;Transit;China;Oct;2026;NKE;1000;500
26SIFJXN0001943;AS100396001501;JL 819349/10;10/09/2026;21/10/2026;Transit;China;Oct;2026;A&S;868;3185,56
26SIFJXN0001896;12012081001195;AAS F 200014;05/09/2026;21/10/2026;Transit;China;Oct;2026;FERSA;806;25566,32
26SIFJXN0001943;14010972121001;AAS 6311 2RS/C3;10/09/2026;21/10/2026;Transit;China;Oct;2026;FERSA;739;4116,23
26SIFJXN0001897;12012081001195;AAS F 200014;05/09/2026;21/10/2026;Transit;China;Oct;2026;FERSA;731;23187,32
26SIFJXN0001895;15116033001124;AAS NKE_1208-K-TV-MRO;05/09/2026;21/10/2026;Transit;China;Oct;2026;NKE;630;1197
26SIFJXN0001895;AS100263001501;HM 89440/10;05/09/2026;21/10/2026;Transit;China;Oct;2026;A&S;616;1509,2
26SIFJXN0001941;AS100043001515;32218;10/09/2026;21/10/2026;Transit;China;Oct;2026;A&S;600;2898
26SIFJXN0001895;14015075001113;AAS NKE_6205-2Z-C3;05/09/2026;21/10/2026;Transit;China;Oct;2026;NKE;580;411,8
26SIFJXN0001895;AS200036001501;6209 2RS/C3;05/09/2026;21/10/2026;Transit;China;Oct;2026;A&S;569;705,56
26SIFJXN0001941;12012080001195;AAS F 200013;10/09/2026;21/10/2026;Transit;China;Oct;2026;FERSA;538;17452,72
26SIFJXN0001943;AS640219001501;S 205 KRR2;10/09/2026;21/10/2026;Transit;China;Oct;2026;A&S;530;689
26SIFJXN0001895;14010929141190;AAS 6009 NR;05/09/2026;21/10/2026;Transit;China;Oct;2026;FERSA;484;648,56
26SIFJXN0001941;15011365001001;AAS F 16074;10/09/2026;21/10/2026;Transit;China;Oct;2026;FERSA;452;2472,44
26SIFJXN0001943;AS400024001501;SCE 1412;10/09/2026;21/10/2026;Transit;China;Oct;2026;A&S;450;175,5
26SIFJXN0001895;14514071001124;AAS NKE_3205-B-2RS-TV-MRO;05/09/2026;21/10/2026;Transit;China;Oct;2026;NKE;438;801,54
26SIFJXN0001941;10010343001001;AAS F 15083;10/09/2026;21/10/2026;Transit;China;Oct;2026;FERSA;434;5932,78
26SIFJXN0001942;AS100041001501;32216;10/09/2026;21/10/2026;Transit;China;Oct;2026;A&S;432;2086,56
26SIFJXN0001941;17010307001001;AAS F 15031;10/09/2026;21/10/2026;Transit;China;Oct;2026;FERSA;425;1207
26SIFJXN0001895;14014499001124;AAS NKE_6003-2Z-C3-MRO;05/09/2026;21/10/2026;Transit;China;Oct;2026;NKE;400;224
26SIFJXN0001895;14015431121124;AAS NKE_6309-2RS2-C3-MRO;05/09/2026;21/10/2026;Transit;China;Oct;2026;NKE;400;1148
26SIFJXN0001941;14014515001113;AAS NKE_6005-2RS2-C3;10/09/2026;21/10/2026;Transit;China;Oct;2026;NKE;400;180
26SIFJXN0001941;14015356001113;AAS NKE_6302-2RS2-C3;10/09/2026;21/10/2026;Transit;China;Oct;2026;NKE;400;152
26SIFJXN0001943;AS640253001501;203 KRR2;10/09/2026;21/10/2026;Transit;China;Oct;2026;A&S;376;334,64
26SIFJXN0001895;14014915001124;AAS NKE_61903-2RSR-MRO;05/09/2026;21/10/2026;Transit;China;Oct;2026;NKE;370;188,7
26SIFJXN0001943;AS100092001501;15106/250 X;10/09/2026;21/10/2026;Transit;China;Oct;2026;A&S;353;511,85
26SIFJXN0001895;14019252001124;AAS NKE_61902-2Z-MRO;05/09/2026;21/10/2026;Transit;China;Oct;2026;NKE;338;206,18
26SIFJXN0001895;AS400019001501;HK 2520;05/09/2026;21/10/2026;Transit;China;Oct;2026;A&S;338;108,16
26SIFJXN0001941;10012779001001;AAS F 15326;10/09/2026;21/10/2026;Transit;China;Oct;2026;FERSA;337;3535,13
26SIFJXN0001895;14014550001113;AAS NKE_6008-2RS2;05/09/2026;21/10/2026;Transit;China;Oct;2026;NKE;300;276
26SIFJXN0001895;15116016001124;AAS NKE_1206-K-TV-MRO;05/09/2026;21/10/2026;Transit;China;Oct;2026;NKE;262;340,6
26SIFJXN0001941;14015383001113;AAS NKE_6305-2RS2-C3;10/09/2026;21/10/2026;Transit;China;Oct;2026;NKE;240;201,6
26SIFJXN0001895;14015436001124;AAS NKE_6309-C3-MRO;05/09/2026;21/10/2026;Transit;China;Oct;2026;NKE;234;1347,84
26SIFJXN0001895;14014907001124;AAS NKE_61901-2Z-MRO;05/09/2026;21/10/2026;Transit;China;Oct;2026;NKE;219;111,69
26SIFJXN0001941;14011627001001;AAS F 18042;10/09/2026;21/10/2026;Transit;China;Oct;2026;FERSA;212;1051,52
26SIFJXN0001895;14014939001124;AAS NKE_61908-2RSR-MRO;05/09/2026;21/10/2026;Transit;China;Oct;2026;NKE;210;247,8
26SIFJXN0001895;10015707001124;AAS NKE_30203-MRO;05/09/2026;21/10/2026;Transit;China;Oct;2026;NKE;200;136
26SIFJXN0001943;AS100107001501;25877/21;10/09/2026;21/10/2026;Transit;China;Oct;2026;A&S;200;358
26SIFJXN0001941;14015371001113;AAS NKE_6304-2RS2;10/09/2026;21/10/2026;Transit;China;Oct;2026;NKE;180;133,2
26SIFJXN0001943;AS100010001501;30211;10/09/2026;21/10/2026;Transit;China;Oct;2026;A&S;156;335,4
26SIFJXN0001941;10010398001001;AAS 17887/17831;10/09/2026;21/10/2026;Transit;China;Oct;2026;FERSA;153;368,73
26SIFJXN0001943;AS210112001501;BB00112;10/09/2026;21/10/2026;Transit;China;Oct;2026;A&S;145;443,7
26SIFJXN0001895;14010944111190;AAS 6204 2RS;05/09/2026;21/10/2026;Transit;China;Oct;2026;FERSA;130;70,2
26SIFJXN0001943;15115973001124;AAS NKE_1210-K-TV-C3-MRO;10/09/2026;21/10/2026;Transit;China;Oct;2026;NKE;128;456,96
26SIFJXN0001895;10022141001124;AAS NKE_32213-MRO;05/09/2026;21/10/2026;Transit;China;Oct;2026;NKE;111;431,79
26SIFJXN0001943;AS100147001501;3780/20;10/09/2026;21/10/2026;Transit;China;Oct;2026;A&S;110;246,4
26SIFJXN0001895;14014789001124;AAS NKE_61807-2RSR-MRO;05/09/2026;21/10/2026;Transit;China;Oct;2026;NKE;108;96,12
26SIFJXN0001941;18011514001001;AAS QJ 212 FM;10/09/2026;21/10/2026;Transit;China;Oct;2026;FERSA;107;1063,58
26SIFJXN0001895;14015111001113;AAS NKE_6207-2Z-C3;05/09/2026;21/10/2026;Transit;China;Oct;2026;NKE;106;167,48
26SIFJXN0001941;14011556001001;AAS F 18039;10/09/2026;21/10/2026;Transit;China;Oct;2026;FERSA;104;193,44
26SIFJXN0001943;AS100109001501;2780/20;10/09/2026;21/10/2026;Transit;China;Oct;2026;A&S;104;205,92
26SIFJXN0001895;10015640001113;AAS NKE_30204;05/09/2026;21/10/2026;Transit;China;Oct;2026;NKE;100;87
26SIFJXN0001895;14014615131124;AAS NKE_6014-2RS2-C3-MRO;05/09/2026;21/10/2026;Transit;China;Oct;2026;NKE;100;221
26SIFJXN0001895;14015011001113;AAS NKE_6200-2Z;05/09/2026;21/10/2026;Transit;China;Oct;2026;NKE;100;39
26SIFJXN0001895;14015376001113;AAS NKE_6304-C3;05/09/2026;21/10/2026;Transit;China;Oct;2026;NKE;100;63
26SIFJXN0001895;14015433001113;AAS NKE_6309-2Z-C3;05/09/2026;21/10/2026;Transit;China;Oct;2026;NKE;100;272
26SIFJXN0001895;AS200800001501;6020 2RS/C3;05/09/2026;21/10/2026;Transit;China;Oct;2026;A&S;100;489
26SIFJXN0001941;14015439001113;AAS NKE_6310-2RS2-C3;10/09/2026;21/10/2026;Transit;China;Oct;2026;NKE;100;372
26SIFJXN0001895;15011685001190;AAS 3210 B 2RS/C3;05/09/2026;21/10/2026;Transit;China;Oct;2026;FERSA;96;319,68
26SIFJXN0001943;AS640030001501;GE 50 KRRB 3L;10/09/2026;21/10/2026;Transit;China;Oct;2026;A&S;93;340,38
26SIFJXN0001941;14010966111001;AAS 6306 2RS;10/09/2026;21/10/2026;Transit;China;Oct;2026;FERSA;90;128,7
26SIFJXN0001895;14014435111124;AAS NKE_4205-B-TV-MRO;05/09/2026;21/10/2026;Transit;China;Oct;2026;NKE;88;164,56
26SIFJXN0001895;14014918001124;AAS NKE_61903-2Z-MRO;05/09/2026;21/10/2026;Transit;China;Oct;2026;NKE;84;37,8
26SIFJXN0001895;19017487001113;AAS NKE_NU211-E-TVP3;05/09/2026;21/10/2026;Transit;China;Oct;2026;NKE;84;616,56
26SIFJXN0001895;14514223001124;AAS NKE_3203-B-2RS-TV-C3-MRO;05/09/2026;21/10/2026;Transit;China;Oct;2026;NKE;80;134,4
26SIFJXN0001941;10010363001001;AAS F 15112;10/09/2026;21/10/2026;Transit;China;Oct;2026;FERSA;78;262,08
26SIFJXN0001941;10010216001190;AAS JW 6049/10;10/09/2026;21/10/2026;Transit;China;Oct;2026;FERSA;76;696,16
26SIFJXN0001895;19011500001190;AAS NUP 310 FM/C3;05/09/2026;21/10/2026;Transit;China;Oct;2026;FERSA;73;336,53
26SIFJXN0001895;10010619001001;AAS 33015 F;05/09/2026;21/10/2026;Transit;China;Oct;2026;FERSA;71;385,53
26SIFJXN0001895;14010925111001;AAS 6005 2RS;05/09/2026;21/10/2026;Transit;China;Oct;2026;FERSA;69;40,71
26SIFJXN0001941;14015096001113;AAS NKE_6206-2Z-C3;10/09/2026;21/10/2026;Transit;China;Oct;2026;NKE;67;71,69
26SIFJXN0001941;14010972161190;AAS 6311 ZZ/C3;10/09/2026;21/10/2026;Transit;China;Oct;2026;FERSA;64;330,24
26SIFJXN0001895;AS201192001501;3206 B 2RS/C3 TV;05/09/2026;21/10/2026;Transit;China;Oct;2026;A&S;62;88,04
26SIFJXN0001941;14010970111001;AAS 6309 2RS;10/09/2026;21/10/2026;Transit;China;Oct;2026;FERSA;62;213,28
26SIFJXN0001941;10010337001001;AAS F 15071;10/09/2026;21/10/2026;Transit;China;Oct;2026;FERSA;61;1695,19
26SIFJXN0001895;10010562131124;AAS NKE_32207-MRO;05/09/2026;21/10/2026;Transit;China;Oct;2026;NKE;60;127,2
26SIFJXN0001895;10015689001124;AAS NKE_32007-X-MRO;05/09/2026;21/10/2026;Transit;China;Oct;2026;NKE;60;67,2
26SIFJXN0001895;14014622131124;AAS NKE_6015-2RS2-C3-MRO;05/09/2026;21/10/2026;Transit;China;Oct;2026;NKE;60;139,2
26SIFJXN0001895;14015507141124;AAS NKE_6320-C3-MRO;05/09/2026;21/10/2026;Transit;China;Oct;2026;NKE;60;1400,4
26SIFJXN0001895;14019453121124;AAS NKE_6311-2RS2-C3-MRO;05/09/2026;21/10/2026;Transit;China;Oct;2026;NKE;60;237
26SIFJXN0001895;14025889121124;AAS NKE_6213-2RS2-C3-MRO;05/09/2026;21/10/2026;Transit;China;Oct;2026;NKE;60;174
26SIFJXN0001895;14026273111124;AAS NKE_6214-2RS2-C3-MRO;05/09/2026;21/10/2026;Transit;China;Oct;2026;NKE;60;202,2
26SIFJXN0001895;15115951001124;AAS NKE_2205-2RS-TV-MRO;05/09/2026;21/10/2026;Transit;China;Oct;2026;NKE;60;92,4
26SIFJXN0001895;19013581001124;AAS NKE_NJ2308-E-TVP3-C3-MRO;05/09/2026;21/10/2026;Transit;China;Oct;2026;NKE;60;633,6
26SIFJXN0001895;41410063001124;AAS NKE_LCTE06-MRO;05/09/2026;21/10/2026;Transit;China;Oct;2026;NKE;60;841,8
26SIFJXN0001941;16011520001001;AAS F 15118;10/09/2026;21/10/2026;Transit;China;Oct;2026;FERSA;60;321
26SIFJXN0001895;64010122001124;AAS NKE_KM8-MRO;05/09/2026;21/10/2026;Transit;China;Oct;2026;NKE;59;37,17
26SIFJXN0001941;10010135001001;AAS 687/672;10/09/2026;21/10/2026;Transit;China;Oct;2026;FERSA;59;660,21
26SIFJXN0001941;14010956131001;AAS 6215 NR/C3;10/09/2026;21/10/2026;Transit;China;Oct;2026;FERSA;59;300,9
26SIFJXN0001943;AS200106001501;6905 2RS/C3;10/09/2026;21/10/2026;Transit;China;Oct;2026;A&S;57;15,39
26SIFJXN0001895;14015475131124;AAS NKE_6315-2Z-C3-MRO;05/09/2026;21/10/2026;Transit;China;Oct;2026;NKE;54;548,64
26SIFJXN0001895;AS640006001501;UC209;05/09/2026;21/10/2026;Transit;China;Oct;2026;A&S;53;105,47
26SIFJXN0001941;10010116001190;AAS 580/572 X;10/09/2026;21/10/2026;Transit;China;Oct;2026;FERSA;53;432,48
26SIFJXN0001941;10110275001001;CEM F 15110;10/09/2026;21/10/2026;Transit;China;Oct;2026;FERSA;50;120
26SIFJXN0001941;19012417001001;AAS NUP 308 FM/C3;10/09/2026;21/10/2026;Transit;China;Oct;2026;FERSA;50;327
26SIFJXN0001895;14015467001113;AAS NKE_6314-2RSR-C3;05/09/2026;21/10/2026;Transit;China;Oct;2026;NKE;48;428,16
26SIFJXN0001941;23012917001001;AAS F 17107 K;10/09/2026;21/10/2026;Transit;China;Oct;2026;FERSA;48;119,04
26SIFJXN0001941;15011854001001;AAS F 16200;10/09/2026;21/10/2026;Transit;China;Oct;2026;FERSA;46;178,48
26SIFJXN0001943;15120121001124;AAS NKE_1305-TV-C3-MRO;10/09/2026;21/10/2026;Transit;China;Oct;2026;NKE;44;102,52
26SIFJXN0001943;AS100192001501;LM 104949/11;10/09/2026;21/10/2026;Transit;China;Oct;2026;A&S;44;73,92
26SIFJXN0001941;19011500001190;AAS NUP 310 FM/C3;10/09/2026;21/10/2026;Transit;China;Oct;2026;FERSA;42;193,62
26SIFJXN0001941;10010263001001;AAS JP 12049/10;10/09/2026;21/10/2026;Transit;China;Oct;2026;FERSA;41;389,09
26SIFJXN0001895;10010499131124;AAS NKE_30306-MRO;05/09/2026;21/10/2026;Transit;China;Oct;2026;NKE;40;57,6
26SIFJXN0001895;10015684111124;AAS NKE_32006-X-MRO;05/09/2026;21/10/2026;Transit;China;Oct;2026;NKE;40;40,4
26SIFJXN0001895;10015693001124;AAS NKE_32209-MRO;05/09/2026;21/10/2026;Transit;China;Oct;2026;NKE;40;75,6
26SIFJXN0001895;10015706111124;AAS NKE_32005-X-MRO;05/09/2026;21/10/2026;Transit;China;Oct;2026;NKE;40;35,2
26SIFJXN0001895;10021935001113;AAS NKE_30215;05/09/2026;21/10/2026;Transit;China;Oct;2026;NKE;40;289,2
26SIFJXN0001895;10022242001113;AAS NKE_33206;05/09/2026;21/10/2026;Transit;China;Oct;2026;NKE;40;75,2
26SIFJXN0001895;14019209121124;AAS NKE_62306-2RS2-MRO;05/09/2026;21/10/2026;Transit;China;Oct;2026;NKE;40;102
26SIFJXN0001895;14019238121124;AAS NKE_62305-2RS2-MRO;05/09/2026;21/10/2026;Transit;China;Oct;2026;NKE;40;74,4
26SIFJXN0001895;14019501141124;AAS NKE_6312-2RS2-C3-MRO;05/09/2026;21/10/2026;Transit;China;Oct;2026;NKE;40;194,8
26SIFJXN0001895;14022239001124;AAS NKE_63007-2RS2-MRO;05/09/2026;21/10/2026;Transit;China;Oct;2026;NKE;40;69,6
26SIFJXN0001895;14026272111124;AAS NKE_6215-2RS2-C3-MRO;05/09/2026;21/10/2026;Transit;China;Oct;2026;NKE;40;144
26SIFJXN0001895;15115859001124;AAS NKE_1206-K-TV-C3-MRO;05/09/2026;21/10/2026;Transit;China;Oct;2026;NKE;40;52
26SIFJXN0001895;19013717001124;AAS NKE_NJ306-E-TVP3-C3-MRO;05/09/2026;21/10/2026;Transit;China;Oct;2026;NKE;40;227,2
26SIFJXN0001895;19013935001124;AAS NKE_NJ209-E-TVP3-C3-MRO;05/09/2026;21/10/2026;Transit;China;Oct;2026;NKE;40;164
26SIFJXN0001895;19017991121124;AAS NKE_NU314-E-M6-C3-MRO;05/09/2026;21/10/2026;Transit;China;Oct;2026;NKE;40;442,4
26SIFJXN0001895;23021267001124;AAS NKE_HK6020-MRO;05/09/2026;21/10/2026;Transit;China;Oct;2026;NKE;40;50,4
26SIFJXN0001943;AS200418001501;6310 Z/NR;10/09/2026;21/10/2026;Transit;China;Oct;2026;A&S;40;134,4
26SIFJXN0001895;19013400001124;AAS NKE_NU202-E-TVP3-C3-MRO;05/09/2026;21/10/2026;Transit;China;Oct;2026;NKE;36;82,8
26SIFJXN0001895;14010904111190;AAS RMS 9 2RS/C4;05/09/2026;21/10/2026;Transit;China;Oct;2026;FERSA;34;73,1
26SIFJXN0001895;AS100363001501;HM 89446/10;05/09/2026;21/10/2026;Transit;China;Oct;2026;A&S;34;87,72
26SIFJXN0001941;15011327001190;AAS F 16035;10/09/2026;21/10/2026;Transit;China;Oct;2026;FERSA;34;105,4
26SIFJXN0001941;10010044131190;AAS 387 A/382 A;10/09/2026;21/10/2026;Transit;China;Oct;2026;FERSA;33;70,95
26SIFJXN0001941;10010855001190;AAS JHM 807045/12;10/09/2026;21/10/2026;Transit;China;Oct;2026;FERSA;33;218,79
26SIFJXN0001941;10011702001001;AAS F 15159;10/09/2026;21/10/2026;Transit;China;Oct;2026;FERSA;33;404,91
26SIFJXN0001941;19011440001190;AAS F 19039;10/09/2026;21/10/2026;Transit;China;Oct;2026;FERSA;33;490,05
26SIFJXN0001895;10010637001001;AAS 33115 F;05/09/2026;21/10/2026;Transit;China;Oct;2026;FERSA;32;237,76
26SIFJXN0001941;15011311001001;AAS F 16019;10/09/2026;21/10/2026;Transit;China;Oct;2026;FERSA;32;108,16
26SIFJXN0001943;AS400025001501;SCE 148;10/09/2026;21/10/2026;Transit;China;Oct;2026;A&S;32;14,08
26SIFJXN0001943;AS100090001501;15101/245;10/09/2026;21/10/2026;Transit;China;Oct;2026;A&S;31;65,1
26SIFJXN0001895;AS200013001501;6008 2RS/C3;05/09/2026;21/10/2026;Transit;China;Oct;2026;A&S;30;19,5
26SIFJXN0001941;14012055001001;AAS F 18051;10/09/2026;21/10/2026;Transit;China;Oct;2026;FERSA;29;129,34
26SIFJXN0001895;15115989001124;AAS NKE_2208-K-2RS-TV-C3-MRO;05/09/2026;21/10/2026;Transit;China;Oct;2026;NKE;28;92,12
26SIFJXN0001943;14514296001124;AAS NKE_3208-B-2RS-TV-C3-MRO;10/09/2026;21/10/2026;Transit;China;Oct;2026;NKE;28;150,92
26SIFJXN0001943;14014784111124;AAS NKE_61806-2RSR-MRO;10/09/2026;21/10/2026;Transit;China;Oct;2026;NKE;28;18,48
26SIFJXN0001895;23021519001124;AAS NKE_NKS25-MRO;05/09/2026;21/10/2026;Transit;China;Oct;2026;NKE;27;34,83
26SIFJXN0001941;10010283001190;AAS 14131/14276;10/09/2026;21/10/2026;Transit;China;Oct;2026;FERSA;26;37,44
26SIFJXN0001941;23012564001001;AAS F 17092 K;10/09/2026;21/10/2026;Transit;China;Oct;2026;FERSA;26;174,72
26SIFJXN0001941;15011278001190;AAS 3207 B 2RS/C3;10/09/2026;21/10/2026;Transit;China;Oct;2026;FERSA;25;81,5
26SIFJXN0001943;AS640007001501;UC210;10/09/2026;21/10/2026;Transit;China;Oct;2026;A&S;24;56,88
26SIFJXN0001941;14012207001001;AAS F 18052;10/09/2026;21/10/2026;Transit;China;Oct;2026;FERSA;23;341,78
26SIFJXN0001941;19011473001190;AAS NU 310 FMN/C3;10/09/2026;21/10/2026;Transit;China;Oct;2026;FERSA;22;165,88
26SIFJXN0001941;14010957141190;AAS 6216 C4;10/09/2026;21/10/2026;Transit;China;Oct;2026;FERSA;21;106,68
26SIFJXN0001941;14012477001001;AAS 6017 NR;10/09/2026;21/10/2026;Transit;China;Oct;2026;FERSA;21;164,64
26SIFJXN0001895;10015664111124;AAS NKE_30214-MRO;05/09/2026;21/10/2026;Transit;China;Oct;2026;NKE;20;73,4
26SIFJXN0001895;10020688001124;AAS NKE_33205-MRO;05/09/2026;21/10/2026;Transit;China;Oct;2026;NKE;20;28,8
26SIFJXN0001895;10021935001124;AAS NKE_30215-MRO;05/09/2026;21/10/2026;Transit;China;Oct;2026;NKE;20;81
26SIFJXN0001895;14019095001124;AAS NKE_61909-2Z-C3-MRO;05/09/2026;21/10/2026;Transit;China;Oct;2026;NKE;20;31,2
26SIFJXN0001895;14516468001124;AAS NKE_3211-B-2RS-TV-C3-MRO;05/09/2026;21/10/2026;Transit;China;Oct;2026;NKE;20;179
26SIFJXN0001895;14516470001124;AAS NKE_3213-B-2RS-TV-C3-MRO;05/09/2026;21/10/2026;Transit;China;Oct;2026;NKE;20;219,2
26SIFJXN0001895;14516678001124;AAS NKE_3311-B-2RS-TV-C3-MRO;05/09/2026;21/10/2026;Transit;China;Oct;2026;NKE;20;249,4
26SIFJXN0001895;15115950121124;AAS NKE_1215-C3-MRO;05/09/2026;21/10/2026;Transit;China;Oct;2026;NKE;20;135,6
26SIFJXN0001895;15115990001124;AAS NKE_2208-TV-C3-MRO;05/09/2026;21/10/2026;Transit;China;Oct;2026;NKE;20;42,2
26SIFJXN0001895;15116013001124;AAS NKE_2208-K-TV-C3-MRO;05/09/2026;21/10/2026;Transit;China;Oct;2026;NKE;20;53,8
26SIFJXN0001895;15116029001124;AAS NKE_2306-2RS-MRO;05/09/2026;21/10/2026;Transit;China;Oct;2026;NKE;20;72,6
26SIFJXN0001895;15116031001124;AAS NKE_1203-TV-C3-MRO;05/09/2026;21/10/2026;Transit;China;Oct;2026;NKE;20;16,8
26SIFJXN0001895;15121806001124;AAS NKE_1304-TV-MRO;05/09/2026;21/10/2026;Transit;China;Oct;2026;NKE;20;34
26SIFJXN0001895;19013410001124;AAS NKE_NUP308-E-TVP3-C3-MRO;05/09/2026;21/10/2026;Transit;China;Oct;2026;NKE;20;116,2
26SIFJXN0001895;19013496001124;AAS NKE_NU207-E-TVP3-C3-MRO;05/09/2026;21/10/2026;Transit;China;Oct;2026;NKE;20;61,2
26SIFJXN0001895;19013516111124;AAS NKE_NJ2208-E-TVP3-MRO;05/09/2026;21/10/2026;Transit;China;Oct;2026;NKE;20;56,4
26SIFJXN0001895;19013643001124;AAS NKE_NU208-E-TVP3-C3-MRO;05/09/2026;21/10/2026;Transit;China;Oct;2026;NKE;20;81,8
26SIFJXN0001895;19013726001124;AAS NKE_NJ207-E-TVP3-C3-MRO;05/09/2026;21/10/2026;Transit;China;Oct;2026;NKE;20;89,4
26SIFJXN0001895;19013831001124;AAS NKE_NU205-E-TVP3-C3-MRO;05/09/2026;21/10/2026;Transit;China;Oct;2026;NKE;20;54
26SIFJXN0001895;19013867001124;AAS NKE_NJ308-E-TVP3-C3-MRO;05/09/2026;21/10/2026;Transit;China;Oct;2026;NKE;20;132,2
26SIFJXN0001895;19013869001124;AAS NKE_NU209-E-TVP3-C3-MRO;05/09/2026;21/10/2026;Transit;China;Oct;2026;NKE;20;91,8
26SIFJXN0001895;19014043001124;AAS NKE_NJ208-E-TVP3-C3-MRO;05/09/2026;21/10/2026;Transit;China;Oct;2026;NKE;20;120,4
26SIFJXN0001895;19017146101124;AAS NKE_NJ305-E-TVP3-C3-MRO;05/09/2026;21/10/2026;Transit;China;Oct;2026;NKE;20;83,2
26SIFJXN0001895;19017191001124;AAS NKE_NU210-E-TVP-C3-MRO;05/09/2026;21/10/2026;Transit;China;Oct;2026;NKE;20;73,6
26SIFJXN0001895;19017547001124;AAS NKE_NUP310-E-TVP3-C3-MRO;05/09/2026;21/10/2026;Transit;China;Oct;2026;NKE;20;195,6
26SIFJXN0001895;23021240001124;AAS NKE_HK2516-MRO;05/09/2026;21/10/2026;Transit;China;Oct;2026;NKE;20;5,6
26SIFJXN0001895;28013021001113;AAS NKE_22228-E-K-C3-W33;05/09/2026;21/10/2026;Transit;China;Oct;2026;NKE;20;1284,6
26SIFJXN0001895;14014923001124;AAS NKE_61904-2Z-C3-MRO;05/09/2026;21/10/2026;Transit;China;Oct;2026;NKE;18;10,8
26SIFJXN0001895;14019439001124;AAS NKE_6212-M-C3-MRO;05/09/2026;21/10/2026;Transit;China;Oct;2026;NKE;18;194,4
26SIFJXN0001941;10010625001001;AAS 33021 F;10/09/2026;21/10/2026;Transit;China;Oct;2026;FERSA;18;193,68
26SIFJXN0001941;10012836001190;AAS JP 13049 A/10;10/09/2026;21/10/2026;Transit;China;Oct;2026;FERSA;18;181,98
26SIFJXN0001941;23012816001001;AAS F 17082 K;10/09/2026;21/10/2026;Transit;China;Oct;2026;FERSA;18;54,18
26SIFJXN0001941;10010212001190;AAS JW 5549/10;10/09/2026;21/10/2026;Transit;China;Oct;2026;FERSA;17;120,7
26SIFJXN0001941;14010957121190;AAS 6216 2RS/C3;10/09/2026;21/10/2026;Transit;China;Oct;2026;FERSA;17;64,94
26SIFJXN0001941;19011501001001;AAS NUP 211 FM/C3;10/09/2026;21/10/2026;Transit;China;Oct;2026;FERSA;17;136,85
26SIFJXN0001895;14015552001124;AAS NKE_6412-C3-MRO;05/09/2026;21/10/2026;Transit;China;Oct;2026;NKE;16;229,76
26SIFJXN0001895;19011494001190;AAS NUP 206 FM;05/09/2026;21/10/2026;Transit;China;Oct;2026;FERSA;16;95,04
26SIFJXN0001941;10010806001001;AAS LM 501349/14;10/09/2026;21/10/2026;Transit;China;Oct;2026;FERSA;16;28,96
26SIFJXN0001895;10010159001190;AAS 2780/2720;05/09/2026;21/10/2026;Transit;China;Oct;2026;FERSA;15;30
26SIFJXN0001941;14014615001113;AAS NKE_6014-2RSR-C3;10/09/2026;21/10/2026;Transit;China;Oct;2026;NKE;14;60,62
26SIFJXN0001941;19011480001190;AAS NJ 306 FM;10/09/2026;21/10/2026;Transit;China;Oct;2026;FERSA;14;29,68
26SIFJXN0001941;21010063001190;AAS U 399/U 365 L;10/09/2026;21/10/2026;Transit;China;Oct;2026;FERSA;13;35,1
26SIFJXN0001895;10010505121124;AAS NKE_30311-MRO;05/09/2026;21/10/2026;Transit;China;Oct;2026;NKE;12;52,32
26SIFJXN0001895;10010650001113;AAS NKE_33210;05/09/2026;21/10/2026;Transit;China;Oct;2026;NKE;12;39,36
26SIFJXN0001895;10015667001124;AAS NKE_32036-X-MRO;05/09/2026;21/10/2026;Transit;China;Oct;2026;NKE;12;684,48
26SIFJXN0001895;10015727001113;AAS NKE_32020-X;05/09/2026;21/10/2026;Transit;China;Oct;2026;NKE;12;88,8
26SIFJXN0001895;10020675111124;AAS NKE_33012-MRO;05/09/2026;21/10/2026;Transit;China;Oct;2026;NKE;12;74,64
26SIFJXN0001895;10020734001124;AAS NKE_33212-MRO;05/09/2026;21/10/2026;Transit;China;Oct;2026;NKE;12;59,64
26SIFJXN0001895;10021791001124;AAS NKE_30318-MRO;05/09/2026;21/10/2026;Transit;China;Oct;2026;NKE;12;161,28
26SIFJXN0001895;14014432001124;AAS NKE_4204-B-TV-MRO;05/09/2026;21/10/2026;Transit;China;Oct;2026;NKE;12;21,6
26SIFJXN0001895;14014447001124;AAS NKE_4304-B-TV-MRO;05/09/2026;21/10/2026;Transit;China;Oct;2026;NKE;12;25,68
26SIFJXN0001895;14014675001113;AAS NKE_6024;05/09/2026;21/10/2026;Transit;China;Oct;2026;NKE;12;123,72
26SIFJXN0001895;14014810001124;AAS NKE_61811-2RSR-MRO;05/09/2026;21/10/2026;Transit;China;Oct;2026;NKE;12;34,92
26SIFJXN0001895;14516619001124;AAS NKE_7308-BE-TVP-MRO;05/09/2026;21/10/2026;Transit;China;Oct;2026;NKE;12;56,04
26SIFJXN0001895;14516658001124;AAS NKE_7212-BE-TVP-MRO;05/09/2026;21/10/2026;Transit;China;Oct;2026;NKE;12;134,28
26SIFJXN0001895;15116010001124;AAS NKE_2310-2RS-TV-MRO;05/09/2026;21/10/2026;Transit;China;Oct;2026;NKE;12;123,84
26SIFJXN0001895;15116020001124;AAS NKE_1307-TV-MRO;05/09/2026;21/10/2026;Transit;China;Oct;2026;NKE;12;25,2
26SIFJXN0001895;15116037001124;AAS NKE_2212-2RS-C3-MRO;05/09/2026;21/10/2026;Transit;China;Oct;2026;NKE;12;89,88
26SIFJXN0001895;17020755001124;AAS NKE_51217-MRO;05/09/2026;21/10/2026;Transit;China;Oct;2026;NKE;12;82,8
26SIFJXN0001895;19017211001124;AAS NKE_NJ2209-E-TVP3-C3-MRO;05/09/2026;21/10/2026;Transit;China;Oct;2026;NKE;12;68,88
26SIFJXN0001895;23021434001124;AAS NKE_NK55/35-MRO;05/09/2026;21/10/2026;Transit;China;Oct;2026;NKE;12;37,44
26SIFJXN0001895;28020347111124;AAS NKE_22219-E-K-C3-W33-MRO;05/09/2026;21/10/2026;Transit;China;Oct;2026;NKE;12;232,08
26SIFJXN0001895;28020403111124;AAS NKE_22313-E-K-W33-MRO;05/09/2026;21/10/2026;Transit;China;Oct;2026;NKE;12;204,48
26SIFJXN0001895;AS640042001501;GRAE 45 NPPB 3L;05/09/2026;21/10/2026;Transit;China;Oct;2026;A&S;12;37,2
26SIFJXN0001895;AS640044001501;GRAE 55 NPPB 3L;05/09/2026;21/10/2026;Transit;China;Oct;2026;A&S;12;64,8
26SIFJXN0001941;10010072001190;AAS 469/453 X;10/09/2026;21/10/2026;Transit;China;Oct;2026;FERSA;12;74,88
26SIFJXN0001941;23012820001001;AAS F 17086 K;10/09/2026;21/10/2026;Transit;China;Oct;2026;FERSA;12;48,36
26SIFJXN0001943;14014994001124;AAS NKE_61922-2RSR-C3-MRO;10/09/2026;21/10/2026;Transit;China;Oct;2026;NKE;12;103,56
26SIFJXN0001943;53010100001124;AAS NKE_MB6-MRO;10/09/2026;21/10/2026;Transit;China;Oct;2026;NKE;12;0,72
26SIFJXN0001943;AS640008001501;UC211;10/09/2026;21/10/2026;Transit;China;Oct;2026;A&S;12;36,72
26SIFJXN0001895;14015394001113;AAS NKE_6306-2RS2-C3;05/09/2026;21/10/2026;Transit;China;Oct;2026;NKE;11;17,05
26SIFJXN0001941;10010840001190;AAS HM 801346/10;10/09/2026;21/10/2026;Transit;China;Oct;2026;FERSA;11;46,42
26SIFJXN0001941;14010985121190;AAS 6408 2RS/C3;10/09/2026;21/10/2026;Transit;China;Oct;2026;FERSA;11;16,83
26SIFJXN0001943;AS100226001501;HM 218248/10;10/09/2026;21/10/2026;Transit;China;Oct;2026;A&S;11;58,74
26SIFJXN0001895;23021388001124;AAS NKE_NK15/16-MRO;05/09/2026;21/10/2026;Transit;China;Oct;2026;NKE;10;5,5
26SIFJXN0001895;AS640041001501;GRAE 40 NPPB 3L;05/09/2026;21/10/2026;Transit;China;Oct;2026;A&S;10;29,4
26SIFJXN0001895;AS660012001501;TP00012;05/09/2026;21/10/2026;Transit;China;Oct;2026;A&S;10;104
26SIFJXN0001941;10010209001001;AAS JW 5049/JW 5010;10/09/2026;21/10/2026;Transit;China;Oct;2026;FERSA;10;59,6
26SIFJXN0001941;10010721001190;AAS 55187 C/55437;10/09/2026;21/10/2026;Transit;China;Oct;2026;FERSA;10;60,6
26SIFJXN0001941;10010772001001;AAS HM 89443/10;10/09/2026;21/10/2026;Transit;China;Oct;2026;FERSA;10;24
26SIFJXN0001941;10010773001001;AAS HM 89446/10;10/09/2026;21/10/2026;Transit;China;Oct;2026;FERSA;10;29,5
26SIFJXN0001943;AS100276001501;1280/20;10/09/2026;21/10/2026;Transit;China;Oct;2026;A&S;10;16
26SIFJXN0001943;AS100359001501;2689/31;10/09/2026;21/10/2026;Transit;China;Oct;2026;A&S;10;26
26SIFJXN0001943;AS210038001501;BB00038;10/09/2026;21/10/2026;Transit;China;Oct;2026;A&S;10;25,3
26SIFJXN0001941;14316347001190;AAS GE40-KRRB;10/09/2026;21/10/2026;Transit;China;Oct;2026;FERSA;9;31,5
26SIFJXN0001895;10011916121124;AAS NKE_30224-MRO;05/09/2026;21/10/2026;Transit;China;Oct;2026;NKE;8;158,08
26SIFJXN0001895;10020658111124;AAS NKE_30313-MRO;05/09/2026;21/10/2026;Transit;China;Oct;2026;NKE;8;47,52
26SIFJXN0001895;10021786001124;AAS NKE_30219-MRO;05/09/2026;21/10/2026;Transit;China;Oct;2026;NKE;8;116,56
26SIFJXN0001895;14010986151190;AAS 6409 ZZ/C3;05/09/2026;21/10/2026;Transit;China;Oct;2026;FERSA;8;35,44
26SIFJXN0001895;14014671001113;AAS NKE_6022-2RSR;05/09/2026;21/10/2026;Transit;China;Oct;2026;NKE;8;99,12
26SIFJXN0001895;14014672001113;AAS NKE_6022-2RSR-C3;05/09/2026;21/10/2026;Transit;China;Oct;2026;NKE;8;106,96
26SIFJXN0001895;14015201001124;AAS NKE_6218-2Z-C3-MRO;05/09/2026;21/10/2026;Transit;China;Oct;2026;NKE;8;68,24
26SIFJXN0001895;14514262001124;AAS NKE_7213-BE-TVP-MRO;05/09/2026;21/10/2026;Transit;China;Oct;2026;NKE;8;67,92
26SIFJXN0001895;14516642111124;AAS NKE_7309-BE-TVP-MRO;05/09/2026;21/10/2026;Transit;China;Oct;2026;NKE;8;34,8
26SIFJXN0001895;15120116121124;AAS NKE_1213-C3-MRO;05/09/2026;21/10/2026;Transit;China;Oct;2026;NKE;8;46,16
26SIFJXN0001895;15121805001124;AAS NKE_1220-K-C3-MRO;05/09/2026;21/10/2026;Transit;China;Oct;2026;NKE;8;134,64
26SIFJXN0001895;17012925001124;AAS NKE_51309-MRO;05/09/2026;21/10/2026;Transit;China;Oct;2026;NKE;8;33,6
26SIFJXN0001895;17012933001124;AAS NKE_51307-MRO;05/09/2026;21/10/2026;Transit;China;Oct;2026;NKE;8;13,76
26SIFJXN0001895;19013713001124;AAS NKE_NJ309-E-TVP3-C3-MRO;05/09/2026;21/10/2026;Transit;China;Oct;2026;NKE;8;66,24
26SIFJXN0001895;19013727001124;AAS NKE_NJ2306-E-TVP3-MRO;05/09/2026;21/10/2026;Transit;China;Oct;2026;NKE;8;28,88
26SIFJXN0001895;19016970121124;AAS NKE_NUP2308-E-TVP3-C3-MRO;05/09/2026;21/10/2026;Transit;China;Oct;2026;NKE;8;94,88
26SIFJXN0001895;23021478001124;AAS NKE_NKI35/30-MRO;05/09/2026;21/10/2026;Transit;China;Oct;2026;NKE;8;16,88
26SIFJXN0001895;23021479001124;AAS NKE_NKI38/20-MRO;05/09/2026;21/10/2026;Transit;China;Oct;2026;NKE;8;18,32
26SIFJXN0001895;28013024001113;AAS NKE_22230-E-K-C3-W33;05/09/2026;21/10/2026;Transit;China;Oct;2026;NKE;8;604
26SIFJXN0001895;28013040001113;AAS NKE_22320-E-C3-W33;05/09/2026;21/10/2026;Transit;China;Oct;2026;NKE;8;513,84
26SIFJXN0001895;28013074111124;AAS NKE_23020-CE-C3-W33-MRO;05/09/2026;21/10/2026;Transit;China;Oct;2026;NKE;8;111,44
26SIFJXN0001895;28020383111124;AAS NKE_22309-E-K-C3-W33-MRO;05/09/2026;21/10/2026;Transit;China;Oct;2026;NKE;8;83,92
26SIFJXN0001895;28020511001124;AAS NKE_23122-CE-C3-W33-MRO;05/09/2026;21/10/2026;Transit;China;Oct;2026;NKE;8;309,6
26SIFJXN0001895;28021919001124;AAS NKE_22317-E-K-C3-W33-MRO;05/09/2026;21/10/2026;Transit;China;Oct;2026;NKE;8;468,56
26SIFJXN0001941;10010726001190;AAS 59162/59412;10/09/2026;21/10/2026;Transit;China;Oct;2026;FERSA;8;50,32
26SIFJXN0001941;11011953001190;AAS F 15168;10/09/2026;21/10/2026;Transit;China;Oct;2026;FERSA;8;54,88
26SIFJXN0001941;14010971111190;AAS 6310 2RS;10/09/2026;21/10/2026;Transit;China;Oct;2026;FERSA;8;31,84
26SIFJXN0001941;15011344001001;AAS F 16052;10/09/2026;21/10/2026;Transit;China;Oct;2026;FERSA;8;44,4
26SIFJXN0001943;14014466131124;AAS NKE_6000-2Z-MRO;10/09/2026;21/10/2026;Transit;China;Oct;2026;NKE;8;2,48
26SIFJXN0001943;14014881001124;AAS NKE_61828-2RSR-MRO;10/09/2026;21/10/2026;Transit;China;Oct;2026;NKE;8;179,92
26SIFJXN0001895;10010875001001;AAS HM 903249/10;05/09/2026;21/10/2026;Transit;China;Oct;2026;FERSA;7;34,93
26SIFJXN0001895;14015016001113;AAS NKE_6201;05/09/2026;21/10/2026;Transit;China;Oct;2026;NKE;7;3,08
26SIFJXN0001895;14516722001124;AAS NKE_3216-B-TV-C3-MRO;05/09/2026;21/10/2026;Transit;China;Oct;2026;NKE;7;138,95
26SIFJXN0001941;10010459001190;AAS 29590/29522;10/09/2026;21/10/2026;Transit;China;Oct;2026;FERSA;7;17,43
26SIFJXN0001941;10012315001190;AAS F 15266;10/09/2026;21/10/2026;Transit;China;Oct;2026;FERSA;7;40,04
26SIFJXN0001941;10022490001001;AAS HM 624749/10;10/09/2026;21/10/2026;Transit;China;Oct;2026;FERSA;7;157,5
26SIFJXN0001895;10020670001113;AAS NKE_32313;05/09/2026;21/10/2026;Transit;China;Oct;2026;NKE;6;66,18
26SIFJXN0001895;14015417001113;AAS NKE_6308-2RS2-C3;05/09/2026;21/10/2026;Transit;China;Oct;2026;NKE;6;13,2
26SIFJXN0001895;28120643001124;AAS NKE_29418-E-MRO;05/09/2026;21/10/2026;Transit;China;Oct;2026;NKE;6;408,3
26SIFJXN0001895;28120644001124;AAS NKE_29420-E-MRO;05/09/2026;21/10/2026;Transit;China;Oct;2026;NKE;6;435,9
26SIFJXN0001941;10010503001001;AAS 30309 F;10/09/2026;21/10/2026;Transit;China;Oct;2026;FERSA;6;20,58
26SIFJXN0001941;10010675001190;AAS 34300/34500;10/09/2026;21/10/2026;Transit;China;Oct;2026;FERSA;6;61,86
26SIFJXN0001943;14015316111124;AAS NKE_627-2Z-MRO;10/09/2026;21/10/2026;Transit;China;Oct;2026;NKE;6;1,62
26SIFJXN0001943;14015491121124;AAS NKE_6318-2RS2-C3-MRO;10/09/2026;21/10/2026;Transit;China;Oct;2026;NKE;6;95,82
26SIFJXN0001943;AS100039001501;32214;10/09/2026;21/10/2026;Transit;China;Oct;2026;A&S;6;21,84
26SIFJXN0001943;14019383001124;AAS NKE_61912-2Z-C3-MRO;10/09/2026;21/10/2026;Transit;China;Oct;2026;NKE;6;17,34
26SIFJXN0001895;10015650001113;AAS NKE_32016-X;05/09/2026;21/10/2026;Transit;China;Oct;2026;NKE;5;24,8
26SIFJXN0001895;14514153111124;AAS NKE_3312-B-TV-C3-MRO;05/09/2026;21/10/2026;Transit;China;Oct;2026;NKE;5;90,35
26SIFJXN0001895;23021405001124;AAS NKE_NK24/20-MRO;05/09/2026;21/10/2026;Transit;China;Oct;2026;NKE;5;4
26SIFJXN0001941;10011980001001;AAS F 15265;10/09/2026;21/10/2026;Transit;China;Oct;2026;FERSA;5;59,1
26SIFJXN0001943;14514055001124;AAS NKE_3205-B-TV-MRO;10/09/2026;21/10/2026;Transit;China;Oct;2026;NKE;5;9,35
26SIFJXN0001895;10020658001113;AAS NKE_30313;05/09/2026;21/10/2026;Transit;China;Oct;2026;NKE;4;33,16
26SIFJXN0001895;10021787001124;AAS NKE_30221-MRO;05/09/2026;21/10/2026;Transit;China;Oct;2026;NKE;4;56,32
26SIFJXN0001895;14010933161190;AAS 6013 ZZ/C3;05/09/2026;21/10/2026;Transit;China;Oct;2026;FERSA;4;9,24
26SIFJXN0001895;14010975161190;AAS 6314 ZZ/C3;05/09/2026;21/10/2026;Transit;China;Oct;2026;FERSA;4;25,56
26SIFJXN0001895;14010986121190;AAS 6409 2RS/C3;05/09/2026;21/10/2026;Transit;China;Oct;2026;FERSA;4;13,04
26SIFJXN0001895;14014404111124;AAS NKE_16021-MRO;05/09/2026;21/10/2026;Transit;China;Oct;2026;NKE;4;42,88
26SIFJXN0001895;14015273121124;AAS NKE_62310-2RS2-C3-MRO;05/09/2026;21/10/2026;Transit;China;Oct;2026;NKE;4;25,08
26SIFJXN0001895;14015507001113;AAS NKE_6320-C3;05/09/2026;21/10/2026;Transit;China;Oct;2026;NKE;4;112,92
26SIFJXN0001895;14019777001124;AAS NKE_6032-M-C3-MRO;05/09/2026;21/10/2026;Transit;China;Oct;2026;NKE;4;97,28
26SIFJXN0001895;15115896001124;AAS NKE_2313-K-C3-MRO;05/09/2026;21/10/2026;Transit;China;Oct;2026;NKE;4;57,88
26SIFJXN0001895;17012943001124;AAS NKE_51222-MRO;05/09/2026;21/10/2026;Transit;China;Oct;2026;NKE;4;37,32
26SIFJXN0001895;19017687111124;AAS NKE_NJ2213-E-TVP3-MRO;05/09/2026;21/10/2026;Transit;China;Oct;2026;NKE;4;32,32
26SIFJXN0001895;19017753121124;AAS NKE_NU2214-E-TVP3-MRO;05/09/2026;21/10/2026;Transit;China;Oct;2026;NKE;4;26,56
26SIFJXN0001895;19020797001124;AAS NKE_NU1022-M-C3-MRO;05/09/2026;21/10/2026;Transit;China;Oct;2026;NKE;4;97,28
26SIFJXN0001895;28013023001124;AAS NKE_22230-E-C3-W33-MRO;05/09/2026;21/10/2026;Transit;China;Oct;2026;NKE;4;256,64
26SIFJXN0001895;28013039001124;AAS NKE_22318-E-C3-W33-MRO;05/09/2026;21/10/2026;Transit;China;Oct;2026;NKE;4;276,56
26SIFJXN0001895;28120637111124;AAS NKE_29412-E-MRO;05/09/2026;21/10/2026;Transit;China;Oct;2026;NKE;4;116,24
26SIFJXN0001943;14014436111124;AAS NKE_4206-B-TV-MRO;10/09/2026;21/10/2026;Transit;China;Oct;2026;NKE;4;8,4
26SIFJXN0001943;14019196001124;AAS NKE_62201-2RSR-C3-MRO;10/09/2026;21/10/2026;Transit;China;Oct;2026;NKE;4;3,16
26SIFJXN0001943;AS100052001501;32309;10/09/2026;21/10/2026;Transit;China;Oct;2026;A&S;4;12,32
26SIFJXN0001943;AS100128001501;32006 X;10/09/2026;21/10/2026;Transit;China;Oct;2026;A&S;4;3,24
26SIFJXN0001943;AS410023001501;NB0023;10/09/2026;21/10/2026;Transit;China;Oct;2026;A&S;4;11,6
26SIFJXN0001895;14014784001113;AAS NKE_61806-2RSR;05/09/2026;21/10/2026;Transit;China;Oct;2026;NKE;3;2,37
26SIFJXN0001895;14516441001124;AAS NKE_3217-M-MRO;05/09/2026;21/10/2026;Transit;China;Oct;2026;NKE;3;68,25
26SIFJXN0001895;27010012001190;AAS 11 BC;05/09/2026;21/10/2026;Transit;China;Oct;2026;FERSA;3;1,53
26SIFJXN0001895;AS100118001501;29585/20;05/09/2026;21/10/2026;Transit;China;Oct;2026;A&S;3;9,63
26SIFJXN0001943;10020681001124;AAS NKE_33022-MRO;10/09/2026;21/10/2026;Transit;China;Oct;2026;NKE;3;37,59
26SIFJXN0001943;15115994001124;AAS NKE_2205-2RS-TV-C3-MRO;10/09/2026;21/10/2026;Transit;China;Oct;2026;NKE;3;5,4
26SIFJXN0001895;10010185121190;AAS 3780/3720;05/09/2026;21/10/2026;Transit;China;Oct;2026;FERSA;2;4,7
26SIFJXN0001895;10010503001001;AAS 30309 F;05/09/2026;21/10/2026;Transit;China;Oct;2026;FERSA;2;6,86
26SIFJXN0001895;10110113001001;CEM 3382;05/09/2026;21/10/2026;Transit;China;Oct;2026;FERSA;2;5,6
26SIFJXN0001895;14014922001124;AAS NKE_61904-2Z-MRO;05/09/2026;21/10/2026;Transit;China;Oct;2026;NKE;2;1,08
26SIFJXN0001895;14216883001124;AAS NKE_361201-R-MRO;05/09/2026;21/10/2026;Transit;China;Oct;2026;NKE;2;2,44
26SIFJXN0001895;14516603001113;AAS NKE_QJ210-MPA;05/09/2026;21/10/2026;Transit;China;Oct;2026;NKE;2;15,56
26SIFJXN0001895;15012734001190;AAS F 16208;05/09/2026;21/10/2026;Transit;China;Oct;2026;FERSA;2;18,96
26SIFJXN0001895;17022552001124;AAS NKE_53320-MRO;05/09/2026;21/10/2026;Transit;China;Oct;2026;NKE;2;49,72
26SIFJXN0001941;10011916001190;AAS 30224 F;10/09/2026;21/10/2026;Transit;China;Oct;2026;FERSA;2;16,06
26SIFJXN0001941;11012327001001;AAS F 15271;10/09/2026;21/10/2026;Transit;China;Oct;2026;FERSA;2;48,56
26SIFJXN0001943;10020718001124;AAS NKE_32032-X-MRO;10/09/2026;21/10/2026;Transit;China;Oct;2026;NKE;2;83,38
26SIFJXN0001943;15115878001124;AAS NKE_2215-K-C3-MRO;10/09/2026;21/10/2026;Transit;China;Oct;2026;NKE;2;14,16
26SIFJXN0001895;10021943001113;AAS NKE_33115;05/09/2026;21/10/2026;Transit;China;Oct;2026;NKE;1;5,6
26SIFJXN0001895;14014925121124;AAS NKE_61905-2RS-MRO;05/09/2026;21/10/2026;Transit;China;Oct;2026;NKE;1;0,67
26SIFJXN0001895;14015470001113;AAS NKE_6314-C3;05/09/2026;21/10/2026;Transit;China;Oct;2026;NKE;1;8,21
26SIFJXN0001895;14015500001124;AAS NKE_6319-2Z-C3-MRO;05/09/2026;21/10/2026;Transit;China;Oct;2026;NKE;1;16,61
26SIFJXN0001895;19016971001124;AAS NKE_NUP2306-E-TVP3-C3-MRO;05/09/2026;21/10/2026;Transit;China;Oct;2026;NKE;1;5,52
26SIFJXN0001941;10010492001190;AAS 30222 F;10/09/2026;21/10/2026;Transit;China;Oct;2026;FERSA;1;11,09
26SIFJXN0001943;14014494121124;AAS NKE_6003-2RS2-MRO;10/09/2026;21/10/2026;Transit;China;Oct;2026;NKE;1;0,43
26SIFJXN0001943;14014647111124;AAS NKE_6018-2Z-MRO;10/09/2026;21/10/2026;Transit;China;Oct;2026;NKE;1;5,15
26SIFJXN0001943;14015480131124;AAS NKE_6316-2Z-MRO;10/09/2026;21/10/2026;Transit;China;Oct;2026;NKE;1;10,58
26SIFJXN0001943;14516677001124;AAS NKE_3310-B-2Z-TV-C3-MRO;10/09/2026;21/10/2026;Transit;China;Oct;2026;NKE;1;13,1
26SIFJXN0001943;AS600027001501;GE40 DO 2RS;10/09/2026;21/10/2026;Transit;China;Oct;2026;A&S;1;1,53
26SIFJXN0001943;14019171001124;AAS NKE_6028-2RS-MRO;10/09/2026;21/10/2026;Transit;China;Oct;2026;NKE;1;20,47
2650200041;28020309001113;AAS NKE_22210-E-C3-W33;30/06/2026;30/10/2026;Transit;India;Oct;2026;NKE;100;1043,18
2650200041;28020315001113;AAS NKE_22211-E-K-C3-W33;30/06/2026;30/10/2026;Transit;India;Oct;2026;NKE;100;1224,64
2650200041;28020318001113;AAS NKE_22212-E-C3-W33;30/06/2026;30/10/2026;Transit;India;Oct;2026;NKE;100;1319,24
2650200041;28020320001113;AAS NKE_22213-E-K-C3-W33;30/06/2026;30/10/2026;Transit;India;Oct;2026;NKE;100;1636,58
2650200041;28020329001113;AAS NKE_22215-E-K-C3-W33;30/06/2026;30/10/2026;Transit;India;Oct;2026;NKE;100;1922,96
2650200041;28013007001113;AAS NKE_22212-E-K-C3-W33;30/06/2026;30/10/2026;Transit;India;Oct;2026;NKE;60;819,408
2650200041;28020334001113;AAS NKE_22216-E-K-C3-W33;30/06/2026;30/10/2026;Transit;India;Oct;2026;NKE;60;1444,8
2650200041;28020343001113;AAS NKE_22218-E-K-C3-W33;30/06/2026;30/10/2026;Transit;India;Oct;2026;NKE;60;1908,168
2650200041;28020305001113;AAS NKE_22209-E-C3-W33;30/06/2026;30/10/2026;Transit;India;Oct;2026;NKE;40;401,792
2650200041;28020391001113;AAS NKE_22311-E-C3-W33;30/06/2026;30/10/2026;Transit;India;Oct;2026;NKE;40;827,32
2650200041;28020405001113;AAS NKE_22314-E-C3-W33;30/06/2026;30/10/2026;Transit;India;Oct;2026;NKE;40;1418,312
2650200041;28020287001113;AAS NKE_22205-E-C3-W33;30/06/2026;30/10/2026;Transit;India;Oct;2026;NKE;20;159,96
2650200041;28020291001113;AAS NKE_22206-E-C3-W33;30/06/2026;30/10/2026;Transit;India;Oct;2026;NKE;20;172,516
2650200041;28020293001113;AAS NKE_22206-E-K-C3-W33;30/06/2026;30/10/2026;Transit;India;Oct;2026;NKE;20;173,548
2650200041;28020296001113;AAS NKE_22207-E-C3-W33;30/06/2026;30/10/2026;Transit;India;Oct;2026;NKE;20;140,696
2650200041;28020297001113;AAS NKE_22207-E-K-C3-W33;30/06/2026;30/10/2026;Transit;India;Oct;2026;NKE;20;178,192
2650200041;28020313001113;AAS NKE_22211-E-C3-W33;30/06/2026;30/10/2026;Transit;India;Oct;2026;NKE;20;179,224
2650200041;28020323001113;AAS NKE_22214-E-C3-W33;30/06/2026;30/10/2026;Transit;India;Oct;2026;NKE;20;367,564
2650200041;28020328001113;AAS NKE_22215-E-C3-W33;30/06/2026;30/10/2026;Transit;India;Oct;2026;NKE;20;430
2650200041;28020350001113;AAS NKE_22220-E-C3-W33;30/06/2026;30/10/2026;Transit;India;Oct;2026;NKE;20;698,32
2650200044;16525620101000;EXT CLAC M 007;30/06/2026;30/10/2026;Transit;India;Oct;2026;FERSA;20;364,64
2650200044;16525626101000;EXT CLAC M 013;30/06/2026;30/10/2026;Transit;India;Oct;2026;FERSA;20;133,3
2650200041;28020351001113;AAS NKE_22220-E-K-C3-W33;30/06/2026;30/10/2026;Transit;India;Oct;2026;NKE;12;524,6688
2650200041;28020396001113;AAS NKE_22312-E-K-C3-W33;30/06/2026;30/10/2026;Transit;India;Oct;2026;NKE;12;321,1584
2650200041;28020410001113;AAS NKE_22315-E-C3-W33;30/06/2026;30/10/2026;Transit;India;Oct;2026;NKE;12;400,416
2650200041;28020346001113;AAS NKE_22219-E-C3-W33;30/06/2026;30/10/2026;Transit;India;Oct;2026;NKE;4;140,1456
2650200044;16525618101000;EXT CLAC M 005;30/06/2026;30/10/2026;Transit;India;Oct;2026;FERSA;4;29,3088
2650200044;16525622101000;EXT CLAC M 009;30/06/2026;30/10/2026;Transit;India;Oct;2026;FERSA;3;12,9
2650200044;16525619101000;EXT CLAC M 006;30/06/2026;30/10/2026;Transit;India;Oct;2026;FERSA;2;31,2352
26FAV02983;PF410015001801;PFI NB-148;20/09/2026;02/11/2026;Transit;China;Nov;2026;PFI;40000;9200
26FAV02982 ;PF100257001801;PFI LM67048/10;20/09/2026;02/11/2026;Transit;China;Nov;2026;PFI;7820;7194,4
26FAV02982 ;PF200082001801;PFI 608-ZZ C3;20/09/2026;02/11/2026;Transit;China;Nov;2026;PFI;6161;800,93
26FAV02983;PF200224001801;PFI 6802-2RS C3;20/09/2026;02/11/2026;Transit;China;Nov;2026;PFI;5821;1513,46
26FAV02982 ;PF230026001801;PW34670037CS;20/09/2026;02/11/2026;Transit;China;Nov;2026;PFI;5480;14796
26FAV02982 ;PF200118001801;PFI 6204-2RS C3;20/09/2026;02/11/2026;Transit;China;Nov;2026;PFI;4800;1824
26FAV02982 ;PF200131001801;PFI 6206-2RS C3;20/09/2026;02/11/2026;Transit;China;Nov;2026;PFI;4767;3050,88
26FAV02982 ;PF200103001801;PFI 6202-2RS C3;20/09/2026;02/11/2026;Transit;China;Nov;2026;PFI;3250;780
26FAV02983;PF230029001801;PW27550032CS;20/09/2026;02/11/2026;Transit;China;Nov;2026;PFI;2981;7601,55
26FAV02983;PF200256001801;PFI R8-2RS C3;20/09/2026;02/11/2026;Transit;China;Nov;2026;PFI;2940;705,6
26FAV02982 ;PF640042001801;PFI GRA108NPPB-3L;20/09/2026;02/11/2026;Transit;China;Nov;2026;PFI;2397;7622,46
26FAV02982 ;PF210058001801;PF110415;20/09/2026;02/11/2026;Transit;China;Nov;2026;PFI;1922;2248,74
26FAV02983;PF210143001801;PVW1000;20/09/2026;02/11/2026;Transit;China;Nov;2026;PFI;1910;16120,4
26FAV02983;PF200346001801;PFI 6203-ZZ NR C3;20/09/2026;02/11/2026;Transit;China;Nov;2026;PFI;1620;583,2
26FAV02983;PF100035001801;PFI 30303D;20/09/2026;02/11/2026;Transit;China;Nov;2026;PFI;1580;1406,2
26FAV02983;PF210042001801;PFI BB1-0078;20/09/2026;02/11/2026;Transit;China;Nov;2026;PFI;1296;1360,8
26FAV02983;PF640016001801;PFI 208KRR4 C3;20/09/2026;02/11/2026;Transit;China;Nov;2026;PFI;1190;2689,4
26FAV02983;PF200124001801;PFI 6205-2RS D1 C3;20/09/2026;02/11/2026;Transit;China;Nov;2026;PFI;1100;638
26FAV02982 ;PF640011001801;PFI 205KRRB2 C3;20/09/2026;02/11/2026;Transit;China;Nov;2026;PFI;1100;1683
26FAV02983;PF640011001801;PFI 205KRRB2 C3;20/09/2026;02/11/2026;Transit;China;Nov;2026;PFI;1040;1591,2
26FAV02983;PF100257001801;PFI LM67048/10;20/09/2026;02/11/2026;Transit;China;Nov;2026;PFI;1020;938,4
26FAV02982 ;PF200064001801;PFI 6005-2RS C3;20/09/2026;02/11/2026;Transit;China;Nov;2026;PFI;980;323,4
26FAV02982 ;PF200079001801;PFI 607-2RS C3;20/09/2026;02/11/2026;Transit;China;Nov;2026;PFI;940;188
26FAV02982 ;PF200226001801;PFI 6804-2RS C3;20/09/2026;02/11/2026;Transit;China;Nov;2026;PFI;920;358,8
26FAV02982 ;PF100116001801;PFI 15106/250X;20/09/2026;02/11/2026;Transit;China;Nov;2026;PFI;860;1333
26FAV02982 ;PF640019001801;PFI G1100KRRB-3L;20/09/2026;02/11/2026;Transit;China;Nov;2026;PFI;840;1352,4
26FAV02982 ;PF230016001801;PW25520042CS;20/09/2026;02/11/2026;Transit;China;Nov;2026;PFI;820;2148,4
26FAV02983;PF200027001801;PFI 5205-2RS C3;20/09/2026;02/11/2026;Transit;China;Nov;2026;PFI;715;1329,9
26FAV02983;PF640024001801;PFI G1108KRRB-3L;20/09/2026;02/11/2026;Transit;China;Nov;2026;PFI;650;2190,5
26FAV02982 ;PF640014001801;PFI 207KRR AH03 C3;20/09/2026;02/11/2026;Transit;China;Nov;2026;PFI;640;1228,8
26FAV02983;PF900163001801;PW29530037CSHDM;20/09/2026;02/11/2026;Transit;China;Nov;2026;PFI;616;2544,08
26FAV02983;PF200203001801;PFI 6306-2RS C3;20/09/2026;02/11/2026;Transit;China;Nov;2026;PFI;551;738,34
26FAV02983;PF310006001801;PGDF555809;20/09/2026;02/11/2026;Transit;China;Nov;2026;PFI;540;1296
26FAV02982 ;PF200225001801;PFI 6803-2RS C3;20/09/2026;02/11/2026;Transit;China;Nov;2026;PFI;540;113,4
26FAV02983;PF100009001801;PFI 30210;20/09/2026;02/11/2026;Transit;China;Nov;2026;PFI;520;1034,8
26FAV02982 ;PF200238001801;PFI 6903-2RS C3;20/09/2026;02/11/2026;Transit;China;Nov;2026;PFI;520;161,2
26FAV02983;PF120060001801;PW55900060CSHD;20/09/2026;02/11/2026;Transit;China;Nov;2026;PFI;500;3325
26FAV02982 ;PF100260001801;PFI M12649/10;20/09/2026;02/11/2026;Transit;China;Nov;2026;PFI;480;384
26FAV02982 ;PF200105001801;PFI 6202-2RS 5/8 C3;20/09/2026;02/11/2026;Transit;China;Nov;2026;PFI;460;193,2
26FAV02982 ;PF230034001801;PW28610042CS;20/09/2026;02/11/2026;Transit;China;Nov;2026;PFI;460;1426
26FAV02983;PF100002001801;PFI 30203;20/09/2026;02/11/2026;Transit;China;Nov;2026;PFI;450;324
26FAV02983;PF900030001801;PW40800023/18CSK;20/09/2026;02/11/2026;Transit;China;Nov;2026;PFI;432;2380,32
26FAV02982 ;PF200084001801;PFI 62/22-2RS C3;20/09/2026;02/11/2026;Transit;China;Nov;2026;PFI;400;256
26FAV02983;PF200072001801;PFI 6011-2RS C3;20/09/2026;02/11/2026;Transit;China;Nov;2026;PFI;388;679
26FAV02982 ;PF230048001801;PW34640037CS;20/09/2026;02/11/2026;Transit;China;Nov;2026;PFI;340;890,8
26FAV02982 ;PF640017001801;PFI 209KRRB2 C3;20/09/2026;02/11/2026;Transit;China;Nov;2026;PFI;324;975,24
26FAV02982 ;PF200107001801;PFI 6202-2RS D16 C3;20/09/2026;02/11/2026;Transit;China;Nov;2026;PFI;320;96
26FAV02983;PF230026001801;PW34670037CS;20/09/2026;02/11/2026;Transit;China;Nov;2026;PFI;300;810
26FAV02982 ;PF100124001801;PFI 24780/20;20/09/2026;02/11/2026;Transit;China;Nov;2026;PFI;300;618
26FAV02982 ;PF640009001801;PFI 204KRR2 C3;20/09/2026;02/11/2026;Transit;China;Nov;2026;PFI;300;306
26FAV02983;PF640031001801;PFI GNE40KRRB-3L;20/09/2026;02/11/2026;Transit;China;Nov;2026;PFI;280;1663,2
26FAV02983;PF100256001801;PFI LM603049/12;20/09/2026;02/11/2026;Transit;China;Nov;2026;PFI;260;486,2
26FAV02982 ;PF200104001801;PFI 6202-ZZ C3;20/09/2026;02/11/2026;Transit;China;Nov;2026;PFI;250;57,5
26FAV02983;PF200148001801;PFI 62201-2RS C3;20/09/2026;02/11/2026;Transit;China;Nov;2026;PFI;248;79,36
26FAV02982 ;PF100251001801;PFI LM48548/10;20/09/2026;02/11/2026;Transit;China;Nov;2026;PFI;240;273,6
26FAV02982 ;PF200069001801;PFI 6008-2RS C3;20/09/2026;02/11/2026;Transit;China;Nov;2026;PFI;240;240
26FAV02982 ;PF100241001801;PFI LM104949/11;20/09/2026;02/11/2026;Transit;China;Nov;2026;PFI;220;437,8
26FAV02983;PF230122001801;PW42760039CS;20/09/2026;02/11/2026;Transit;China;Nov;2026;PFI;219;814,68
26FAV02982 ;PF200222001801;PFI 6800-2RS C3;20/09/2026;02/11/2026;Transit;China;Nov;2026;PFI;180;41,4
26FAV02982 ;PF200343001801;PFI 6004-ZZ C3;20/09/2026;02/11/2026;Transit;China;Nov;2026;PFI;180;55,8
26FAV02983;PF640078001801;PFI UC208-24-3L;20/09/2026;02/11/2026;Transit;China;Nov;2026;PFI;172;516
26FAV02983;PF200164001801;PFI 62309-2RS C3;20/09/2026;02/11/2026;Transit;China;Nov;2026;PFI;170;705,5
26FAV02983;PF100046001801;PFI 32213;20/09/2026;02/11/2026;Transit;China;Nov;2026;PFI;164;700,28
26FAV02983;PF230037001801;PW30600337CS;20/09/2026;02/11/2026;Transit;China;Nov;2026;PFI;160;401,6
26FAV02982 ;PF100243001801;PFI LM11749/10;20/09/2026;02/11/2026;Transit;China;Nov;2026;PFI;160;107,2
26FAV02982 ;PF200078001801;PFI 606-2RS C3;20/09/2026;02/11/2026;Transit;China;Nov;2026;PFI;160;33,6
26FAV02982 ;PF100186001801;PFI 395A/4A;20/09/2026;02/11/2026;Transit;China;Nov;2026;PFI;158;521,4
26FAV02983;PF100268001801;PFI U399/U360L;20/09/2026;02/11/2026;Transit;China;Nov;2026;PFI;140;445,2
26FAV02983;PF200350001801;PFI 623-ZZ C3;20/09/2026;02/11/2026;Transit;China;Nov;2026;PFI;140;37,8
26FAV02983;PF230036001801;PW30550032CS;20/09/2026;02/11/2026;Transit;China;Nov;2026;PFI;140;347,2
26FAV02983;PF640019001801;PFI G1100KRRB-3L;20/09/2026;02/11/2026;Transit;China;Nov;2026;PFI;140;225,4
26FAV02982 ;PF200032001801;PFI 5209-2RS C3;20/09/2026;02/11/2026;Transit;China;Nov;2026;PFI;140;581
26FAV02983;PF100123001801;PFI 18590/20;20/09/2026;02/11/2026;Transit;China;Nov;2026;PFI;120;171,6
26FAV02983;PF210063001801;PFI 18073305;20/09/2026;02/11/2026;Transit;China;Nov;2026;PFI;114;149,34
26FAV02983;PF110014001801;PTR070904;20/09/2026;02/11/2026;Transit;China;Nov;2026;PFI;110;482,9
26FAV02983;PF230051001801;PW35640037CS;20/09/2026;02/11/2026;Transit;China;Nov;2026;PFI;100;256
26FAV02983;PF200057001801;PFI 6000-ZZ C3;20/09/2026;02/11/2026;Transit;China;Nov;2026;PFI;100;19
26FAV02982 ;PF100022001801;PFI 30304;20/09/2026;02/11/2026;Transit;China;Nov;2026;PFI;100;100
26FAV02982 ;PF100106001801;PFI 11590/20;20/09/2026;02/11/2026;Transit;China;Nov;2026;PFI;100;89
26FAV02982 ;PF100114001801;PFI 15103S/243;20/09/2026;02/11/2026;Transit;China;Nov;2026;PFI;100;155
26FAV02982 ;PF200042001801;PFI 60/22-2RS C3;20/09/2026;02/11/2026;Transit;China;Nov;2026;PFI;100;78
26FAV02982 ;PF200117001801;PFI 6204-2RS C0;20/09/2026;02/11/2026;Transit;China;Nov;2026;PFI;100;37
26FAV02982 ;PF200247001801;PFI 697-2RS C3;20/09/2026;02/11/2026;Transit;China;Nov;2026;PFI;100;26
26FAV02982 ;PF240192001801;PHU57120;20/09/2026;02/11/2026;Transit;China;Nov;2026;PFI;100;1473
26FAV02982 ;PF230008001801;PW42800037CS;20/09/2026;02/11/2026;Transit;China;Nov;2026;PFI;90;328,5
26FAV02982 ;PF200217001801;PFI 6312-2RS C3;20/09/2026;02/11/2026;Transit;China;Nov;2026;PFI;87;454,14
26FAV02982 ;PF200256001801;PFI R8-2RS C3;20/09/2026;02/11/2026;Transit;China;Nov;2026;PFI;86;20,64
26FAV02983;PF210034001801;PFI B17-126D;20/09/2026;02/11/2026;Transit;China;Nov;2026;PFI;80;94,4
26FAV02982 ;PF100254001801;PFI LM503349/10;20/09/2026;02/11/2026;Transit;China;Nov;2026;PFI;80;109,6
26FAV02982 ;PF100255001801;PFI LM603049/11;20/09/2026;02/11/2026;Transit;China;Nov;2026;PFI;80;132
26FAV02982 ;PF200166001801;PFI 624-2RS C3;20/09/2026;02/11/2026;Transit;China;Nov;2026;PFI;80;16,8
26FAV02982 ;PF410009001801;PFI NB-111R;20/09/2026;02/11/2026;Transit;China;Nov;2026;PFI;75;33
26FAV02982 ;PF100225001801;PFI HM903249/10;20/09/2026;02/11/2026;Transit;China;Nov;2026;PFI;70;231
26FAV02983;PF100029001801;PFI 30309;20/09/2026;02/11/2026;Transit;China;Nov;2026;PFI;64;186,88
26FAV02983;PF100139001801;PFI 28580/21;20/09/2026;02/11/2026;Transit;China;Nov;2026;PFI;60;181,2
26FAV02983;PF210110001801;P35BVV07X;20/09/2026;02/11/2026;Transit;China;Nov;2026;PFI;60;222
26FAV02982 ;PF100007001801;PFI 30208;20/09/2026;02/11/2026;Transit;China;Nov;2026;PFI;60;100,8
26FAV02982 ;PF200208001801;PFI 6307-ZZ C3;20/09/2026;02/11/2026;Transit;China;Nov;2026;PFI;60;102
26FAV02982 ;PF200229001801;PFI 684-2RS C3;20/09/2026;02/11/2026;Transit;China;Nov;2026;PFI;60;12,6
26FAV02982 ;PF210007001801;PFI 6203LHA-15;20/09/2026;02/11/2026;Transit;China;Nov;2026;PFI;60;28,2
26FAV02982 ;PF210109001801;PFI 5302-2RS C3;20/09/2026;02/11/2026;Transit;China;Nov;2026;PFI;60;103,8
26FAV02982 ;PF230071001801;PW37720033CSM;20/09/2026;02/11/2026;Transit;China;Nov;2026;PFI;60;237,6
26FAV02982 ;PF200017001801;PFI 16003 C3;20/09/2026;02/11/2026;Transit;China;Nov;2026;PFI;60;12,6
26FAV02983;PF100070001801;PFI 33015;20/09/2026;02/11/2026;Transit;China;Nov;2026;PFI;50;239
26FAV02983;PF410002001801;PFI NB-101;20/09/2026;02/11/2026;Transit;China;Nov;2026;PFI;50;7,5
26FAV02982 ;PF230107001801;PW40750039CSM;20/09/2026;02/11/2026;Transit;China;Nov;2026;PFI;50;212,5
26FAV02982 ;PF410002001801;PFI NB-101;20/09/2026;02/11/2026;Transit;China;Nov;2026;PFI;50;7,5
26FAV02982 ;PF200245001801;PFI 695-2RS C3;20/09/2026;02/11/2026;Transit;China;Nov;2026;PFI;47;10,34
26FAV02982 ;PF100212001801;PFI HM218248/10;20/09/2026;02/11/2026;Transit;China;Nov;2026;PFI;44;313,72
26FAV02982 ;PF250234001801;PHU2518;20/09/2026;02/11/2026;Transit;China;Nov;2026;PFI;41;753,58
26FAV02983;PF230016001801;PW25520042CS;20/09/2026;02/11/2026;Transit;China;Nov;2026;PFI;40;104,8
26FAV02983;PF230151001801;PW45840039CSM;20/09/2026;02/11/2026;Transit;China;Nov;2026;PFI;40;209,6
26FAV02983;PF100127001801;PFI 25580/21;20/09/2026;02/11/2026;Transit;China;Nov;2026;PFI;40;76,4
26FAV02982 ;PF100205001801;PFI 594A/2A;20/09/2026;02/11/2026;Transit;China;Nov;2026;PFI;40;280
26FAV02982 ;PF200136001801;PFI 6206-2RS D20 C3;20/09/2026;02/11/2026;Transit;China;Nov;2026;PFI;40;53,6
26FAV02982 ;PF200156001801;PFI 623-2RS C3;20/09/2026;02/11/2026;Transit;China;Nov;2026;PFI;40;8,4
26FAV02982 ;PF200193001801;PFI 6303-ZZ C3;20/09/2026;02/11/2026;Transit;China;Nov;2026;PFI;40;16,8
26FAV02982 ;PF200249001801;PFI 699-2RS C3;20/09/2026;02/11/2026;Transit;China;Nov;2026;PFI;40;8,4
26FAV02982 ;PF200294001801;PFI BB1B446740;20/09/2026;02/11/2026;Transit;China;Nov;2026;PFI;40;83,6
26FAV02982 ;PF210110001801;P35BVV07X;20/09/2026;02/11/2026;Transit;China;Nov;2026;PFI;40;148
26FAV02982 ;PF270026001801;PCR614018;20/09/2026;02/11/2026;Transit;China;Nov;2026;PFI;40;128
26FAV02983;PF100055001801;PFI 32304;20/09/2026;02/11/2026;Transit;China;Nov;2026;PFI;37;48,1
26FAV02982 ;PF230051001801;PW35640037CS;20/09/2026;02/11/2026;Transit;China;Nov;2026;PFI;37;94,72
26FAV02983;PF200245001801;PFI 695-2RS C3;20/09/2026;02/11/2026;Transit;China;Nov;2026;PFI;33;7,26
26FAV02982 ;PF230122001801;PW42760039CS;20/09/2026;02/11/2026;Transit;China;Nov;2026;PFI;33;122,76
26FAV02982 ;PF100163001801;PFI 32013X;20/09/2026;02/11/2026;Transit;China;Nov;2026;PFI;31;76,57
26FAV02983;PF100269001801;PFI U399A/U365L;20/09/2026;02/11/2026;Transit;China;Nov;2026;PFI;30;111,6
26FAV02983;PF230007001801;PW43780044CSM;20/09/2026;02/11/2026;Transit;China;Nov;2026;PFI;30;129,9
26FAV02983;PF900061001801;PW37720033CSMK;20/09/2026;02/11/2026;Transit;China;Nov;2026;PFI;30;117
26FAV02982 ;PF100058001801;PFI 32307;20/09/2026;02/11/2026;Transit;China;Nov;2026;PFI;30;73,5
26FAV02982 ;PF200209001801;PFI 6307-Z NR C3;20/09/2026;02/11/2026;Transit;China;Nov;2026;PFI;30;53,4
26FAV02983;PF100025001801;PFI 30307;20/09/2026;02/11/2026;Transit;China;Nov;2026;PFI;29;53,65
26FAV02983;PF410003001801;PFI NB-109R;20/09/2026;02/11/2026;Transit;China;Nov;2026;PFI;25;7,75
26FAV02982 ;PF100076001801;PFI 33022;20/09/2026;02/11/2026;Transit;China;Nov;2026;PFI;21;239,82
26FAV02983;PF100172001801;PFI 32024X;20/09/2026;02/11/2026;Transit;China;Nov;2026;PFI;20;213,2
26FAV02983;PF200156001801;PFI 623-2RS C3;20/09/2026;02/11/2026;Transit;China;Nov;2026;PFI;20;4,2
26FAV02983;PF210050001801;PFI 949100-3820;20/09/2026;02/11/2026;Transit;China;Nov;2026;PFI;20;15,8
26FAV02983;PF220025001801;PC35520012CS;20/09/2026;02/11/2026;Transit;China;Nov;2026;PFI;20;22,4
26FAV02983;PF230171001801;PW51910044CSM;20/09/2026;02/11/2026;Transit;China;Nov;2026;PFI;20;120,2
26FAV02983;PF230024001801;PW35660033CS;20/09/2026;02/11/2026;Transit;China;Nov;2026;PFI;20;54,6
26FAV02983;PF270004001801;PCR2523;20/09/2026;02/11/2026;Transit;China;Nov;2026;PFI;20;38
26FAV02983;PF100190001801;PFI 39585/20;20/09/2026;02/11/2026;Transit;China;Nov;2026;PFI;20;93,4
26FAV02983;PF200015001801;PFI 16001 C3;20/09/2026;02/11/2026;Transit;China;Nov;2026;PFI;20;4,6
26FAV02983;PF230088001801;PW30540024CS2RS;20/09/2026;02/11/2026;Transit;China;Nov;2026;PFI;20;39,2
26FAV02982 ;PF100005001801;PFI 30206;20/09/2026;02/11/2026;Transit;China;Nov;2026;PFI;20;21,2
26FAV02982 ;PF100101001801;PFI 1988/22;20/09/2026;02/11/2026;Transit;China;Nov;2026;PFI;20;27,4
26FAV02982 ;PF100202001801;PFI 57410/29710HC;20/09/2026;02/11/2026;Transit;China;Nov;2026;PFI;20;30,2
26FAV02982 ;PF210010001801;PFI 6202-TT C3;20/09/2026;02/11/2026;Transit;China;Nov;2026;PFI;20;7,2
26FAV02982 ;PF210039001801;PFI B8-74D;20/09/2026;02/11/2026;Transit;China;Nov;2026;PFI;20;8,6
26FAV02982 ;PF220011001801;PC30470020CS;20/09/2026;02/11/2026;Transit;China;Nov;2026;PFI;20;40,2
26FAV02982 ;PF230036001801;PW30550032CS;20/09/2026;02/11/2026;Transit;China;Nov;2026;PFI;20;49,6
26FAV02982 ;PF230041001801;PW30620032CS;20/09/2026;02/11/2026;Transit;China;Nov;2026;PFI;20;51,6
26FAV02982 ;PF230047001801;PW34580024CS;20/09/2026;02/11/2026;Transit;China;Nov;2026;PFI;20;46,8
26FAV02982 ;PF270016001801;PCR2241;20/09/2026;02/11/2026;Transit;China;Nov;2026;PFI;20;47,8
26FAV02982 ;PF270047001801;PCR614014;20/09/2026;02/11/2026;Transit;China;Nov;2026;PFI;20;61,2
26FAV02982 ;PF200067001801;PFI 6006-2RS D32 C3;20/09/2026;02/11/2026;Transit;China;Nov;2026;PFI;20;12,2
26FAV02982 ;PF100160001801;PFI 32009XJA;20/09/2026;02/11/2026;Transit;China;Nov;2026;PFI;20;40
26FAV02983;PF100093001801;PFI 33210;20/09/2026;02/11/2026;Transit;China;Nov;2026;PFI;19;61,37
26FAV02983;PF100163001801;PFI 32013X;20/09/2026;02/11/2026;Transit;China;Nov;2026;PFI;19;46,93
26FAV02982 ;PF100194001801;PFI 3984/20;20/09/2026;02/11/2026;Transit;China;Nov;2026;PFI;18;61,74
26FAV02983;PF900118001801;PHU8507K;20/09/2026;02/11/2026;Transit;China;Nov;2026;PFI;15;146,25
26FAV02982 ;PF250206001801;PHU3413;20/09/2026;02/11/2026;Transit;China;Nov;2026;PFI;15;256,5
26FAV02982 ;PF200121001801;PFI 6204 W12 C3;20/09/2026;02/11/2026;Transit;China;Nov;2026;PFI;13;4,29
26FAV02983;PF100171001801;PFI 32022X;20/09/2026;02/11/2026;Transit;China;Nov;2026;PFI;12;127,2
26FAV02983;PF640084001801;PFI UC213-3L;20/09/2026;02/11/2026;Transit;China;Nov;2026;PFI;12;105,36
26FAV02982 ;PF100025001801;PFI 30307;20/09/2026;02/11/2026;Transit;China;Nov;2026;PFI;11;20,35
26FAV02982 ;PF250246001801;PHU57663;20/09/2026;02/11/2026;Transit;China;Nov;2026;PFI;11;226,05
26FAV02983;PF230085001801;PW38730040CSM;20/09/2026;02/11/2026;Transit;China;Nov;2026;PFI;10;36,9
26FAV02983;PF230103001801;PW40740036CS;20/09/2026;02/11/2026;Transit;China;Nov;2026;PFI;10;30,6
26FAV02983;PF270053001801;PCR3552;20/09/2026;02/11/2026;Transit;China;Nov;2026;PFI;10;35,6
26FAV02983;PF640076001801;PFI UC207-23-3L;20/09/2026;02/11/2026;Transit;China;Nov;2026;PFI;10;25,2
26FAV02983;PF900032001801;PW42750037CSK;20/09/2026;02/11/2026;Transit;China;Nov;2026;PFI;10;33,2
26FAV02983;PF220040001801;PC45750032CS;20/09/2026;02/11/2026;Transit;China;Nov;2026;PFI;10;39,3
26FAV02982 ;PF100077001801;PFI 33108;20/09/2026;02/11/2026;Transit;China;Nov;2026;PFI;10;20,6
26FAV02982 ;PF230149001801;PW45830045CS;20/09/2026;02/11/2026;Transit;China;Nov;2026;PFI;10;43,1
26FAV02982 ;PF230155001801;PW45840045CS;20/09/2026;02/11/2026;Transit;China;Nov;2026;PFI;10;50,2
26FAV02983;PF650035001801;PFI UCP208-24-3L;20/09/2026;02/11/2026;Transit;China;Nov;2026;PFI;9;46,98
26FAV02982 ;PF100209001801;PFI 683/672;20/09/2026;02/11/2026;Transit;China;Nov;2026;PFI;9;103,59
26FAV02982 ;PF100320001801;PFI 663/653;20/09/2026;02/11/2026;Transit;China;Nov;2026;PFI;8;57,04
26FAV02982 ;PF250266001801;PHU590528;20/09/2026;02/11/2026;Transit;China;Nov;2026;PFI;8;126,48
26FAV02983;PF100087001801;PFI 33118;20/09/2026;02/11/2026;Transit;China;Nov;2026;PFI;7;62,44
26FAV02983;PF100052001801;PFI 32219;20/09/2026;02/11/2026;Transit;China;Nov;2026;PFI;6;59,46
26FAV02983;PF140013001801;PHU60030;20/09/2026;02/11/2026;Transit;China;Nov;2026;PFI;6;106,02
26FAV02982 ;PF150082001801;PHU57000;20/09/2026;02/11/2026;Transit;China;Nov;2026;PFI;6;100,38
26FAV02982 ;PF250191001801;PHU590201;20/09/2026;02/11/2026;Transit;China;Nov;2026;PFI;6;95,82
26FAV02983;PF900113001801;PHU57011K;20/09/2026;02/11/2026;Transit;China;Nov;2026;PFI;5;89,4
26FAV02983;PF250155001801;PHU3270;20/09/2026;02/11/2026;Transit;China;Nov;2026;PFI;5;116,45
26FAV02982 ;PF100307001801;PFI 32315;20/09/2026;02/11/2026;Transit;China;Nov;2026;PFI;3;42,84
26FAV02982 ;PF240085001801;PHU3098;20/09/2026;02/11/2026;Transit;China;Nov;2026;PFI;2;11,08
26FAV02983;PF250246001801;PHU57663;20/09/2026;02/11/2026;Transit;China;Nov;2026;PFI;1;20,55
26FAV02687 ;PF410015001801;PFI NB-148;15/09/2026;06/11/2026;Transit;China;Nov;2026;PFI;37175;8550,25
26FAV02688;PF120002001801;PW25520037CSHD2;15/09/2026;06/11/2026;Transit;China;Nov;2026;PFI;2752;6769,92
26FAV02688;PF200130001801;PFI 6206-2RS C0;15/09/2026;06/11/2026;Transit;China;Nov;2026;PFI;2080;12292,8
26FAV02687 ;PF200256001801;PFI R8-2RS C3;15/09/2026;06/11/2026;Transit;China;Nov;2026;PFI;1630;391,2
26FAV02687 ;PF200084001801;PFI 62/22-2RS C3;15/09/2026;06/11/2026;Transit;China;Nov;2026;PFI;1400;896
26FAV02688;PF100007001801;PFI 30208;15/09/2026;06/11/2026;Transit;China;Nov;2026;PFI;938;1575,84
26FAV02687 ;PF200225001801;PFI 6803-2RS C3;15/09/2026;06/11/2026;Transit;China;Nov;2026;PFI;920;193,2
26FAV02687 ;PF210075001801;PFI B17-92D;15/09/2026;06/11/2026;Transit;China;Nov;2026;PFI;900;387
26FAV02687 ;PF230029001801;PW27550032CS;15/09/2026;06/11/2026;Transit;China;Nov;2026;PFI;720;1836
26FAV02687 ;PF100227001801;PFI JL69349/10;15/09/2026;06/11/2026;Transit;China;Nov;2026;PFI;680;741,2
26FAV02687 ;PF120019001801;PW49840048CSHD;15/09/2026;06/11/2026;Transit;China;Nov;2026;PFI;520;3083,6
26FAV02687 ;PF200216001801;PFI 6311-2RS C3;15/09/2026;06/11/2026;Transit;China;Nov;2026;PFI;497;2236,5
26FAV02688;PF230026001801;PW34670037CS;15/09/2026;06/11/2026;Transit;China;Nov;2026;PFI;470;1269
26FAV02687 ;PF640019001801;PFI G1100KRRB-3L;15/09/2026;06/11/2026;Transit;China;Nov;2026;PFI;443;713,23
26FAV02688;PF200214001801;PFI 6309-2RS C3;15/09/2026;06/11/2026;Transit;China;Nov;2026;PFI;420;1037,4
26FAV02687 ;PF230051001801;PW35640037CS;15/09/2026;06/11/2026;Transit;China;Nov;2026;PFI;343;878,08
26FAV02687 ;PF100008001801;PFI 30209;15/09/2026;06/11/2026;Transit;China;Nov;2026;PFI;341;630,85
26FAV02687 ;PF200078001801;PFI 606-2RS C3;15/09/2026;06/11/2026;Transit;China;Nov;2026;PFI;320;67,2
26FAV02687 ;PF200244001801;PFI 6908-2RS C3;15/09/2026;06/11/2026;Transit;China;Nov;2026;PFI;300;336
26FAV02687 ;PF900163001801;PW29530037CSHDM;15/09/2026;06/11/2026;Transit;China;Nov;2026;PFI;300;1239
26FAV02687 ;PF100106001801;PFI 11590/20;15/09/2026;06/11/2026;Transit;China;Nov;2026;PFI;280;249,2
26FAV02687 ;PF100114001801;PFI 15103S/243;15/09/2026;06/11/2026;Transit;China;Nov;2026;PFI;280;434
26FAV02687 ;PF640036001801;PFI GRA100NPPB-3L;15/09/2026;06/11/2026;Transit;China;Nov;2026;PFI;263;389,24
26FAV02687 ;PF120025001801;PW40730055CSHD;15/09/2026;06/11/2026;Transit;China;Nov;2026;PFI;260;1731,6
26FAV02687 ;PF100194001801;PFI 3984/20;15/09/2026;06/11/2026;Transit;China;Nov;2026;PFI;252;864,36
26FAV02688;PF200037001801;PFI 5306-2RS C3;15/09/2026;06/11/2026;Transit;China;Nov;2026;PFI;230;657,8
26FAV02687 ;PF100358001801;PFI JW6049/10;15/09/2026;06/11/2026;Transit;China;Nov;2026;PFI;225;1917
26FAV02688;PF200203001801;PFI 6306-2RS C3;15/09/2026;06/11/2026;Transit;China;Nov;2026;PFI;220;294,8
26FAV02687 ;PF100123001801;PFI 18590/20;15/09/2026;06/11/2026;Transit;China;Nov;2026;PFI;200;286
26FAV02687 ;PF400002001801;PFI NB-151;15/09/2026;06/11/2026;Transit;China;Nov;2026;PFI;200;30
26FAV02687 ;PF100229001801;PFI JLM104948/10;15/09/2026;06/11/2026;Transit;China;Nov;2026;PFI;192;370,56
26FAV02687 ;PF200073001801;PFI 6012-2RS C3;15/09/2026;06/11/2026;Transit;China;Nov;2026;PFI;190;353,4
26FAV02687 ;PF150082001801;PHU57000;15/09/2026;06/11/2026;Transit;China;Nov;2026;PFI;167;2793,91
26FAV02688;PF100103001801;PFI 32010X;15/09/2026;06/11/2026;Transit;China;Nov;2026;PFI;146;258,42
26FAV02687 ;PF100262001801;PFI M802048/11;15/09/2026;06/11/2026;Transit;China;Nov;2026;PFI;140;375,2
26FAV02687 ;PF200031001801;PFI 5208-2RS C3;15/09/2026;06/11/2026;Transit;China;Nov;2026;PFI;126;432,18
26FAV02687 ;PF100025001801;PFI 30307;15/09/2026;06/11/2026;Transit;China;Nov;2026;PFI;120;222
26FAV02687 ;PF200224001801;PFI 6802-2RS C3;15/09/2026;06/11/2026;Transit;China;Nov;2026;PFI;120;31,2
26FAV02687 ;PF210061001801;PA45750027/15CS;15/09/2026;06/11/2026;Transit;China;Nov;2026;PFI;120;478,8
26FAV02687 ;PF640030001801;PFI GE50KRRB-3L;15/09/2026;06/11/2026;Transit;China;Nov;2026;PFI;120;507,6
26FAV02688;PF200012001801;PFI R6202-2RS C3;15/09/2026;06/11/2026;Transit;China;Nov;2026;PFI;120;26,4
26FAV02687 ;PF200082001801;PFI 608-ZZ C3;15/09/2026;06/11/2026;Transit;China;Nov;2026;PFI;100;13
26FAV02687 ;PF200012001801;PFI R6202-2RS C3;15/09/2026;06/11/2026;Transit;China;Nov;2026;PFI;90;19,8
26FAV02687 ;PF200027001801;PFI 5205-2RS C3;15/09/2026;06/11/2026;Transit;China;Nov;2026;PFI;80;148,8
26FAV02687 ;PF230025001801;PW35720033CS;15/09/2026;06/11/2026;Transit;China;Nov;2026;PFI;80;268
26FAV02688;PF210044001801;PFI 949100-2790;15/09/2026;06/11/2026;Transit;China;Nov;2026;PFI;80;31,2
26FAV02688;PF100029001801;PFI 30309;15/09/2026;06/11/2026;Transit;China;Nov;2026;PFI;76;221,92
26FAV02687 ;PF230115001801;PW40900028/23CS;15/09/2026;06/11/2026;Transit;China;Nov;2026;PFI;70;189
26FAV02687 ;PF640055001801;PFI GY1108KRRB-3L;15/09/2026;06/11/2026;Transit;China;Nov;2026;PFI;70;203,7
26FAV02688;PF100235001801;PFI L44649/10;15/09/2026;06/11/2026;Transit;China;Nov;2026;PFI;66;48,18
26FAV02687 ;PF200093001801;PFI 62000-2RS C3;15/09/2026;06/11/2026;Transit;China;Nov;2026;PFI;60;16,2
26FAV02687 ;PF200325001801;PFI 6005-2RS C3.EXF;15/09/2026;06/11/2026;Transit;China;Nov;2026;PFI;60;16,2
26FAV02687 ;PF210031001801;PFI B15-86D;15/09/2026;06/11/2026;Transit;China;Nov;2026;PFI;60;35,4
26FAV02687 ;PF210045001801;PFI 949100-3190;15/09/2026;06/11/2026;Transit;China;Nov;2026;PFI;60;33,6
26FAV02688;PF200167001801;PFI 625-2RS C3;15/09/2026;06/11/2026;Transit;China;Nov;2026;PFI;60;12,6
26FAV02687 ;PF100077001801;PFI 33108;15/09/2026;06/11/2026;Transit;China;Nov;2026;PFI;50;103
26FAV02687 ;PF250045001801;PHU2257;15/09/2026;06/11/2026;Transit;China;Nov;2026;PFI;46;682,18
26FAV02687 ;PF100162001801;PFI 32012X;15/09/2026;06/11/2026;Transit;China;Nov;2026;PFI;45;102,15
26FAV02687 ;PF100050001801;PFI 32217;15/09/2026;06/11/2026;Transit;China;Nov;2026;PFI;40;274,4
26FAV02687 ;PF100120001801;PFI 15123/250;15/09/2026;06/11/2026;Transit;China;Nov;2026;PFI;40;52
26FAV02687 ;PF210039001801;PFI B8-74D;15/09/2026;06/11/2026;Transit;China;Nov;2026;PFI;40;17,2
26FAV02687 ;PF210050001801;PFI 949100-3820;15/09/2026;06/11/2026;Transit;China;Nov;2026;PFI;40;31,6
26FAV02687 ;PF230036001801;PW30550032CS;15/09/2026;06/11/2026;Transit;China;Nov;2026;PFI;40;99,2
26FAV02687 ;PF230093001801;PW39680737CS;15/09/2026;06/11/2026;Transit;China;Nov;2026;PFI;40;130,8
26FAV02688;PF100001001801;PFI 30202;15/09/2026;06/11/2026;Transit;China;Nov;2026;PFI;40;30,4
26FAV02688;PF200163001801;PFI 62306-2RS C3;15/09/2026;06/11/2026;Transit;China;Nov;2026;PFI;40;65,2
26FAV02687 ;PF200183001801;PFI 63006-2RS C3;15/09/2026;06/11/2026;Transit;China;Nov;2026;PFI;38;37,24
26FAV02687 ;PF200217001801;PFI 6312-2RS C3;15/09/2026;06/11/2026;Transit;China;Nov;2026;PFI;36;187,92
26FAV02687 ;PF250239001801;PHU5064T;15/09/2026;06/11/2026;Transit;China;Nov;2026;PFI;36;767,52
26FAV02687 ;PF310005001801;P8ENK345920;15/09/2026;06/11/2026;Transit;China;Nov;2026;PFI;34;70,38
26FAV02687 ;PF200316001801;PFI 6214-2RS C3;15/09/2026;06/11/2026;Transit;China;Nov;2026;PFI;30;125,4
26FAV02687 ;PF900062001801;PW38690039/34CSMK;15/09/2026;06/11/2026;Transit;China;Nov;2026;PFI;29;126,44
26FAV02687 ;PF100186001801;PFI 395A/4A;15/09/2026;06/11/2026;Transit;China;Nov;2026;PFI;22;72,6
26FAV02687 ;PF100035001801;PFI 30303D;15/09/2026;06/11/2026;Transit;China;Nov;2026;PFI;20;17,8
26FAV02687 ;PF120040001801;PW45800048CSHD;15/09/2026;06/11/2026;Transit;China;Nov;2026;PFI;20;116,4
26FAV02687 ;PF120044001801;PW45800055CSHD2;15/09/2026;06/11/2026;Transit;China;Nov;2026;PFI;20;140,4
26FAV02687 ;PF200087001801;PFI 62/28 NR C3;15/09/2026;06/11/2026;Transit;China;Nov;2026;PFI;20;27,4
26FAV02687 ;PF220025001801;PC35520012CS;15/09/2026;06/11/2026;Transit;China;Nov;2026;PFI;20;22,4
26FAV02687 ;PF230067001801;PW36640037CS;15/09/2026;06/11/2026;Transit;China;Nov;2026;PFI;20;63,4
26FAV02687 ;PF230071001801;PW37720033CSM;15/09/2026;06/11/2026;Transit;China;Nov;2026;PFI;20;79,2
26FAV02687 ;PF230132001801;PW42820336CSM;15/09/2026;06/11/2026;Transit;China;Nov;2026;PFI;20;95,2
26FAV02687 ;PF270013001801;PCR3623;15/09/2026;06/11/2026;Transit;China;Nov;2026;PFI;20;58
26FAV02687 ;PF270035001801;PCR3606;15/09/2026;06/11/2026;Transit;China;Nov;2026;PFI;20;75,8
26FAV02687 ;PF640101001801;RAE20NPPB-3L;15/09/2026;06/11/2026;Transit;China;Nov;2026;PFI;20;31,8
26FAV02688;PF100158001801;PFI 32008/72;15/09/2026;06/11/2026;Transit;China;Nov;2026;PFI;20;43
26FAV02688;PF200074001801;PFI 6013-2RS C3;15/09/2026;06/11/2026;Transit;China;Nov;2026;PFI;20;41,6
26FAV02688;PF200225001801;PFI 6803-2RS C3;15/09/2026;06/11/2026;Transit;China;Nov;2026;PFI;20;4,2
26FAV02687 ;PF120066001801;PW9414800135CSHD;15/09/2026;06/11/2026;Transit;China;Nov;2026;PFI;18;603,72
26FAV02688;PF900113001801;PHU57011K;15/09/2026;06/11/2026;Transit;China;Nov;2026;PFI;13;232,44
26FAV02688;PF100203001801;PFI 575/572;15/09/2026;06/11/2026;Transit;China;Nov;2026;PFI;12;85,56
26FAV02687 ;PF100189001801;PFI 39580/20;15/09/2026;06/11/2026;Transit;China;Nov;2026;PFI;10;46,7
26FAV02687 ;PF230103001801;PW40740036CS;15/09/2026;06/11/2026;Transit;China;Nov;2026;PFI;10;30,6
26FAV02687 ;PF640031001801;PFI GNE40KRRB-3L;15/09/2026;06/11/2026;Transit;China;Nov;2026;PFI;10;59,4
26FAV02687 ;PF250158001801;PHU3275;15/09/2026;06/11/2026;Transit;China;Nov;2026;PFI;9;152,64
26FAV02687 ;PF200121001801;PFI 6204 W12 C3;15/09/2026;06/11/2026;Transit;China;Nov;2026;PFI;7;2,31
26FAV02687 ;PF230063001801;PW35720033CSM;15/09/2026;06/11/2026;Transit;China;Nov;2026;PFI;6;20,16
26FAV02687 ;PF410023001801;PFI NB-2012;15/09/2026;06/11/2026;Transit;China;Nov;2026;PFI;6;4,62
26FAV02687 ;PF900361001801;PHU590755K;15/09/2026;06/11/2026;Transit;China;Nov;2026;PFI;6;102,6
26FAV02688;PF100031001801;PFI 30312;15/09/2026;06/11/2026;Transit;China;Nov;2026;PFI;6;30,48
26FAV02688;PF100166001801;PFI 32016X;15/09/2026;06/11/2026;Transit;China;Nov;2026;PFI;6;25,56
26FAV02688;PF100238001801;PFI L68149/10;15/09/2026;06/11/2026;Transit;China;Nov;2026;PFI;5;4,8
26FAV02687 ;PF210012001801;PFI 6202VVNCX;15/09/2026;06/11/2026;Transit;China;Nov;2026;PFI;4;1,12
26FAV02687 ;PF250103001801;PHU3157;15/09/2026;06/11/2026;Transit;China;Nov;2026;PFI;4;54,44
26FAV02687 ;PF900118001801;PHU8507K;15/09/2026;06/11/2026;Transit;China;Nov;2026;PFI;4;39
26FAV02688;PF100094001801;PFI 33211;15/09/2026;06/11/2026;Transit;China;Nov;2026;PFI;4;14,56
26FAV02687 ;PF100087001801;PFI 33118;15/09/2026;06/11/2026;Transit;China;Nov;2026;PFI;3;26,76
26FAV02687 ;PF240018001801;PHU2038;15/09/2026;06/11/2026;Transit;China;Nov;2026;PFI;3;29,91
26FAV02687 ;PF650035001801;PFI UCP208-24-3L;15/09/2026;06/11/2026;Transit;China;Nov;2026;PFI;3;15,66
26FAV02687 ;PF100089001801;PFI 33206;15/09/2026;06/11/2026;Transit;China;Nov;2026;PFI;2;3,58
26FAV02687 ;PF150042001801;PHU5058;15/09/2026;06/11/2026;Transit;China;Nov;2026;PFI;2;55,96
26FAV02687 ;PF240039001801;PHU2175;15/09/2026;06/11/2026;Transit;China;Nov;2026;PFI;2;20,76
26FAV02687 ;PF250191001801;PHU590201;15/09/2026;06/11/2026;Transit;China;Nov;2026;PFI;1;15,97
26SIFJXN0002152 ;14015044001113;AAS NKE_6203-2RS2-C3;26/09/2026;09/11/2026;Transit;China;Nov;2026;NKE;4500;2385
26SIFJXN0002149 ;AS100043001515;32218;26/09/2026;09/11/2026;Transit;China;Nov;2026;A&S;3960;19126,8
26SIFJXN0002149 ;AS200034001501;6207 2RS/C3;26/09/2026;09/11/2026;Transit;China;Nov;2026;A&S;2506;2180,22
26SIFJXN0002149 ;AS100202001501;LM 48548/10;26/09/2026;09/11/2026;Transit;China;Nov;2026;A&S;1476;1446,48
26SIFJXN0002152 ;AS100043001515;32218;26/09/2026;09/11/2026;Transit;China;Nov;2026;A&S;1440;6955,2
26SIFJXN0002149 ;AS100204001501;LM 501349/10;26/09/2026;09/11/2026;Transit;China;Nov;2026;A&S;1183;1573,39
26SIFJXN0002152 ;14014494001113;AAS NKE_6003-2RS2;26/09/2026;09/11/2026;Transit;China;Nov;2026;NKE;943;452,64
26SIFJXN0002149 ;14014485001113;AAS NKE_6002-2RS2;26/09/2026;09/11/2026;Transit;China;Nov;2026;NKE;909;399,96
26SIFJXN0002152 ;AS100211001501;M 12649/10;26/09/2026;09/11/2026;Transit;China;Nov;2026;A&S;844;666,76
26SIFJXN0002152 ;12012081001195;AAS F 200014;26/09/2026;09/11/2026;Transit;China;Nov;2026;FERSA;831;26359,32
26SIFJXN0002149 ;14015060001113;AAS NKE_6204-2Z-C3;26/09/2026;09/11/2026;Transit;China;Nov;2026;NKE;600;360
26SIFJXN0002152 ;AS100204001501;LM 501349/10;26/09/2026;09/11/2026;Transit;China;Nov;2026;A&S;590;784,7
26SIFJXN0002152 ;AS100202001501;LM 48548/10;26/09/2026;09/11/2026;Transit;China;Nov;2026;A&S;524;513,52
26SIFJXN0002152 ;AS660020001501;TP00020;26/09/2026;09/11/2026;Transit;China;Nov;2026;A&S;512;2350,08
26SIFJXN0002152 ;AS100313001501;HM 88649/10;26/09/2026;09/11/2026;Transit;China;Nov;2026;A&S;451;1159,07
26SIFJXN0002149 ;AS640005001501;UC208;26/09/2026;09/11/2026;Transit;China;Nov;2026;A&S;410;701,1
26SIFJXN0002152 ;AS410146001501;NB0146;26/09/2026;09/11/2026;Transit;China;Nov;2026;A&S;400;384
26SIFJXN0002149 ;14011026101001;AAS 62305 2RS/C3;26/09/2026;09/11/2026;Transit;China;Nov;2026;FERSA;395;632
26SIFJXN0002149 ;14010965191001;AAS 6305 ZZ/C3;26/09/2026;09/11/2026;Transit;China;Nov;2026;FERSA;393;471,6
26SIFJXN0002152 ;AS400002001501;SCH 1612;26/09/2026;09/11/2026;Transit;China;Nov;2026;A&S;364;251,16
26SIFJXN0002149 ;AS400001001501;SCE 3616;26/09/2026;09/11/2026;Transit;China;Nov;2026;A&S;363;667,92
26SIFJXN0002149 ;14010964181001;AAS 6304 ZZ/C3;26/09/2026;09/11/2026;Transit;China;Nov;2026;FERSA;343;267,54
26SIFJXN0002149 ;15011854001001;AAS F 16200;26/09/2026;09/11/2026;Transit;China;Nov;2026;FERSA;326;1264,88
26SIFJXN0002149 ;AS100247001501;594/592 A;26/09/2026;09/11/2026;Transit;China;Nov;2026;A&S;315;1949,85
26SIFJXN0002149 ;10015685001113;AAS NKE_30205;26/09/2026;09/11/2026;Transit;China;Nov;2026;NKE;313;259,79
26SIFJXN0002152 ;AS400023001501;HK 4012;26/09/2026;09/11/2026;Transit;China;Nov;2026;A&S;300;135
26SIFJXN0002149 ;14011032121190;AAS 63/28 2RS/C3;26/09/2026;09/11/2026;Transit;China;Nov;2026;FERSA;290;365,4
26SIFJXN0002149 ;14011556001001;AAS F 18039;26/09/2026;09/11/2026;Transit;China;Nov;2026;FERSA;272;505,92
26SIFJXN0002152 ;14015021001113;AAS NKE_6201-2Z-C3;26/09/2026;09/11/2026;Transit;China;Nov;2026;NKE;272;122,4
26SIFJXN0002149 ;16011520001001;AAS F 15118;26/09/2026;09/11/2026;Transit;China;Nov;2026;FERSA;254;1358,9
26SIFJXN0002152 ;14015394001113;AAS NKE_6306-2RS2-C3;26/09/2026;09/11/2026;Transit;China;Nov;2026;NKE;237;367,35
26SIFJXN0002152 ;14015442121124;AAS NKE_6310-C3-MRO;26/09/2026;09/11/2026;Transit;China;Nov;2026;NKE;211;717,4
26SIFJXN0002149 ;18011514001001;AAS QJ 212 FM;26/09/2026;09/11/2026;Transit;China;Nov;2026;FERSA;206;2047,64
26SIFJXN0002152 ;AS400005001501;SCH 2020;26/09/2026;09/11/2026;Transit;China;Nov;2026;A&S;198;182,16
26SIFJXN0002149 ;14010970111001;AAS 6309 2RS;26/09/2026;09/11/2026;Transit;China;Nov;2026;FERSA;196;674,24
26SIFJXN0002152 ;10010768001190;AAS HM 88542/10;26/09/2026;09/11/2026;Transit;China;Nov;2026;FERSA;178;663,94
26SIFJXN0002149 ;19011435001001;AAS F 19033;26/09/2026;09/11/2026;Transit;China;Nov;2026;FERSA;177;1005,36
26SIFJXN0002149 ;10010343001001;AAS F 15083;26/09/2026;09/11/2026;Transit;China;Nov;2026;FERSA;169;2310,23
26SIFJXN0002152 ;19012460001001;AAS F 19090;26/09/2026;09/11/2026;Transit;China;Nov;2026;FERSA;163;661,78
26SIFJXN0002152 ;14316333001113;AAS NKE_GYE30-KRRB;26/09/2026;09/11/2026;Transit;China;Nov;2026;NKE;160;412,8
26SIFJXN0002152 ;AS310092001501;CR00091;26/09/2026;09/11/2026;Transit;China;Nov;2026;A&S;159;271,89
26SIFJXN0002149 ;14010928171001;AAS 6008 ZZ/C3;26/09/2026;09/11/2026;Transit;China;Nov;2026;FERSA;151;154,02
26SIFJXN0002152 ;AS100195001501;LM 11949/10;26/09/2026;09/11/2026;Transit;China;Nov;2026;A&S;150;90
26SIFJXN0002152 ;23012891001001;AAS F 17115 K;26/09/2026;09/11/2026;Transit;China;Nov;2026;FERSA;146;511
26SIFJXN0002149 ;10010562001001;AAS 32207 F;26/09/2026;09/11/2026;Transit;China;Nov;2026;FERSA;145;310,3
26SIFJXN0002152 ;14316373001113;AAS NKE_GYE40-KRRB;26/09/2026;09/11/2026;Transit;China;Nov;2026;NKE;144;398,88
26SIFJXN0002149 ;10010846001001;AAS HM 803149/10;26/09/2026;09/11/2026;Transit;China;Nov;2026;FERSA;140;607,6
26SIFJXN0002152 ;14015090001113;AAS NKE_6206-2RS2-C3;26/09/2026;09/11/2026;Transit;China;Nov;2026;NKE;140;131,6
26SIFJXN0002149 ;AS100132001501;32009 X;26/09/2026;09/11/2026;Transit;China;Nov;2026;A&S;133;154,28
26SIFJXN0002149 ;14015138001113;AAS NKE_6210-2Z-C3;26/09/2026;09/11/2026;Transit;China;Nov;2026;NKE;130;247
26SIFJXN0002152 ;14316325001113;AAS NKE_GYE35-KRRB;26/09/2026;09/11/2026;Transit;China;Nov;2026;NKE;120;357,6
26SIFJXN0002149 ;14010969131001;AAS 6308 2RS/C3;26/09/2026;09/11/2026;Transit;China;Nov;2026;FERSA;119;301,07
26SIFJXN0002149 ;14015030001113;AAS NKE_6202-2RS2-C3;26/09/2026;09/11/2026;Transit;China;Nov;2026;NKE;115;52,9
26SIFJXN0002152 ;14015351001113;AAS NKE_6301-2Z-C3;26/09/2026;09/11/2026;Transit;China;Nov;2026;NKE;110;57,2
26SIFJXN0002152 ;14015422001113;AAS NKE_6308-2Z-C3;26/09/2026;09/11/2026;Transit;China;Nov;2026;NKE;110;242
26SIFJXN0002152 ;AS400001001501;SCE 3616;26/09/2026;09/11/2026;Transit;China;Nov;2026;A&S;110;202,4
26SIFJXN0002152 ;14014630141124;AAS NKE_6016-2RS2-C3-MRO;26/09/2026;09/11/2026;Transit;China;Nov;2026;NKE;100;313
26SIFJXN0002152 ;14015069001113;AAS NKE_6205-2RS2;26/09/2026;09/11/2026;Transit;China;Nov;2026;NKE;100;56
26SIFJXN0002152 ;AS100212001501;M 201047/11;26/09/2026;09/11/2026;Transit;China;Nov;2026;A&S;98;234,22
26SIFJXN0002149 ;10010211001001;AAS 5395/5335;26/09/2026;09/11/2026;Transit;China;Nov;2026;FERSA;96;777,6
26SIFJXN0002149 ;10011524001001;AAS F 15119;26/09/2026;09/11/2026;Transit;China;Nov;2026;FERSA;96;1117,44
26SIFJXN0002149 ;14010927151001;AAS 6007 ZZ/C3;26/09/2026;09/11/2026;Transit;China;Nov;2026;FERSA;96;76,8
26SIFJXN0002149 ;AS200037001501;6210 2RS/C3;26/09/2026;09/11/2026;Transit;China;Nov;2026;A&S;88;119,68
26SIFJXN0002149 ;14015346001113;AAS NKE_6301;26/09/2026;09/11/2026;Transit;China;Nov;2026;NKE;87;26,1
26SIFJXN0002149 ;14014910001113;AAS NKE_61902-2RSR;26/09/2026;09/11/2026;Transit;China;Nov;2026;NKE;85;54,4
26SIFJXN0002149 ;15011313001001;AAS F 16021;26/09/2026;09/11/2026;Transit;China;Nov;2026;FERSA;82;274,7
26SIFJXN0002152 ;19011453001190;AAS NU 2306 FM/C3;26/09/2026;09/11/2026;Transit;China;Nov;2026;FERSA;78;297,96
26SIFJXN0002149 ;AS100133001501;32010 X;26/09/2026;09/11/2026;Transit;China;Nov;2026;A&S;77;113,96
26SIFJXN0002149 ;10010569001001;AAS 32212 F;26/09/2026;09/11/2026;Transit;China;Nov;2026;FERSA;73;299,3
26SIFJXN0002149 ;14011022101001;AAS 62208 2RS;26/09/2026;09/11/2026;Transit;China;Nov;2026;FERSA;70;165,9
26SIFJXN0002149 ;10010499001001;AAS 30306 F;26/09/2026;09/11/2026;Transit;China;Nov;2026;FERSA;69;106,26
26SIFJXN0002149 ;23012817001001;AAS F 17084 K;26/09/2026;09/11/2026;Transit;China;Nov;2026;FERSA;68;255,68
26SIFJXN0002152 ;14015096001113;AAS NKE_6206-2Z-C3;26/09/2026;09/11/2026;Transit;China;Nov;2026;NKE;67;71,69
26SIFJXN0002149 ;10010554001001;AAS 32021 XF;26/09/2026;09/11/2026;Transit;China;Nov;2026;FERSA;64;679,04
26SIFJXN0002149 ;10010495001001;AAS 30303 F;26/09/2026;09/11/2026;Transit;China;Nov;2026;FERSA;62;63,24
26SIFJXN0002149 ;AS640014001501;ORAE 30 NPPB;26/09/2026;09/11/2026;Transit;China;Nov;2026;A&S;61;71,98
26SIFJXN0002152 ;10015740001113;AAS NKE_32208;26/09/2026;09/11/2026;Transit;China;Nov;2026;NKE;61;107,97
26SIFJXN0002152 ;14014603121113;AAS NKE_6013-2RS2-C3;26/09/2026;09/11/2026;Transit;China;Nov;2026;NKE;61;165,92
26SIFJXN0002152 ;14010975211124;AAS NKE_6314-2RS2-C3-MRO;26/09/2026;09/11/2026;Transit;China;Nov;2026;NKE;60;403,8
26SIFJXN0002152 ;14014646131124;AAS NKE_6018-2RS2-C3-MRO;26/09/2026;09/11/2026;Transit;China;Nov;2026;NKE;60;257,4
26SIFJXN0002149 ;14012207001001;AAS F 18052;26/09/2026;09/11/2026;Transit;China;Nov;2026;FERSA;56;832,16
26SIFJXN0002149 ;14012055001001;AAS F 18051;26/09/2026;09/11/2026;Transit;China;Nov;2026;FERSA;55;245,3
26SIFJXN0002149 ;AS310093001501;CR00092;26/09/2026;09/11/2026;Transit;China;Nov;2026;A&S;52;87,36
26SIFJXN0002152 ;10010805001001;AAS LM 501349/10;26/09/2026;09/11/2026;Transit;China;Nov;2026;FERSA;51;60,69
26SIFJXN0002152 ;14316363001113;AAS NKE_GYE25-KRRB;26/09/2026;09/11/2026;Transit;China;Nov;2026;NKE;50;81,5
26SIFJXN0002152 ;AS640005001501;UC208;26/09/2026;09/11/2026;Transit;China;Nov;2026;A&S;50;85,5
26SIFJXN0002149 ;14015334001113;AAS NKE_6300-2RS2;26/09/2026;09/11/2026;Transit;China;Nov;2026;NKE;49;22,54
26SIFJXN0002149 ;23012565001001;AAS F 17093 K;26/09/2026;09/11/2026;Transit;China;Nov;2026;FERSA;49;205,8
26SIFJXN0002149 ;AS201195001501;3211 2RS/C3;26/09/2026;09/11/2026;Transit;China;Nov;2026;A&S;49;182,28
26SIFJXN0002152 ;23012565001001;AAS F 17093 K;26/09/2026;09/11/2026;Transit;China;Nov;2026;FERSA;49;205,8
26SIFJXN0002149 ;23012458001001;AAS F 17089 K;26/09/2026;09/11/2026;Transit;China;Nov;2026;FERSA;48;162,72
26SIFJXN0002152 ;AS640014001501;ORAE 30 NPPB;26/09/2026;09/11/2026;Transit;China;Nov;2026;A&S;48;56,64
26SIFJXN0002152 ;AS400036001501;SN 2016;26/09/2026;09/11/2026;Transit;China;Nov;2026;A&S;47;25,38
26SIFJXN0002149 ;10010535001001;AAS 32007 XF;26/09/2026;09/11/2026;Transit;China;Nov;2026;FERSA;45;63,9
26SIFJXN0002149 ;19011436001001;AAS F 19034;26/09/2026;09/11/2026;Transit;China;Nov;2026;FERSA;45;269,55
26SIFJXN0002149 ;AS100663001501;JM 718149/10;26/09/2026;09/11/2026;Transit;China;Nov;2026;A&S;44;373,56
26SIFJXN0002149 ;10010506001001;AAS 30312 F;26/09/2026;09/11/2026;Transit;China;Nov;2026;FERSA;43;297,99
26SIFJXN0002152 ;AS640034001501;GNE 50 KRRB 3L;26/09/2026;09/11/2026;Transit;China;Nov;2026;A&S;43;390,87
26SIFJXN0002149 ;23012304001001;AAS F 17035 K;26/09/2026;09/11/2026;Transit;China;Nov;2026;FERSA;42;244,02
26SIFJXN0002152 ;14014638131124;AAS NKE_6017-2RS2-C3-MRO;26/09/2026;09/11/2026;Transit;China;Nov;2026;NKE;40;139,2
26SIFJXN0002152 ;14015187121124;AAS NKE_6216-2RS2-C3-MRO;26/09/2026;09/11/2026;Transit;China;Nov;2026;NKE;40;171,6
26SIFJXN0002152 ;14015460141124;AAS NKE_6313-2RS2-C3-MRO;26/09/2026;09/11/2026;Transit;China;Nov;2026;NKE;40;232
26SIFJXN0002149 ;10010560001001;AAS 32205 F;26/09/2026;09/11/2026;Transit;China;Nov;2026;FERSA;39;49,92
26SIFJXN0002149 ;23012917001001;AAS F 17107 K;26/09/2026;09/11/2026;Transit;China;Nov;2026;FERSA;39;96,72
26SIFJXN0002149 ;14010946181001;AAS 6205 ZZ/C3;26/09/2026;09/11/2026;Transit;China;Nov;2026;FERSA;38;27,74
26SIFJXN0002149 ;14010947161001;AAS 6206 ZZ/C3;26/09/2026;09/11/2026;Transit;China;Nov;2026;FERSA;38;45,98
26SIFJXN0002149 ;19012417001001;AAS NUP 308 FM/C3;26/09/2026;09/11/2026;Transit;China;Nov;2026;FERSA;38;248,52
26SIFJXN0002152 ;AS300264001501;NU 1011 EM;26/09/2026;09/11/2026;Transit;China;Nov;2026;A&S;38;177,46
26SIFJXN0002149 ;10010639001001;AAS 33117 F;26/09/2026;09/11/2026;Transit;China;Nov;2026;FERSA;35;271,25
26SIFJXN0002149 ;10010621001001;AAS 33017 F;26/09/2026;09/11/2026;Transit;China;Nov;2026;FERSA;33;256,74
26SIFJXN0002149 ;19012311001001;AAS F 19087;26/09/2026;09/11/2026;Transit;China;Nov;2026;FERSA;33;185,46
26SIFJXN0002149 ;10010566001001;AAS 32210 F;26/09/2026;09/11/2026;Transit;China;Nov;2026;FERSA;32;86,08
26SIFJXN0002152 ;19011468001190;AAS NU 309 FM;26/09/2026;09/11/2026;Transit;China;Nov;2026;FERSA;32;140,48
26SIFJXN0002149 ;21010063001190;AAS U 399/U 365 L;26/09/2026;09/11/2026;Transit;China;Nov;2026;FERSA;31;83,7
26SIFJXN0002149 ;14010945101001;AAS 62/22 2RS/C3;26/09/2026;09/11/2026;Transit;China;Nov;2026;FERSA;30;31,2
26SIFJXN0002149 ;14010966151190;AAS 6306 NR/C3;26/09/2026;09/11/2026;Transit;China;Nov;2026;FERSA;30;39,9
26SIFJXN0002149 ;41410113001113;AAS NKE_LCTE05;26/09/2026;09/11/2026;Transit;China;Nov;2026;NKE;30;46,8
26SIFJXN0002152 ;10022241001113;AAS NKE_30308;26/09/2026;09/11/2026;Transit;China;Nov;2026;NKE;30;83,1
26SIFJXN0002152 ;14316324001113;AAS NKE_GYE20-KRRB;26/09/2026;09/11/2026;Transit;China;Nov;2026;NKE;30;35,7
26SIFJXN0002152 ;AS410145001501;NB0145;26/09/2026;09/11/2026;Transit;China;Nov;2026;A&S;30;17,4
26SIFJXN0002152 ;AS410147001501;NB0147;26/09/2026;09/11/2026;Transit;China;Nov;2026;A&S;29;17,69
26SIFJXN0002149 ;14015165001113;AAS NKE_6213-2RSR-C3;26/09/2026;09/11/2026;Transit;China;Nov;2026;NKE;28;127,12
26SIFJXN0002149 ;20010898001001;AAS T 177;26/09/2026;09/11/2026;Transit;China;Nov;2026;FERSA;28;230,72
26SIFJXN0002149 ;23012462001001;AAS F 17080 K;26/09/2026;09/11/2026;Transit;China;Nov;2026;FERSA;28;120,12
26SIFJXN0002152 ;14015441001113;AAS NKE_6310-2Z-C3;26/09/2026;09/11/2026;Transit;China;Nov;2026;NKE;27;106,38
26SIFJXN0002152 ;AS400052001501;RNA 4910;26/09/2026;09/11/2026;Transit;China;Nov;2026;A&S;27;50,76
26SIFJXN0002149 ;10010656001001;AAS 33216 F;26/09/2026;09/11/2026;Transit;China;Nov;2026;FERSA;26;309,92
26SIFJXN0002152 ;AS220010001501;BAC355222;26/09/2026;09/11/2026;Transit;China;Nov;2026;A&S;26;43,94
26SIFJXN0002152 ;AS410064001501;NB0064;26/09/2026;09/11/2026;Transit;China;Nov;2026;A&S;26;34,58
26SIFJXN0002149 ;23012816001001;AAS F 17082 K;26/09/2026;09/11/2026;Transit;China;Nov;2026;FERSA;25;75,25
26SIFJXN0002152 ;15115914001124;AAS NKE_1208-K-TV-C3-MRO;26/09/2026;09/11/2026;Transit;China;Nov;2026;NKE;25;52,75
26SIFJXN0002149 ;14010949201001;AAS 6208 ZZ/C3;26/09/2026;09/11/2026;Transit;China;Nov;2026;FERSA;24;40,08
26SIFJXN0002152 ;14015460001113;AAS NKE_6313-2RSR-C3;26/09/2026;09/11/2026;Transit;China;Nov;2026;NKE;24;179,28
26SIFJXN0002152 ;10010782001190;AAS LM 104949/12;26/09/2026;09/11/2026;Transit;China;Nov;2026;FERSA;22;41,58
26SIFJXN0002152 ;14014373111124;AAS NKE_16010-C3-MRO;26/09/2026;09/11/2026;Transit;China;Nov;2026;NKE;22;22,88
26SIFJXN0002152 ;14015470001113;AAS NKE_6314-C3;26/09/2026;09/11/2026;Transit;China;Nov;2026;NKE;21;172,41
26SIFJXN0002149 ;23012451001001;AAS F 17054 K;26/09/2026;09/11/2026;Transit;China;Nov;2026;FERSA;20;34
26SIFJXN0002152 ;14014665121124;AAS NKE_6021-2RS2-C3-MRO;26/09/2026;09/11/2026;Transit;China;Nov;2026;NKE;20;123
26SIFJXN0002152 ;14014677121124;AAS NKE_6024-2RS2-C3-MRO;26/09/2026;09/11/2026;Transit;China;Nov;2026;NKE;20;146,2
26SIFJXN0002152 ;14015473161124;AAS NKE_6315-2RS2-C3-MRO;26/09/2026;09/11/2026;Transit;China;Nov;2026;NKE;20;203,2
26SIFJXN0002152 ;14316372001113;AAS NKE_GYE45-KRRB;26/09/2026;09/11/2026;Transit;China;Nov;2026;NKE;20;75
26SIFJXN0002152 ;23021263001124;AAS NKE_HK5025-MRO;26/09/2026;09/11/2026;Transit;China;Nov;2026;NKE;20;23,4
26SIFJXN0002152 ;AS630002001501;RFB 1753479;26/09/2026;09/11/2026;Transit;China;Nov;2026;A&S;20;108,6
26SIFJXN0002149 ;10010520001001;AAS 31313 F;26/09/2026;09/11/2026;Transit;China;Nov;2026;FERSA;19;145,54
26SIFJXN0002152 ;23012818001001;AAS F 17081 K;26/09/2026;09/11/2026;Transit;China;Nov;2026;FERSA;19;65,55
26SIFJXN0002149 ;23012337001001;AAS F 17046 K;26/09/2026;09/11/2026;Transit;China;Nov;2026;FERSA;18;36,54
26SIFJXN0002152 ;AS120053001501;WB55900060RB;26/09/2026;09/11/2026;Transit;China;Nov;2026;A&S;18;172,26
26SIFJXN0002152 ;AS600015001501;GE31 ZO;26/09/2026;09/11/2026;Transit;China;Nov;2026;A&S;18;28,08
26SIFJXN0002149 ;14011025101001;AAS 62304 2RS/C3;26/09/2026;09/11/2026;Transit;China;Nov;2026;FERSA;16;17,6
26SIFJXN0002149 ;14010954161001;AAS 6213 ZZ/C3;26/09/2026;09/11/2026;Transit;China;Nov;2026;FERSA;15;70,35
26SIFJXN0002149 ;23012567001001;AAS F 17095 K;26/09/2026;09/11/2026;Transit;China;Nov;2026;FERSA;15;37,5
26SIFJXN0002149 ;AS100418001501;537/532 X;26/09/2026;09/11/2026;Transit;China;Nov;2026;A&S;15;87,15
26SIFJXN0002152 ;19011424001001;AAS F 19019;26/09/2026;09/11/2026;Transit;China;Nov;2026;FERSA;15;63,15
26SIFJXN0002152 ;23012817001001;AAS F 17084 K;26/09/2026;09/11/2026;Transit;China;Nov;2026;FERSA;15;56,4
26SIFJXN0002152 ;AS600028001501;GE50 DO 2RS;26/09/2026;09/11/2026;Transit;China;Nov;2026;A&S;15;40,8
26SIFJXN0002149 ;10012429001001;AAS F 15279;26/09/2026;09/11/2026;Transit;China;Nov;2026;FERSA;14;214,62
26SIFJXN0002149 ;AS100638001501;42368/42584;26/09/2026;09/11/2026;Transit;China;Nov;2026;A&S;14;104,86
26SIFJXN0002149 ;11011825001001;AAS F 15187;26/09/2026;09/11/2026;Transit;China;Nov;2026;FERSA;13;76,96
26SIFJXN0002152 ;14015246111124;AAS NKE_6224-2RS2-C3-MRO;26/09/2026;09/11/2026;Transit;China;Nov;2026;NKE;12;183,84
26SIFJXN0002152 ;14015503131124;AAS NKE_6320-2RS2-C3-MRO;26/09/2026;09/11/2026;Transit;China;Nov;2026;NKE;12;264,6
26SIFJXN0002152 ;14514248001124;AAS NKE_3304-B-2Z-TV-MRO;26/09/2026;09/11/2026;Transit;China;Nov;2026;NKE;12;23,88
26SIFJXN0002152 ;23016088001124;AAS NKE_NA4908-MRO;26/09/2026;09/11/2026;Transit;China;Nov;2026;NKE;12;28,44
26SIFJXN0002152 ;AS300271001501;NU 309 EMN;26/09/2026;09/11/2026;Transit;China;Nov;2026;A&S;12;69,24
26SIFJXN0002152 ;AS120060001501;WB42750060RB;26/09/2026;09/11/2026;Transit;China;Nov;2026;A&S;12;91,56
26SIFJXN0002149 ;10010557001001;AAS 32204 F;26/09/2026;09/11/2026;Transit;China;Nov;2026;FERSA;11;12,32
26SIFJXN0002152 ;14012893001001;AAS F 18062;26/09/2026;09/11/2026;Transit;China;Nov;2026;FERSA;11;24,86
26SIFJXN0002152 ;18011516001001;AAS QJ 309 FM;26/09/2026;09/11/2026;Transit;China;Nov;2026;FERSA;11;102,08
26SIFJXN0002152 ;19011485001190;AAS NJ 210 FM/C3;26/09/2026;09/11/2026;Transit;China;Nov;2026;FERSA;11;58,19
26SIFJXN0002149 ;10010762001001;AAS M 88043/M 88010;26/09/2026;09/11/2026;Transit;China;Nov;2026;FERSA;10;19,9
26SIFJXN0002149 ;10010785001001;AAS JM 205149/10;26/09/2026;09/11/2026;Transit;China;Nov;2026;FERSA;10;39,2
26SIFJXN0002149 ;10110269001190;CEM F 15101;26/09/2026;09/11/2026;Transit;China;Nov;2026;FERSA;10;70,2
26SIFJXN0002149 ;15011312001001;AAS F 16020;26/09/2026;09/11/2026;Transit;China;Nov;2026;FERSA;10;35,3
26SIFJXN0002149 ;18011508001001;AAS QJ 208 FM;26/09/2026;09/11/2026;Transit;China;Nov;2026;FERSA;10;69
26SIFJXN0002149 ;19011418001001;AAS F 19013;26/09/2026;09/11/2026;Transit;China;Nov;2026;FERSA;10;53,2
26SIFJXN0002149 ;AS200016001501;6011 2RS/C3;26/09/2026;09/11/2026;Transit;China;Nov;2026;A&S;10;11,7
26SIFJXN0002149 ;AS200670001501;62207 2RS;26/09/2026;09/11/2026;Transit;China;Nov;2026;A&S;10;16,8
26SIFJXN0002152 ;10010807001190;AAS LM 503349/10;26/09/2026;09/11/2026;Transit;China;Nov;2026;FERSA;10;13,4
26SIFJXN0002149 ;15011311001001;AAS F 16019;26/09/2026;09/11/2026;Transit;China;Nov;2026;FERSA;9;30,42
26SIFJXN0002152 ;23012567001001;AAS F 17095 K;26/09/2026;09/11/2026;Transit;China;Nov;2026;FERSA;9;22,5
26SIFJXN0002149 ;11012051001001;AAS F 15128;26/09/2026;09/11/2026;Transit;China;Nov;2026;FERSA;8;24
26SIFJXN0002149 ;14010951101001;AAS 6210;26/09/2026;09/11/2026;Transit;China;Nov;2026;FERSA;8;15,92
26SIFJXN0002149 ;15011344001001;AAS F 16052;26/09/2026;09/11/2026;Transit;China;Nov;2026;FERSA;8;44,4
26SIFJXN0002149 ;23012450001001;AAS F 17053 K;26/09/2026;09/11/2026;Transit;China;Nov;2026;FERSA;8;22,72
26SIFJXN0002152 ;14015199151124;AAS NKE_6218-2RS2-C3-MRO;26/09/2026;09/11/2026;Transit;China;Nov;2026;NKE;8;50,16
26SIFJXN0002152 ;23021390001124;AAS NKE_NK16/16-MRO;26/09/2026;09/11/2026;Transit;China;Nov;2026;NKE;8;4,56
26SIFJXN0002149 ;10110113001001;CEM 3382;26/09/2026;09/11/2026;Transit;China;Nov;2026;FERSA;7;19,6
26SIFJXN0002149 ;19011501001001;AAS NUP 211 FM/C3;26/09/2026;09/11/2026;Transit;China;Nov;2026;FERSA;7;56,35
26SIFJXN0002152 ;14014565001113;AAS NKE_6009-2Z;26/09/2026;09/11/2026;Transit;China;Nov;2026;NKE;7;9,03
26SIFJXN0002152 ;14015334001113;AAS NKE_6300-2RS2;26/09/2026;09/11/2026;Transit;China;Nov;2026;NKE;7;3,22
26SIFJXN0002152 ;AS640032001501;GE 60 KRRB 3L;26/09/2026;09/11/2026;Transit;China;Nov;2026;A&S;7;42,63
26SIFJXN0002149 ;10010521001001;AAS 31314 F;26/09/2026;09/11/2026;Transit;China;Nov;2026;FERSA;6;60,48
26SIFJXN0002149 ;14010929181190;AAS 6009 ZZ/C3;26/09/2026;09/11/2026;Transit;China;Nov;2026;FERSA;6;5,16
26SIFJXN0002149 ;14010976121001;AAS 6315 2RS/C3;26/09/2026;09/11/2026;Transit;China;Nov;2026;FERSA;6;79,68
26SIFJXN0002152 ;14012236001001;AAS F 18037;26/09/2026;09/11/2026;Transit;China;Nov;2026;FERSA;6;100,8
26SIFJXN0002152 ;15115912001124;AAS NKE_1203-TV-MRO;26/09/2026;09/11/2026;Transit;China;Nov;2026;NKE;6;5,04
26SIFJXN0002152 ;AS110014001501;TR00014;26/09/2026;09/11/2026;Transit;China;Nov;2026;A&S;6;19,26
26SIFJXN0002149 ;10010519001001;AAS 31312 F;26/09/2026;09/11/2026;Transit;China;Nov;2026;FERSA;5;32,55
26SIFJXN0002149 ;14015199001113;AAS NKE_6218-2RSR-C3;26/09/2026;09/11/2026;Transit;China;Nov;2026;NKE;5;40,6
26SIFJXN0002149 ;AS100563001501;30217;26/09/2026;09/11/2026;Transit;China;Nov;2026;A&S;5;24,2
26SIFJXN0002152 ;14014495001113;AAS NKE_6003-2RS2-C3;26/09/2026;09/11/2026;Transit;China;Nov;2026;NKE;5;2,2
26SIFJXN0002149 ;10010270001190;AAS 13685/13621;26/09/2026;09/11/2026;Transit;China;Nov;2026;FERSA;4;6,08
26SIFJXN0002149 ;10010507001001;AAS 30313 F;26/09/2026;09/11/2026;Transit;China;Nov;2026;FERSA;4;32,64
26SIFJXN0002149 ;19011502001001;AAS NUP 311 FMNR/C3;26/09/2026;09/11/2026;Transit;China;Nov;2026;FERSA;4;52,16
26SIFJXN0002152 ;14015232121124;AAS NKE_6221-2RS2-C3-MRO;26/09/2026;09/11/2026;Transit;China;Nov;2026;NKE;4;51,08
26SIFJXN0002152 ;14019732001124;AAS NKE_61820-2Z-C3-MRO;26/09/2026;09/11/2026;Transit;China;Nov;2026;NKE;4;28
26SIFJXN0002152 ;28020438111113;AAS NKE_22322-MB-C4-W33;26/09/2026;09/11/2026;Transit;China;Nov;2026;NKE;4;249,56
26SIFJXN0002152 ;AS230071001501;WB38720236/33BB;26/09/2026;09/11/2026;Transit;China;Nov;2026;A&S;4;11,84
26SIFJXN0002149 ;14010933151190;AAS 6013 ZZ;26/09/2026;09/11/2026;Transit;China;Nov;2026;FERSA;3;5,76
26SIFJXN0002149 ;14010957131001;AAS 6216 C3;26/09/2026;09/11/2026;Transit;China;Nov;2026;FERSA;3;17,19
26SIFJXN0002149 ;14014615001113;AAS NKE_6014-2RSR-C3;26/09/2026;09/11/2026;Transit;China;Nov;2026;NKE;3;12,99
26SIFJXN0002152 ;14011398001001;AAS F 18020;26/09/2026;09/11/2026;Transit;China;Nov;2026;FERSA;3;7,74
26SIFJXN0002152 ;19014047001124;AAS NKE_NU203-E-TVP3-C3-MRO;26/09/2026;09/11/2026;Transit;China;Nov;2026;NKE;3;3,39
26SIFJXN0002152 ;23012823001001;AAS F 17099 K;26/09/2026;09/11/2026;Transit;China;Nov;2026;FERSA;3;7,86
26SIFJXN0002152 ;28013043001113;AAS NKE_22322-E-C3-W33;26/09/2026;09/11/2026;Transit;China;Nov;2026;NKE;3;268,38
26SIFJXN0002152 ;AS100189001501;L 68149/11;26/09/2026;09/11/2026;Transit;China;Nov;2026;A&S;3;2,61
26SIFJXN0002152 ;AS230137001501;WB43780044BBM;26/09/2026;09/11/2026;Transit;China;Nov;2026;A&S;3;15,12
26SIFJXN0002152 ;AS300273001501;NUP 304 EMC3;26/09/2026;09/11/2026;Transit;China;Nov;2026;A&S;3;5,46
26SIFJXN0002149 ;10010385001001;AAS 15118/15250 X;26/09/2026;09/11/2026;Transit;China;Nov;2026;FERSA;2;3,52
26SIFJXN0002149 ;10010501001001;AAS 30308 F;26/09/2026;09/11/2026;Transit;China;Nov;2026;FERSA;2;6,56
26SIFJXN0002149 ;14015446001113;AAS NKE_6311-2RSR-C3;26/09/2026;09/11/2026;Transit;China;Nov;2026;NKE;2;9,62
26SIFJXN0002149 ;AS100509001501;37431/625;26/09/2026;09/11/2026;Transit;China;Nov;2026;A&S;2;11,1
26SIFJXN0002152 ;10010261001001;AAS LM 11949/10;26/09/2026;09/11/2026;Transit;China;Nov;2026;FERSA;2;1,08
26SIFJXN0002152 ;14015326001124;AAS NKE_629-2Z-C3-MRO;26/09/2026;09/11/2026;Transit;China;Nov;2026;NKE;2;0,92
26SIFJXN0002152 ;14516447001113;AAS NKE_7215-BECB-TVP;26/09/2026;09/11/2026;Transit;China;Nov;2026;NKE;2;23,22
26SIFJXN0002152 ;19013492001124;AAS NKE_NJ2204-E-TVP3-MRO;26/09/2026;09/11/2026;Transit;China;Nov;2026;NKE;2;3,28
26SIFJXN0002152 ;23012918001001;AAS F 17108 K;26/09/2026;09/11/2026;Transit;China;Nov;2026;FERSA;2;5,66
26SIFJXN0002152 ;23021416001124;AAS NKE_NK32/30-MRO;26/09/2026;09/11/2026;Transit;China;Nov;2026;NKE;2;3,22
26SIFJXN0002152 ;AS120015001501;WB30620048RB;26/09/2026;09/11/2026;Transit;China;Nov;2026;A&S;2;10,54
26SIFJXN0002152 ;AS640001001501;UC204;26/09/2026;09/11/2026;Transit;China;Nov;2026;A&S;2;1,28
26SIFJXN0002152 ;AS230131001501;WB42820336BBM;26/09/2026;09/11/2026;Transit;China;Nov;2026;A&S;2;10,78
26SIFJXN0002152 ;AS230165001501;WB45870041/39BB;26/09/2026;09/11/2026;Transit;China;Nov;2026;A&S;2;11,52
26SIFJXN0002149 ;10010561001001;AAS 32206 F;26/09/2026;09/11/2026;Transit;China;Nov;2026;FERSA;1;1,71
26SIFJXN0002149 ;10012052001190;AAS 31316 F;26/09/2026;09/11/2026;Transit;China;Nov;2026;FERSA;1;10,2
26SIFJXN0002149 ;10022045001113;AAS NKE_32308;26/09/2026;09/11/2026;Transit;China;Nov;2026;NKE;1;2,78
26SIFJXN0002152 ;10010550001113;AAS NKE_32017-X;26/09/2026;09/11/2026;Transit;China;Nov;2026;NKE;1;7,02
26SIFJXN0002152 ;10010755001001;AAS LM 78349/10 A;26/09/2026;09/11/2026;Transit;China;Nov;2026;FERSA;1;2,27
26SIFJXN0002152 ;10010838001190;AAS JM 719149/13;26/09/2026;09/11/2026;Transit;China;Nov;2026;FERSA;1;5,83
26SIFJXN0002152 ;14011396001190;AAS F 18018;26/09/2026;09/11/2026;Transit;China;Nov;2026;FERSA;1;4,57
26SIFJXN0002152 ;14014394001113;AAS NKE_16016-C3;26/09/2026;09/11/2026;Transit;China;Nov;2026;NKE;1;4,95
26SIFJXN0002152 ;14014819111124;AAS NKE_61813-2Z-C3-MRO;26/09/2026;09/11/2026;Transit;China;Nov;2026;NKE;1;2,23
26SIFJXN0002152 ;14216913001124;AAS NKE_NUTR17-X-MRO;26/09/2026;09/11/2026;Transit;China;Nov;2026;NKE;1;2,7
26SIFJXN0002152 ;18011508001001;AAS QJ 208 FM;26/09/2026;09/11/2026;Transit;China;Nov;2026;FERSA;1;6,9
26SIFJXN0002152 ;20010900001190;AAS T 199;26/09/2026;09/11/2026;Transit;China;Nov;2026;FERSA;1;1,88
26SIFJXN0002152 ;23012458001001;AAS F 17089 K;26/09/2026;09/11/2026;Transit;China;Nov;2026;FERSA;1;3,39
26SIFJXN0002152 ;23021185001124;AAS NKE_BK2216-MRO;26/09/2026;09/11/2026;Transit;China;Nov;2026;NKE;1;0,3
26SIFJXN0002152 ;AS310094001501;CR00093;26/09/2026;09/11/2026;Transit;China;Nov;2026;A&S;1;1,36
26SIFJXN0002152 ;AS410144001501;NB0144;26/09/2026;09/11/2026;Transit;China;Nov;2026;A&S;1;1,25
26SIFJXN0002152 ;AS650849001501;HB88509A;26/09/2026;09/11/2026;Transit;China;Nov;2026;A&S;1;7,81
26SIFJXN0002152 ;AS640033001501;GNE 30 KRRB 3L;26/09/2026;09/11/2026;Transit;China;Nov;2026;A&S;1;3,06
26SIFJXN0002152 ;AS220005001501;BAC406224;26/09/2026;09/11/2026;Transit;China;Nov;2026;A&S;1;2,63
26SIFJXN0002211 ;AS100043001515;32218;26/09/2026;10/11/2026;Transit;China;Nov;2026;A&S;4800;23184
26SIFJXN0002212;AS100043001515;32218;26/09/2026;10/11/2026;Transit;China;Nov;2026;A&S;4800;23184
26SIFJXN0002150 ;AS100003001501;30204;26/09/2026;10/11/2026;Transit;China;Nov;2026;A&S;3007;1623,78
26SIFJXN0002150 ;AS100099001501;18590/20;26/09/2026;10/11/2026;Transit;China;Nov;2026;A&S;1776;4067,04
26SIFJXN0002150 ;AS200141001501;626 2Z;26/09/2026;10/11/2026;Transit;China;Nov;2026;A&S;1776;426,24
26SIFJXN0002211 ;AS200112001501;6005 2RS/C3;26/09/2026;10/11/2026;Transit;China;Nov;2026;A&S;1773;620,55
26SIFJXN0002211 ;AS100195001501;LM 11949/10;26/09/2026;10/11/2026;Transit;China;Nov;2026;A&S;1687;1012,2
26SIFJXN0002150 ;AS100035001501;32210;26/09/2026;10/11/2026;Transit;China;Nov;2026;A&S;1243;2200,11
26SIFJXN0002151 ;14010965131001;AAS 6305 2RS/C3;26/09/2026;10/11/2026;Transit;China;Nov;2026;FERSA;1231;1304,86
26SIFJXN0002150 ;AS200112001501;6005 2RS/C3;26/09/2026;10/11/2026;Transit;China;Nov;2026;A&S;1168;408,8
26SIFJXN0002211 ;AS100005001501;30206;26/09/2026;10/11/2026;Transit;China;Nov;2026;A&S;1127;1048,11
26SIFJXN0002151 ;11026205001001;AAS F 15526;26/09/2026;10/11/2026;Transit;China;Nov;2026;FERSA;958;18259,48
26SIFJXN0002150 ;AS200065001501;6301 2RS/C3;26/09/2026;10/11/2026;Transit;China;Nov;2026;A&S;799;215,73
26SIFJXN0002150 ;AS100041001501;32216;26/09/2026;10/11/2026;Transit;China;Nov;2026;A&S;752;3632,16
26SIFJXN0002150 ;AS100221001501;580/572;26/09/2026;10/11/2026;Transit;China;Nov;2026;A&S;735;3792,6
26SIFJXN0002212;11026205001001;AAS F 15526;26/09/2026;10/11/2026;Transit;China;Nov;2026;FERSA;723;13780,38
26SIFJXN0002150 ;AS100129001501;32007 X;26/09/2026;10/11/2026;Transit;China;Nov;2026;A&S;611;702,65
26SIFJXN0002150 ;11026205001001;AAS F 15526;26/09/2026;10/11/2026;Transit;China;Nov;2026;FERSA;558;10635,48
26SIFJXN0002212;14011026101001;AAS 62305 2RS/C3;26/09/2026;10/11/2026;Transit;China;Nov;2026;FERSA;500;800
26SIFJXN0002211 ;15011365001001;AAS F 16074;26/09/2026;10/11/2026;Transit;China;Nov;2026;FERSA;441;2412,27
26SIFJXN0002150 ;AS100002001501;30203;26/09/2026;10/11/2026;Transit;China;Nov;2026;A&S;396;249,48
26SIFJXN0002211 ;AS200037001501;6210 2RS/C3;26/09/2026;10/11/2026;Transit;China;Nov;2026;A&S;379;515,44
26SIFJXN0002150 ;10010543001001;AAS 32011 XF;26/09/2026;10/11/2026;Transit;China;Nov;2026;FERSA;367;1027,6
26SIFJXN0002212;AS400069001501;SN 2610;26/09/2026;10/11/2026;Transit;China;Nov;2026;A&S;360;439,2
26SIFJXN0002151 ;10010119001001;AAS 594/592 A;26/09/2026;10/11/2026;Transit;China;Nov;2026;FERSA;315;2976,75
26SIFJXN0002150 ;AS200042001501;62201 2RS/C3;26/09/2026;10/11/2026;Transit;China;Nov;2026;A&S;313;134,59
26SIFJXN0002151 ;14010942161001;AAS 6202 ZZ/C3;26/09/2026;10/11/2026;Transit;China;Nov;2026;FERSA;313;115,81
26SIFJXN0002150 ;12011609001195;AAS F 200004;26/09/2026;10/11/2026;Transit;China;Nov;2026;FERSA;291;8351,7
26SIFJXN0002211 ;AS200065001501;6301 2RS/C3;26/09/2026;10/11/2026;Transit;China;Nov;2026;A&S;289;78,03
26SIFJXN0002151 ;10010317001001;AAS F 15048;26/09/2026;10/11/2026;Transit;China;Nov;2026;FERSA;276;7153,92
26SIFJXN0002212;AS100148001501;3782/20;26/09/2026;10/11/2026;Transit;China;Nov;2026;A&S;259;593,11
26SIFJXN0002211 ;AS640003001501;UC206;26/09/2026;10/11/2026;Transit;China;Nov;2026;A&S;258;250,26
26SIFJXN0002151 ;14010923101001;AAS 6003;26/09/2026;10/11/2026;Transit;China;Nov;2026;FERSA;254;68,58
26SIFJXN0002150 ;10010549001001;AAS 32016 XF;26/09/2026;10/11/2026;Transit;China;Nov;2026;FERSA;235;1167,95
26SIFJXN0002212;AS640005001501;UC208;26/09/2026;10/11/2026;Transit;China;Nov;2026;A&S;234;400,14
26SIFJXN0002211 ;AS100061001501;33021;26/09/2026;10/11/2026;Transit;China;Nov;2026;A&S;207;1455,21
26SIFJXN0002151 ;14010944141001;AAS 6204 ZZ;26/09/2026;10/11/2026;Transit;China;Nov;2026;FERSA;202;103,02
26SIFJXN0002212;19011432001190;AAS F 19030;26/09/2026;10/11/2026;Transit;China;Nov;2026;FERSA;196;403,76
26SIFJXN0002151 ;10010211001001;AAS 5395/5335;26/09/2026;10/11/2026;Transit;China;Nov;2026;FERSA;190;1539
26SIFJXN0002150 ;AS200011001501;6006 2RS/C3;26/09/2026;10/11/2026;Transit;China;Nov;2026;A&S;180;77,4
26SIFJXN0002212;14015442121124;AAS NKE_6310-C3-MRO;26/09/2026;10/11/2026;Transit;China;Nov;2026;NKE;178;605,2
26SIFJXN0002151 ;14010940121001;AAS 6200 2RS/C3;26/09/2026;10/11/2026;Transit;China;Nov;2026;FERSA;174;69,6
26SIFJXN0002211 ;AS100211001501;M 12649/10;26/09/2026;10/11/2026;Transit;China;Nov;2026;A&S;166;131,14
26SIFJXN0002151 ;14010964111001;AAS 6304 2RS;26/09/2026;10/11/2026;Transit;China;Nov;2026;FERSA;162;127,98
26SIFJXN0002212;14010965111001;AAS 6305 2RS;26/09/2026;10/11/2026;Transit;China;Nov;2026;FERSA;161;149,73
26SIFJXN0002150 ;AS200037001501;6210 2RS/C3;26/09/2026;10/11/2026;Transit;China;Nov;2026;A&S;157;213,52
26SIFJXN0002212;10010392001190;AAS 15126/15250 X;26/09/2026;10/11/2026;Transit;China;Nov;2026;FERSA;153;221,85
26SIFJXN0002212;AS100211001501;M 12649/10;26/09/2026;10/11/2026;Transit;China;Nov;2026;A&S;153;120,87
26SIFJXN0002151 ;10011707001001;AAS F 15158;26/09/2026;10/11/2026;Transit;China;Nov;2026;FERSA;151;1191,39
26SIFJXN0002150 ;AS100148001501;3782/20;26/09/2026;10/11/2026;Transit;China;Nov;2026;A&S;146;334,34
26SIFJXN0002212;AS200037001501;6210 2RS/C3;26/09/2026;10/11/2026;Transit;China;Nov;2026;A&S;140;190,4
26SIFJXN0002211 ;AS310093001501;CR00092;26/09/2026;10/11/2026;Transit;China;Nov;2026;A&S;130;218,4
26SIFJXN0002212;AS400023001501;HK 4012;26/09/2026;10/11/2026;Transit;China;Nov;2026;A&S;130;58,5
26SIFJXN0002211 ;AS100132001501;32009 X;26/09/2026;10/11/2026;Transit;China;Nov;2026;A&S;108;125,28
26SIFJXN0002150 ;AS100271001501;33116;26/09/2026;10/11/2026;Transit;China;Nov;2026;A&S;102;430,44
26SIFJXN0002150 ;AS200094001501;6904 2RS/C3;26/09/2026;10/11/2026;Transit;China;Nov;2026;A&S;100;24
26SIFJXN0002150 ;AS201194001501;3210 B 2RS TV;26/09/2026;10/11/2026;Transit;China;Nov;2026;A&S;99;303,93
26SIFJXN0002151 ;14010925131001;AAS 6005 2RS/C3;26/09/2026;10/11/2026;Transit;China;Nov;2026;FERSA;98;50,96
26SIFJXN0002150 ;AS100036001501;32211;26/09/2026;10/11/2026;Transit;China;Nov;2026;A&S;90;206,1
26SIFJXN0002151 ;10010655001001;AAS 33215 F;26/09/2026;10/11/2026;Transit;China;Nov;2026;FERSA;88;569,36
26SIFJXN0002212;23012456001001;AAS F 17079 K;26/09/2026;10/11/2026;Transit;China;Nov;2026;FERSA;88;313,28
26SIFJXN0002211 ;AS100129001501;32007 X;26/09/2026;10/11/2026;Transit;China;Nov;2026;A&S;86;98,9
26SIFJXN0002151 ;14010944161001;AAS 6204 ZZ/C3;26/09/2026;10/11/2026;Transit;China;Nov;2026;FERSA;85;47,6
26SIFJXN0002211 ;AS100194001501;LM 11749/10;26/09/2026;10/11/2026;Transit;China;Nov;2026;A&S;85;47,6
26SIFJXN0002150 ;AS100132001501;32009 X;26/09/2026;10/11/2026;Transit;China;Nov;2026;A&S;84;97,44
26SIFJXN0002212;AS100149001501;387 A/382 A;26/09/2026;10/11/2026;Transit;China;Nov;2026;A&S;83;214,14
26SIFJXN0002151 ;14010944111190;AAS 6204 2RS;26/09/2026;10/11/2026;Transit;China;Nov;2026;FERSA;82;44,28
26SIFJXN0002150 ;AS100130001501;32008 X;26/09/2026;10/11/2026;Transit;China;Nov;2026;A&S;80;111,2
26SIFJXN0002151 ;10010624001001;AAS 33020 F;26/09/2026;10/11/2026;Transit;China;Nov;2026;FERSA;78;606,06
26SIFJXN0002150 ;AS200043001501;62202 2RS/C3;26/09/2026;10/11/2026;Transit;China;Nov;2026;A&S;76;48,64
26SIFJXN0002211 ;AS100034001501;32209;26/09/2026;10/11/2026;Transit;China;Nov;2026;A&S;76;154,28
26SIFJXN0002151 ;10010639001001;AAS 33117 F;26/09/2026;10/11/2026;Transit;China;Nov;2026;FERSA;72;558
26SIFJXN0002150 ;AS200372001501;1206;26/09/2026;10/11/2026;Transit;China;Nov;2026;A&S;71;52,54
26SIFJXN0002151 ;23012461001001;AAS F 17077 K;26/09/2026;10/11/2026;Transit;China;Nov;2026;FERSA;71;213,71
26SIFJXN0002211 ;AS640048001501;GE 40 KRRB 3L;26/09/2026;10/11/2026;Transit;China;Nov;2026;A&S;69;173,88
26SIFJXN0002212;10010605001001;AAS 32314 F;26/09/2026;10/11/2026;Transit;China;Nov;2026;FERSA;69;673,44
26SIFJXN0002151 ;10010520001001;AAS 31313 F;26/09/2026;10/11/2026;Transit;China;Nov;2026;FERSA;68;520,88
26SIFJXN0002151 ;14010921121001;AAS 6001 2RS/C3;26/09/2026;10/11/2026;Transit;China;Nov;2026;FERSA;60;23,4
26SIFJXN0002151 ;14010921151001;AAS 6001 ZZ/C3;26/09/2026;10/11/2026;Transit;China;Nov;2026;FERSA;58;174
26SIFJXN0002211 ;AS410144001501;NB0144;26/09/2026;10/11/2026;Transit;China;Nov;2026;A&S;58;72,5
26SIFJXN0002150 ;AS100509001501;37431/625;26/09/2026;10/11/2026;Transit;China;Nov;2026;A&S;57;316,35
26SIFJXN0002150 ;10010423001190;AAS 25581/25520;26/09/2026;10/11/2026;Transit;China;Nov;2026;FERSA;56;103,6
26SIFJXN0002151 ;23012337001001;AAS F 17046 K;26/09/2026;10/11/2026;Transit;China;Nov;2026;FERSA;56;113,68
26SIFJXN0002212;AS400020001501;HK 2820;26/09/2026;10/11/2026;Transit;China;Nov;2026;A&S;55;19,8
26SIFJXN0002212;14010951161190;AAS 6210 ZZ NR;26/09/2026;10/11/2026;Transit;China;Nov;2026;FERSA;52;86,84
26SIFJXN0002151 ;14010960151001;AAS 6300 ZZ/C3;26/09/2026;10/11/2026;Transit;China;Nov;2026;FERSA;50;16
26SIFJXN0002150 ;AS100019001501;30305;26/09/2026;10/11/2026;Transit;China;Nov;2026;A&S;49;42,63
26SIFJXN0002151 ;10010605001001;AAS 32314 F;26/09/2026;10/11/2026;Transit;China;Nov;2026;FERSA;49;478,24
26SIFJXN0002211 ;AS100065001501;33111;26/09/2026;10/11/2026;Transit;China;Nov;2026;A&S;49;123,97
26SIFJXN0002150 ;10010499001001;AAS 30306 F;26/09/2026;10/11/2026;Transit;China;Nov;2026;FERSA;48;73,92
26SIFJXN0002212;10011524001001;AAS F 15119;26/09/2026;10/11/2026;Transit;China;Nov;2026;FERSA;48;558,72
26SIFJXN0002151 ;14010970171001;AAS 6309 ZZ/C3;26/09/2026;10/11/2026;Transit;China;Nov;2026;FERSA;47;253,33
26SIFJXN0002150 ;AS200632001501;62204 2RS;26/09/2026;10/11/2026;Transit;China;Nov;2026;A&S;44;39,16
26SIFJXN0002211 ;AS640005001501;UC208;26/09/2026;10/11/2026;Transit;China;Nov;2026;A&S;44;75,24
26SIFJXN0002151 ;10010580001001;AAS 32221 F;26/09/2026;10/11/2026;Transit;China;Nov;2026;FERSA;43;869,03
26SIFJXN0002211 ;16523106011001;CLAC P 001;26/09/2026;10/11/2026;Transit;China;Nov;2026;FERSA;41;3712,55
26SIFJXN0002150 ;27010012001190;AAS 11 BC;26/09/2026;10/11/2026;Transit;China;Nov;2026;FERSA;40;20,4
26SIFJXN0002150 ;AS201195001501;3211 2RS/C3;26/09/2026;10/11/2026;Transit;China;Nov;2026;A&S;40;148,8
26SIFJXN0002212;AS201195001501;3211 2RS/C3;26/09/2026;10/11/2026;Transit;China;Nov;2026;A&S;40;148,8
26SIFJXN0002150 ;AS100134001501;32011 X;26/09/2026;10/11/2026;Transit;China;Nov;2026;A&S;36;61,92
26SIFJXN0002212;AS100073001501;33207;26/09/2026;10/11/2026;Transit;China;Nov;2026;A&S;36;69,12
26SIFJXN0002151 ;10010026001190;AAS 368 A/362 X;26/09/2026;10/11/2026;Transit;China;Nov;2026;FERSA;35;90,3
26SIFJXN0002151 ;10010551001001;AAS 32018 XF;26/09/2026;10/11/2026;Transit;China;Nov;2026;FERSA;34;250,92
26SIFJXN0002151 ;14010945101001;AAS 62/22 2RS/C3;26/09/2026;10/11/2026;Transit;China;Nov;2026;FERSA;34;35,36
26SIFJXN0002151 ;14010973131001;AAS 6312 C3;26/09/2026;10/11/2026;Transit;China;Nov;2026;FERSA;31;249,24
26SIFJXN0002150 ;10010458001190;AAS 29590/29520;26/09/2026;10/11/2026;Transit;China;Nov;2026;FERSA;30;62,1
26SIFJXN0002150 ;AS100293001501;33011;26/09/2026;10/11/2026;Transit;China;Nov;2026;A&S;30;70,2
26SIFJXN0002212;14010940121001;AAS 6200 2RS/C3;26/09/2026;10/11/2026;Transit;China;Nov;2026;FERSA;29;11,6
26SIFJXN0002150 ;10010472001001;AAS 30206 F;26/09/2026;10/11/2026;Transit;China;Nov;2026;FERSA;25;35
26SIFJXN0002151 ;14010929131001;AAS 6009 C3;26/09/2026;10/11/2026;Transit;China;Nov;2026;FERSA;24;33,12
26SIFJXN0002151 ;23012459001001;AAS F 17076 K;26/09/2026;10/11/2026;Transit;China;Nov;2026;FERSA;24;92,4
26SIFJXN0002212;14010969131001;AAS 6308 2RS/C3;26/09/2026;10/11/2026;Transit;China;Nov;2026;FERSA;24;60,72
26SIFJXN0002212;AS410144001501;NB0144;26/09/2026;10/11/2026;Transit;China;Nov;2026;A&S;23;28,75
26SIFJXN0002150 ;19011418001001;AAS F 19013;26/09/2026;10/11/2026;Transit;China;Nov;2026;FERSA;22;117,04
26SIFJXN0002150 ;AS200960001501;5210 2RS;26/09/2026;10/11/2026;Transit;China;Nov;2026;A&S;22;60,28
26SIFJXN0002151 ;14011625001190;AAS F 18041;26/09/2026;10/11/2026;Transit;China;Nov;2026;FERSA;22;37,84
26SIFJXN0002211 ;AS201195001501;3211 2RS/C3;26/09/2026;10/11/2026;Transit;China;Nov;2026;A&S;22;81,84
26SIFJXN0002150 ;AS200016001501;6011 2RS/C3;26/09/2026;10/11/2026;Transit;China;Nov;2026;A&S;20;23,4
26SIFJXN0002212;14010935121190;AAS 6015 2RS/C3;26/09/2026;10/11/2026;Transit;China;Nov;2026;FERSA;20;64
26SIFJXN0002212;14010970171001;AAS 6309 ZZ/C3;26/09/2026;10/11/2026;Transit;China;Nov;2026;FERSA;20;107,8
26SIFJXN0002212;AS100133001501;32010 X;26/09/2026;10/11/2026;Transit;China;Nov;2026;A&S;20;29,6
26SIFJXN0002150 ;AS100395001501;47487/20;26/09/2026;10/11/2026;Transit;China;Nov;2026;A&S;19;95,38
26SIFJXN0002150 ;AS100638001501;42368/42584;26/09/2026;10/11/2026;Transit;China;Nov;2026;A&S;19;142,31
26SIFJXN0002150 ;AS200669001501;6307 2Z/NR;26/09/2026;10/11/2026;Transit;China;Nov;2026;A&S;18;23,94
26SIFJXN0002150 ;AS100162001501;45291/20;26/09/2026;10/11/2026;Transit;China;Nov;2026;A&S;18;70,74
26SIFJXN0002212;10010268001001;AAS LM 12749/10;26/09/2026;10/11/2026;Transit;China;Nov;2026;FERSA;18;17,1
26SIFJXN0002212;14010946161190;AAS 6205 ZZ;26/09/2026;10/11/2026;Transit;China;Nov;2026;FERSA;18;11,16
26SIFJXN0002212;14010944111190;AAS 6204 2RS;26/09/2026;10/11/2026;Transit;China;Nov;2026;FERSA;17;9,18
26SIFJXN0002150 ;10010490001001;AAS 30220 F;26/09/2026;10/11/2026;Transit;China;Nov;2026;FERSA;16;187,52
26SIFJXN0002150 ;10010528001190;AAS 320/22 XF;26/09/2026;10/11/2026;Transit;China;Nov;2026;FERSA;16;141,12
26SIFJXN0002150 ;AS100032001501;32207;26/09/2026;10/11/2026;Transit;China;Nov;2026;A&S;16;23,04
26SIFJXN0002212;10010520001001;AAS 31313 F;26/09/2026;10/11/2026;Transit;China;Nov;2026;FERSA;16;122,56
26SIFJXN0002150 ;10010529001001;AAS 32005 XF;26/09/2026;10/11/2026;Transit;China;Nov;2026;FERSA;15;18,15
26SIFJXN0002151 ;10010561001001;AAS 32206 F;26/09/2026;10/11/2026;Transit;China;Nov;2026;FERSA;15;25,65
26SIFJXN0002212;AS100453001501;55206 C/437;26/09/2026;10/11/2026;Transit;China;Nov;2026;A&S;15;84,9
26SIFJXN0002212;AS200960001501;5210 2RS;26/09/2026;10/11/2026;Transit;China;Nov;2026;A&S;15;41,1
26SIFJXN0002150 ;10010523001001;AAS 31318 F;26/09/2026;10/11/2026;Transit;China;Nov;2026;FERSA;14;423,92
26SIFJXN0002151 ;14010927111001;AAS 6007 2RS;26/09/2026;10/11/2026;Transit;China;Nov;2026;FERSA;14;7,14
26SIFJXN0002212;14010922151001;AAS 6002 ZZ/C3;26/09/2026;10/11/2026;Transit;China;Nov;2026;FERSA;14;42
26SIFJXN0002150 ;10010437001190;AAS 26882/26820;26/09/2026;10/11/2026;Transit;China;Nov;2026;FERSA;13;34,58
26SIFJXN0002151 ;14010958101001;AAS 6217 C3;26/09/2026;10/11/2026;Transit;China;Nov;2026;FERSA;13;107,9
26SIFJXN0002150 ;10010159001190;AAS 2780/2720;26/09/2026;10/11/2026;Transit;China;Nov;2026;FERSA;12;24
26SIFJXN0002150 ;10010484001001;AAS 30214 F;26/09/2026;10/11/2026;Transit;China;Nov;2026;FERSA;12;58,92
26SIFJXN0002212;19011507001001;AAS NUP 314 FMNR/C3;26/09/2026;10/11/2026;Transit;China;Nov;2026;FERSA;12;275,64
26SIFJXN0002150 ;AS100114001501;28584/21;26/09/2026;10/11/2026;Transit;China;Nov;2026;A&S;11;26,18
26SIFJXN0002151 ;10010489001190;AAS 30219 F;26/09/2026;10/11/2026;Transit;China;Nov;2026;FERSA;11;58,19
26SIFJXN0002151 ;10012429001001;AAS F 15279;26/09/2026;10/11/2026;Transit;China;Nov;2026;FERSA;11;168,63
26SIFJXN0002151 ;14010973101001;AAS 6312;26/09/2026;10/11/2026;Transit;China;Nov;2026;FERSA;11;59,07
26SIFJXN0002151 ;23012462001001;AAS F 17080 K;26/09/2026;10/11/2026;Transit;China;Nov;2026;FERSA;11;47,19
26SIFJXN0002212;10010211001001;AAS 5395/5335;26/09/2026;10/11/2026;Transit;China;Nov;2026;FERSA;11;89,1
26SIFJXN0002212;14010927151001;AAS 6007 ZZ/C3;26/09/2026;10/11/2026;Transit;China;Nov;2026;FERSA;11;8,8
26SIFJXN0002150 ;10010467001123;AAS 30202 F;26/09/2026;10/11/2026;Transit;China;Nov;2026;FERSA;10;10,5
26SIFJXN0002151 ;10010056001190;AAS 390/394 A;26/09/2026;10/11/2026;Transit;China;Nov;2026;FERSA;10;37,7
26SIFJXN0002151 ;14010966181001;AAS 6306 ZZ;26/09/2026;10/11/2026;Transit;China;Nov;2026;FERSA;10;14,3
26SIFJXN0002211 ;AS100142001501;32020 X;26/09/2026;10/11/2026;Transit;China;Nov;2026;A&S;10;46,7
26SIFJXN0002211 ;AS100145001501;37431 A/625;26/09/2026;10/11/2026;Transit;China;Nov;2026;A&S;10;54,1
26SIFJXN0002211 ;AS200039001501;6212 2RS/C3;26/09/2026;10/11/2026;Transit;China;Nov;2026;A&S;10;21,3
26SIFJXN0002212;AS100030001501;32205;26/09/2026;10/11/2026;Transit;China;Nov;2026;A&S;10;8,7
26SIFJXN0002150 ;10010392001190;AAS 15126/15250 X;26/09/2026;10/11/2026;Transit;China;Nov;2026;FERSA;9;13,05
26SIFJXN0002150 ;AS100264001501;31312;26/09/2026;10/11/2026;Transit;China;Nov;2026;A&S;9;48,69
26SIFJXN0002151 ;10010045001001;AAS 387 A/382 S;26/09/2026;10/11/2026;Transit;China;Nov;2026;FERSA;9;37,8
26SIFJXN0002151 ;10010259001190;AAS 11590/11520;26/09/2026;10/11/2026;Transit;China;Nov;2026;FERSA;9;8,91
26SIFJXN0002211 ;AS100050001501;32307;26/09/2026;10/11/2026;Transit;China;Nov;2026;A&S;9;22,5
26SIFJXN0002212;14010973131001;AAS 6312 C3;26/09/2026;10/11/2026;Transit;China;Nov;2026;FERSA;9;72,36
26SIFJXN0002151 ;10010670001190;AAS 33889/33822;26/09/2026;10/11/2026;Transit;China;Nov;2026;FERSA;8;27,12
26SIFJXN0002151 ;10011891001190;AAS F 15197;26/09/2026;10/11/2026;Transit;China;Nov;2026;FERSA;8;21,52
26SIFJXN0002151 ;14010974171001;AAS 6313 C3;26/09/2026;10/11/2026;Transit;China;Nov;2026;FERSA;8;69,76
26SIFJXN0002211 ;AS200017001501;6012 2RS/C3;26/09/2026;10/11/2026;Transit;China;Nov;2026;A&S;8;16,88
26SIFJXN0002212;14010963151001;AAS 6303 ZZ/C3;26/09/2026;10/11/2026;Transit;China;Nov;2026;FERSA;8;3,84
26SIFJXN0002212;AS100076001501;33210;26/09/2026;10/11/2026;Transit;China;Nov;2026;A&S;8;19,12
26SIFJXN0002212;AS100080001501;33214;26/09/2026;10/11/2026;Transit;China;Nov;2026;A&S;8;34,8
26SIFJXN0002151 ;10010560001001;AAS 32205 F;26/09/2026;10/11/2026;Transit;China;Nov;2026;FERSA;7;8,96
26SIFJXN0002151 ;23012585001001;AAS F 17062 K;26/09/2026;10/11/2026;Transit;China;Nov;2026;FERSA;7;31,85
26SIFJXN0002212;10010156001190;AAS 2580/2523;26/09/2026;10/11/2026;Transit;China;Nov;2026;FERSA;7;14,91
26SIFJXN0002150 ;15011365001001;AAS F 16074;26/09/2026;10/11/2026;Transit;China;Nov;2026;FERSA;6;32,82
26SIFJXN0002151 ;11011825001001;AAS F 15187;26/09/2026;10/11/2026;Transit;China;Nov;2026;FERSA;6;35,52
26SIFJXN0002151 ;14010922151001;AAS 6002 ZZ/C3;26/09/2026;10/11/2026;Transit;China;Nov;2026;FERSA;6;18
26SIFJXN0002151 ;14010927151001;AAS 6007 ZZ/C3;26/09/2026;10/11/2026;Transit;China;Nov;2026;FERSA;6;4,8
26SIFJXN0002151 ;15011842001001;AAS F 16107;26/09/2026;10/11/2026;Transit;China;Nov;2026;FERSA;6;32,82
26SIFJXN0002211 ;AS100079001501;33213;26/09/2026;10/11/2026;Transit;China;Nov;2026;A&S;6;33,12
26SIFJXN0002212;15011294001001;AAS F 16002;26/09/2026;10/11/2026;Transit;China;Nov;2026;FERSA;6;21,66
26SIFJXN0002212;19011480001190;AAS NJ 306 FM;26/09/2026;10/11/2026;Transit;China;Nov;2026;FERSA;6;12,72
26SIFJXN0002212;AS100074001501;33208;26/09/2026;10/11/2026;Transit;China;Nov;2026;A&S;6;11,58
26SIFJXN0002150 ;10010511001190;AAS 31303 F;26/09/2026;10/11/2026;Transit;China;Nov;2026;FERSA;5;8
26SIFJXN0002150 ;AS100244001501;39590/20;26/09/2026;10/11/2026;Transit;China;Nov;2026;A&S;5;21
26SIFJXN0002151 ;10010385001001;AAS 15118/15250 X;26/09/2026;10/11/2026;Transit;China;Nov;2026;FERSA;5;8,8
26SIFJXN0002151 ;14010966151190;AAS 6306 NR/C3;26/09/2026;10/11/2026;Transit;China;Nov;2026;FERSA;5;6,65
26SIFJXN0002151 ;14011026101001;AAS 62305 2RS/C3;26/09/2026;10/11/2026;Transit;China;Nov;2026;FERSA;5;8
26SIFJXN0002151 ;23012567001001;AAS F 17095 K;26/09/2026;10/11/2026;Transit;China;Nov;2026;FERSA;5;12,5
26SIFJXN0002211 ;AS100244001501;39590/20;26/09/2026;10/11/2026;Transit;China;Nov;2026;A&S;5;21
26SIFJXN0002211 ;AS600015001501;GE31 ZO;26/09/2026;10/11/2026;Transit;China;Nov;2026;A&S;5;7,8
26SIFJXN0002212;10010557001001;AAS 32204 F;26/09/2026;10/11/2026;Transit;China;Nov;2026;FERSA;5;5,6
26SIFJXN0002212;12011609001195;AAS F 200004;26/09/2026;10/11/2026;Transit;China;Nov;2026;FERSA;5;143,5
26SIFJXN0002212;15011331001190;AAS F 16039;26/09/2026;10/11/2026;Transit;China;Nov;2026;FERSA;5;13,65
26SIFJXN0002150 ;10010291001190;AAS 14585/14525;26/09/2026;10/11/2026;Transit;China;Nov;2026;FERSA;4;6,56
26SIFJXN0002150 ;10010482001001;AAS 30212 F;26/09/2026;10/11/2026;Transit;China;Nov;2026;FERSA;4;13,4
26SIFJXN0002150 ;10010500001001;AAS 30307 F;26/09/2026;10/11/2026;Transit;China;Nov;2026;FERSA;4;9,2
26SIFJXN0002150 ;AS100059001501;33019;26/09/2026;10/11/2026;Transit;China;Nov;2026;A&S;4;20,88
26SIFJXN0002150 ;AS100152001501;395/394 A;26/09/2026;10/11/2026;Transit;China;Nov;2026;A&S;4;21,68
26SIFJXN0002150 ;AS200351001501;6201 2Z/C3;26/09/2026;10/11/2026;Transit;China;Nov;2026;A&S;4;0,84
26SIFJXN0002151 ;10010618001190;AAS 33014 F;26/09/2026;10/11/2026;Transit;China;Nov;2026;FERSA;4;48,2
26SIFJXN0002151 ;10010646001001;AAS 33207 F;26/09/2026;10/11/2026;Transit;China;Nov;2026;FERSA;4;22,4
26SIFJXN0002151 ;10010840001190;AAS HM 801346/10;26/09/2026;10/11/2026;Transit;China;Nov;2026;FERSA;4;16,88
26SIFJXN0002151 ;11012051001001;AAS F 15128;26/09/2026;10/11/2026;Transit;China;Nov;2026;FERSA;4;12
26SIFJXN0002151 ;11012327001001;AAS F 15271;26/09/2026;10/11/2026;Transit;China;Nov;2026;FERSA;4;97,12
26SIFJXN0002151 ;14010927101001;AAS 6007;26/09/2026;10/11/2026;Transit;China;Nov;2026;FERSA;4;2,96
26SIFJXN0002151 ;14010951161190;AAS 6210 ZZ NR;26/09/2026;10/11/2026;Transit;China;Nov;2026;FERSA;4;6,68
26SIFJXN0002151 ;14010969191001;AAS 6308 ZZ/C3;26/09/2026;10/11/2026;Transit;China;Nov;2026;FERSA;4;10
26SIFJXN0002151 ;14011025101001;AAS 62304 2RS/C3;26/09/2026;10/11/2026;Transit;China;Nov;2026;FERSA;4;4,4
26SIFJXN0002151 ;23012451001001;AAS F 17054 K;26/09/2026;10/11/2026;Transit;China;Nov;2026;FERSA;4;6,8
26SIFJXN0002211 ;AS410064001501;NB0064;26/09/2026;10/11/2026;Transit;China;Nov;2026;A&S;4;5,32
26SIFJXN0002212;10010385001001;AAS 15118/15250 X;26/09/2026;10/11/2026;Transit;China;Nov;2026;FERSA;4;7,04
26SIFJXN0002212;10010490001001;AAS 30220 F;26/09/2026;10/11/2026;Transit;China;Nov;2026;FERSA;4;46,88
26SIFJXN0002212;10010499001001;AAS 30306 F;26/09/2026;10/11/2026;Transit;China;Nov;2026;FERSA;4;6,16
26SIFJXN0002212;10010762001001;AAS M 88043/M 88010;26/09/2026;10/11/2026;Transit;China;Nov;2026;FERSA;4;7,96
26SIFJXN0002212;10012429001001;AAS F 15279;26/09/2026;10/11/2026;Transit;China;Nov;2026;FERSA;4;61,32
26SIFJXN0002212;14015460001113;AAS NKE_6313-2RSR-C3;26/09/2026;10/11/2026;Transit;China;Nov;2026;NKE;4;29,88
26SIFJXN0002212;15011332001001;AAS F 16040;26/09/2026;10/11/2026;Transit;China;Nov;2026;FERSA;4;15,08
26SIFJXN0002212;23012817001001;AAS F 17084 K;26/09/2026;10/11/2026;Transit;China;Nov;2026;FERSA;4;15,04
26SIFJXN0002212;AS120053001501;WB55900060RB;26/09/2026;10/11/2026;Transit;China;Nov;2026;A&S;4;38,28
26SIFJXN0002150 ;10010560001001;AAS 32205 F;26/09/2026;10/11/2026;Transit;China;Nov;2026;FERSA;3;3,84
26SIFJXN0002150 ;10010561001001;AAS 32206 F;26/09/2026;10/11/2026;Transit;China;Nov;2026;FERSA;3;5,13
26SIFJXN0002151 ;10010492001190;AAS 30222 F;26/09/2026;10/11/2026;Transit;China;Nov;2026;FERSA;3;33,27
26SIFJXN0002151 ;14010931141190;AAS 6011 ZZ;26/09/2026;10/11/2026;Transit;China;Nov;2026;FERSA;3;4,56
26SIFJXN0002151 ;14010952141001;AAS 6211 Z NR;26/09/2026;10/11/2026;Transit;China;Nov;2026;FERSA;3;7,8
26SIFJXN0002151 ;15011542001190;AAS F 16083;26/09/2026;10/11/2026;Transit;China;Nov;2026;FERSA;3;8,25
26SIFJXN0002151 ;23012308001001;AAS F 17039 K;26/09/2026;10/11/2026;Transit;China;Nov;2026;FERSA;3;13,53
26SIFJXN0002212;10010541001001;AAS 32010 XF;26/09/2026;10/11/2026;Transit;China;Nov;2026;FERSA;3;8,76
26SIFJXN0002212;AS100189001501;L 68149/11;26/09/2026;10/11/2026;Transit;China;Nov;2026;A&S;3;2,61
26SIFJXN0002212;AS120006001501;WB25550048RB;26/09/2026;10/11/2026;Transit;China;Nov;2026;A&S;3;11,16
26SIFJXN0002150 ;AS200670001501;62207 2RS;26/09/2026;10/11/2026;Transit;China;Nov;2026;A&S;2;3,36
26SIFJXN0002151 ;10010608001190;AAS 32317 F;26/09/2026;10/11/2026;Transit;China;Nov;2026;FERSA;2;35,38
26SIFJXN0002151 ;10010664001190;AAS 33281/33462;26/09/2026;10/11/2026;Transit;China;Nov;2026;FERSA;2;13,86
26SIFJXN0002151 ;14010949141190;AAS 6208 K 2RS;26/09/2026;10/11/2026;Transit;China;Nov;2026;FERSA;2;4
26SIFJXN0002151 ;14010981151190;AAS 6404 ZZ/C3;26/09/2026;10/11/2026;Transit;China;Nov;2026;FERSA;2;2,98
26SIFJXN0002151 ;14014652001190;AAS 6019 2RSR;26/09/2026;10/11/2026;Transit;China;Nov;2026;FERSA;2;10,04
26SIFJXN0002211 ;AS200669001501;6307 2Z/NR;26/09/2026;10/11/2026;Transit;China;Nov;2026;A&S;2;2,66
26SIFJXN0002212;10010054001190;AAS 389 A/383 A;26/09/2026;10/11/2026;Transit;China;Nov;2026;FERSA;2;8,04
26SIFJXN0002212;10010261001001;AAS LM 11949/10;26/09/2026;10/11/2026;Transit;China;Nov;2026;FERSA;2;1,08
26SIFJXN0002212;14010954121001;AAS 6213 2RS/C3;26/09/2026;10/11/2026;Transit;China;Nov;2026;FERSA;2;10,32
26SIFJXN0002212;14010974171001;AAS 6313 C3;26/09/2026;10/11/2026;Transit;China;Nov;2026;FERSA;2;17,44
26SIFJXN0002212;14010975131001;AAS 6314 NR/C3;26/09/2026;10/11/2026;Transit;China;Nov;2026;FERSA;2;16,44
26SIFJXN0002212;19011502001001;AAS NUP 311 FMNR/C3;26/09/2026;10/11/2026;Transit;China;Nov;2026;FERSA;2;26,08
26SIFJXN0002212;19011806001190;AAS NUP 308 FMNR/C3;26/09/2026;10/11/2026;Transit;China;Nov;2026;FERSA;2;8,06
26SIFJXN0002150 ;10010385001001;AAS 15118/15250 X;26/09/2026;10/11/2026;Transit;China;Nov;2026;FERSA;1;1,76
26SIFJXN0002150 ;10010483001001;AAS 30213 F;26/09/2026;10/11/2026;Transit;China;Nov;2026;FERSA;1;3,5
26SIFJXN0002150 ;10010535001001;AAS 32007 XF;26/09/2026;10/11/2026;Transit;China;Nov;2026;FERSA;1;1,42
26SIFJXN0002150 ;10010540001001;AAS 32009 XF;26/09/2026;10/11/2026;Transit;China;Nov;2026;FERSA;1;2,1
26SIFJXN0002150 ;10010627001001;AAS 33022 F;26/09/2026;10/11/2026;Transit;China;Nov;2026;FERSA;1;11,5
26SIFJXN0002150 ;AS100651001501;681/672;26/09/2026;10/11/2026;Transit;China;Nov;2026;A&S;1;14,94
26SIFJXN0002151 ;10010178001190;AAS 3578/3525;26/09/2026;10/11/2026;Transit;China;Nov;2026;FERSA;1;3,77
26SIFJXN0002151 ;14010971101001;AAS 6310;26/09/2026;10/11/2026;Transit;China;Nov;2026;FERSA;1;4,15
26SIFJXN0002211 ;AS120006001501;WB25550048RB;26/09/2026;10/11/2026;Transit;China;Nov;2026;A&S;1;3,72
26SIFJXN0002212;10010056001190;AAS 390/394 A;26/09/2026;10/11/2026;Transit;China;Nov;2026;FERSA;1;3,77
26SIFJXN0002212;10010458001190;AAS 29590/29520;26/09/2026;10/11/2026;Transit;China;Nov;2026;FERSA;1;2,07
26SIFJXN0002212;10010507001001;AAS 30313 F;26/09/2026;10/11/2026;Transit;China;Nov;2026;FERSA;1;8,16
26SIFJXN0002212;10010603001001;AAS 32313 F;26/09/2026;10/11/2026;Transit;China;Nov;2026;FERSA;1;10,69
26SIFJXN0002212;10010639001001;AAS 33117 F;26/09/2026;10/11/2026;Transit;China;Nov;2026;FERSA;1;7,75
26SIFJXN0002212;AS100152001501;395/394 A;26/09/2026;10/11/2026;Transit;China;Nov;2026;A&S;1;5,42
(vazio);19012532001001;AAS F 19008;05/10/2026;15/11/2026;Backorder;Spain;Nov;2026;FERSA;1040;26062,4
(vazio);10010366001001;AAS F 15116;05/10/2026;15/11/2026;Backorder;Spain;Nov;2026;FERSA;950;18420,5
(vazio);10010222001001;AAS JD 6549/6510;05/10/2026;15/11/2026;Backorder;Spain;Nov;2026;FERSA;601;5306,83
(vazio);19011420001001;AAS F 19015;05/10/2026;15/11/2026;Backorder;Spain;Nov;2026;FERSA;580;4083,2
(vazio);10012844001001;AAS F 15346;05/10/2026;15/11/2026;Backorder;Spain;Nov;2026;FERSA;560;5359,2
(vazio);66010063101099;KRBC F 200032;05/10/2026;15/11/2026;Backorder;Spain;Nov;2026;FERSA;478;8054,3
(vazio);10012655001001;AAS JF 5049/JF 5010;05/10/2026;15/11/2026;Backorder;Spain;Nov;2026;FERSA;374;4188,8
(vazio);19012854001001;AAS F 19097;05/10/2026;15/11/2026;Backorder;Spain;Nov;2026;FERSA;362;4249,88
(vazio);10012407001001;AAS F 15278;05/10/2026;15/11/2026;Backorder;Spain;Nov;2026;FERSA;270;1557,9
(vazio);10010096001001;AAS 529/520 X1;05/10/2026;15/11/2026;Backorder;Spain;Nov;2026;FERSA;270;2205,9
(vazio);25110011001001;FDRK EV91 OB;05/10/2026;15/11/2026;Backorder;Spain;Nov;2026;FERSA;234;23301,72
(vazio);10010215001001;AAS JF 6049/10;05/10/2026;15/11/2026;Backorder;Spain;Nov;2026;FERSA;220;2299
(vazio);19011407001001;AAS F 19001;05/10/2026;15/11/2026;Backorder;Spain;Nov;2026;FERSA;190;1991,2
(vazio);10012846001001;AAS F 15348;05/10/2026;15/11/2026;Backorder;Spain;Nov;2026;FERSA;140;1239
(vazio);10111103001001;CEM F 15150 A;05/10/2026;15/11/2026;Backorder;Spain;Nov;2026;FERSA;120;1336,2
(vazio);10010817001001;AAS JHM 522649/10;05/10/2026;15/11/2026;Backorder;Spain;Nov;2026;FERSA;50;1141
(vazio);11012230001023;AAS F 15125;05/10/2026;15/11/2026;Backorder;Spain;Nov;2026;FERSA;28;1765,4
(vazio);25110025001001;FTRK G85-6 OB V1;05/10/2026;15/11/2026;Backorder;Spain;Nov;2026;FERSA;24;1823,28
(vazio);13512758001108;AAS F 400008;05/10/2026;15/11/2026;Backorder;Spain;Nov;2026;FERSA;17;4261,73
(vazio);10011873001001;AAS F 15190;05/10/2026;15/11/2026;Backorder;Spain;Nov;2026;FERSA;10;127
26SIFJXN0002213;12012081001195;AAS F 200014;29/09/2026;16/11/2026;Transit;China;Nov;2026;FERSA;1799;57064,28
26SIFJXN0002213;12022080101195;AAS F 200035;29/09/2026;16/11/2026;Transit;China;Nov;2026;FERSA;953;31010,62
26SIFJXN0002213;AS200034001501;6207 2RS/C3;29/09/2026;16/11/2026;Transit;China;Nov;2026;A&S;951;827,37
26SIFJXN0002213;14010965111001;AAS 6305 2RS;29/09/2026;16/11/2026;Transit;China;Nov;2026;FERSA;515;478,95
26SIFJXN0002213;19012460001001;AAS F 19090;29/09/2026;16/11/2026;Transit;China;Nov;2026;FERSA;388;1575,28
26SIFJXN0002213;14014483111124;AAS NKE_6002-MRO;29/09/2026;16/11/2026;Transit;China;Nov;2026;NKE;331;99,3
26SIFJXN0002213;AS400023001501;HK 4012;29/09/2026;16/11/2026;Transit;China;Nov;2026;A&S;326;146,7
26SIFJXN0002213;10010551001001;AAS 32018 XF;29/09/2026;16/11/2026;Transit;China;Nov;2026;FERSA;318;2346,84
26SIFJXN0002213;14010965131001;AAS 6305 2RS/C3;29/09/2026;16/11/2026;Transit;China;Nov;2026;FERSA;272;288,32
26SIFJXN0002213;14014596111124;AAS NKE_6012-2RS2-C3-MRO;29/09/2026;16/11/2026;Transit;China;Nov;2026;NKE;200;424
26SIFJXN0002213;AS200037001501;6210 2RS/C3;29/09/2026;16/11/2026;Transit;China;Nov;2026;A&S;198;269,28
26SIFJXN0002213;14516505001124;AAS NKE_3203-B-2Z-TV-C3-MRO;29/09/2026;16/11/2026;Transit;China;Nov;2026;NKE;176;304,48
26SIFJXN0002213;14010925111001;AAS 6005 2RS;29/09/2026;16/11/2026;Transit;China;Nov;2026;FERSA;172;101,48
26SIFJXN0002213;14010944111190;AAS 6204 2RS;29/09/2026;16/11/2026;Transit;China;Nov;2026;FERSA;162;87,48
26SIFJXN0002213;AS640003001501;UC206;29/09/2026;16/11/2026;Transit;China;Nov;2026;A&S;153;148,41
26SIFJXN0002213;12012080001195;AAS F 200013;29/09/2026;16/11/2026;Transit;China;Nov;2026;FERSA;152;4930,88
26SIFJXN0002213;AS100195001501;LM 11949/10;29/09/2026;16/11/2026;Transit;China;Nov;2026;A&S;150;90
26SIFJXN0002213;14010940121001;AAS 6200 2RS/C3;29/09/2026;16/11/2026;Transit;China;Nov;2026;FERSA;148;59,2
26SIFJXN0002213;14015336111124;AAS NKE_6300-2Z-MRO;29/09/2026;16/11/2026;Transit;China;Nov;2026;NKE;136;70,72
26SIFJXN0002213;AS200112001501;6005 2RS/C3;29/09/2026;16/11/2026;Transit;China;Nov;2026;A&S;135;47,25
26SIFJXN0002213;AS200065001501;6301 2RS/C3;29/09/2026;16/11/2026;Transit;China;Nov;2026;A&S;107;28,89
26SIFJXN0002213;14028177001124;AAS NKE__6406-2RS-C3-MRO;29/09/2026;16/11/2026;Transit;China;Nov;2026;NKE;100;368
26SIFJXN0002213;AS100148001501;3782/20;29/09/2026;16/11/2026;Transit;China;Nov;2026;A&S;99;226,71
26SIFJXN0002213;14014559111124;AAS NKE_6009-MRO;29/09/2026;16/11/2026;Transit;China;Nov;2026;NKE;88;99,44
26SIFJXN0002213;10010774001190;AAS HM 89448/10;29/09/2026;16/11/2026;Transit;China;Nov;2026;FERSA;82;337,84
26SIFJXN0002213;14010925101190;AAS 6005;29/09/2026;16/11/2026;Transit;China;Nov;2026;FERSA;80;39,2
26SIFJXN0002213;14014609131124;AAS NKE_6013-2Z-C3-MRO;29/09/2026;16/11/2026;Transit;China;Nov;2026;NKE;68;159,8
26SIFJXN0002213;14010925131001;AAS 6005 2RS/C3;29/09/2026;16/11/2026;Transit;China;Nov;2026;FERSA;65;33,8
26SIFJXN0002213;10010627001001;AAS 33022 F;29/09/2026;16/11/2026;Transit;China;Nov;2026;FERSA;62;713
26SIFJXN0002213;23021211001124;AAS NKE_HK1412-MRO;29/09/2026;16/11/2026;Transit;China;Nov;2026;NKE;60;30
26SIFJXN0002213;14010963151001;AAS 6303 ZZ/C3;29/09/2026;16/11/2026;Transit;China;Nov;2026;FERSA;58;27,84
26SIFJXN0002213;19011435001001;AAS F 19033;29/09/2026;16/11/2026;Transit;China;Nov;2026;FERSA;54;306,72
26SIFJXN0002213;14010947161001;AAS 6206 ZZ/C3;29/09/2026;16/11/2026;Transit;China;Nov;2026;FERSA;50;60,5
26SIFJXN0002213;AS200011001501;6006 2RS/C3;29/09/2026;16/11/2026;Transit;China;Nov;2026;A&S;50;21,5
26SIFJXN0002213;14028179001124;AAS NKE_6409-2RS-C3-MRO;29/09/2026;16/11/2026;Transit;China;Nov;2026;NKE;40;353,6
26SIFJXN0002213;14514153111124;AAS NKE_3312-B-TV-C3-MRO;29/09/2026;16/11/2026;Transit;China;Nov;2026;NKE;40;722,8
26SIFJXN0002213;14014398001124;AAS NKE_16018-C3-MRO;29/09/2026;16/11/2026;Transit;China;Nov;2026;NKE;36;203,4
26SIFJXN0002213;14015436001124;AAS NKE_6309-C3-MRO;29/09/2026;16/11/2026;Transit;China;Nov;2026;NKE;36;207,36
26SIFJXN0002213;14316372001113;AAS NKE_GYE45-KRRB;29/09/2026;16/11/2026;Transit;China;Nov;2026;NKE;36;135
26SIFJXN0002213;10010664001190;AAS 33281/33462;29/09/2026;16/11/2026;Transit;China;Nov;2026;FERSA;31;214,83
26SIFJXN0002213;14015096001113;AAS NKE_6206-2Z-C3;29/09/2026;16/11/2026;Transit;China;Nov;2026;NKE;31;33,17
26SIFJXN0002213;14010944141001;AAS 6204 ZZ;29/09/2026;16/11/2026;Transit;China;Nov;2026;FERSA;29;14,79
26SIFJXN0002213;14010973131001;AAS 6312 C3;29/09/2026;16/11/2026;Transit;China;Nov;2026;FERSA;28;225,12
26SIFJXN0002213;14010970111001;AAS 6309 2RS;29/09/2026;16/11/2026;Transit;China;Nov;2026;FERSA;26;89,44
26SIFJXN0002213;14010953131001;AAS 6212 2RS/C3;29/09/2026;16/11/2026;Transit;China;Nov;2026;FERSA;23;104,88
26SIFJXN0002213;11026205001001;AAS F 15526;29/09/2026;16/11/2026;Transit;China;Nov;2026;FERSA;21;400,26
26SIFJXN0002213;14014362001124;AAS NKE_16008-2Z-C3-MRO;29/09/2026;16/11/2026;Transit;China;Nov;2026;NKE;20;24,6
26SIFJXN0002213;14014640111124;AAS NKE_6017-2Z-C3-MRO;29/09/2026;16/11/2026;Transit;China;Nov;2026;NKE;20;91
26SIFJXN0002213;14014653141124;AAS NKE_6019-2RS2-C3-MRO;29/09/2026;16/11/2026;Transit;China;Nov;2026;NKE;20;90,6
26SIFJXN0002213;14015498131124;AAS NKE_6319-2RS2-C3-MRO;29/09/2026;16/11/2026;Transit;China;Nov;2026;NKE;20;325
26SIFJXN0002213;14015550001124;AAS NKE_6411-C3-MRO;29/09/2026;16/11/2026;Transit;China;Nov;2026;NKE;20;180,6
26SIFJXN0002213;14021680151124;AAS NKE_6217-2RS2-C3-MRO;29/09/2026;16/11/2026;Transit;China;Nov;2026;NKE;20;131
26SIFJXN0002213;14028180001124;AAS_NKE_6410-2RS-C3-MRO;29/09/2026;16/11/2026;Transit;China;Nov;2026;NKE;20;193,4
26SIFJXN0002213;14316307001113;AAS NKE_GAY30-NPPB;29/09/2026;16/11/2026;Transit;China;Nov;2026;NKE;20;37,2
26SIFJXN0002213;23021198001124;AAS NKE_HK0709-MRO;29/09/2026;16/11/2026;Transit;China;Nov;2026;NKE;20;7
26SIFJXN0002213;AS100145001501;37431 A/625;29/09/2026;16/11/2026;Transit;China;Nov;2026;A&S;20;108,2
26SIFJXN0002213;14014619111124;AAS NKE_6015-MRO;29/09/2026;16/11/2026;Transit;China;Nov;2026;NKE;18;51,84
26SIFJXN0002213;14516472001124;AAS NKE_3214-B-2RS-TV-C3-MRO;29/09/2026;16/11/2026;Transit;China;Nov;2026;NKE;18;164,34
26SIFJXN0002213;14514125001124;AAS NKE_3203-B-2Z-TV-MRO;29/09/2026;16/11/2026;Transit;China;Nov;2026;NKE;17;31,45
26SIFJXN0002213;14516530001124;AAS NKE_3205-B-2Z-TV-C3-MRO;29/09/2026;16/11/2026;Transit;China;Nov;2026;NKE;16;28,48
26SIFJXN0002213;10010211001001;AAS 5395/5335;29/09/2026;16/11/2026;Transit;China;Nov;2026;FERSA;15;121,5
26SIFJXN0002213;14010969131001;AAS 6308 2RS/C3;29/09/2026;16/11/2026;Transit;China;Nov;2026;FERSA;14;35,42
26SIFJXN0002213;14015482001117;AAS NKE_6316-C3;29/09/2026;16/11/2026;Transit;China;Nov;2026;NKE;14;217,84
26SIFJXN0002213;19011480001190;AAS NJ 306 FM;29/09/2026;16/11/2026;Transit;China;Nov;2026;FERSA;14;29,68
26SIFJXN0002213;19011626001001;AAS F 19069;29/09/2026;16/11/2026;Transit;China;Nov;2026;FERSA;13;57,33
26SIFJXN0002213;AS100132001501;32009 X;29/09/2026;16/11/2026;Transit;China;Nov;2026;A&S;13;15,08
26SIFJXN0002213;14026269111124;AAS NKE_6219-2RS2-C3-MRO;29/09/2026;16/11/2026;Transit;China;Nov;2026;NKE;12;97,44
26SIFJXN0002213;15011294001001;AAS F 16002;29/09/2026;16/11/2026;Transit;China;Nov;2026;FERSA;12;43,32
26SIFJXN0002213;23021483001124;AAS NKE_NKI45/25-MRO;29/09/2026;16/11/2026;Transit;China;Nov;2026;NKE;12;26,16
26SIFJXN0002213;AS100079001501;33213;29/09/2026;16/11/2026;Transit;China;Nov;2026;A&S;12;66,24
26SIFJXN0002213;AS100081001501;33215;29/09/2026;16/11/2026;Transit;China;Nov;2026;A&S;12;62,88
26SIFJXN0002213;10010557001001;AAS 32204 F;29/09/2026;16/11/2026;Transit;China;Nov;2026;FERSA;10;11,2
26SIFJXN0002213;11012014001001;AAS F 15218;29/09/2026;16/11/2026;Transit;China;Nov;2026;FERSA;10;82,6
26SIFJXN0002213;14010970171001;AAS 6309 ZZ/C3;29/09/2026;16/11/2026;Transit;China;Nov;2026;FERSA;10;53,9
26SIFJXN0002213;14019108001124;AAS NKE_6018-M-C3-MRO;29/09/2026;16/11/2026;Transit;China;Nov;2026;NKE;10;193,4
26SIFJXN0002213;14019412001124;AAS NKE_62209-2RSR-C3-MRO;29/09/2026;16/11/2026;Transit;China;Nov;2026;NKE;10;25,4
26SIFJXN0002213;10010643001001;AAS 33205 F;29/09/2026;16/11/2026;Transit;China;Nov;2026;FERSA;8;12,08
26SIFJXN0002213;14014385001124;AAS NKE_16013-C3-MRO;29/09/2026;16/11/2026;Transit;China;Nov;2026;NKE;8;8,56
26SIFJXN0002213;14014392001124;AAS NKE_16015-C3-MRO;29/09/2026;16/11/2026;Transit;China;Nov;2026;NKE;8;22,8
26SIFJXN0002213;14014843001124;AAS NKE_61818-2Z-C3-MRO;29/09/2026;16/11/2026;Transit;China;Nov;2026;NKE;8;43,28
26SIFJXN0002213;14014857001124;AAS NKE_61820-2RSR-C3-MRO;29/09/2026;16/11/2026;Transit;China;Nov;2026;NKE;8;50,08
26SIFJXN0002213;14015460001113;AAS NKE_6313-2RSR-C3;29/09/2026;16/11/2026;Transit;China;Nov;2026;NKE;8;59,76
26SIFJXN0002213;14019184001124;AAS NKE_61819-2Z-MRO;29/09/2026;16/11/2026;Transit;China;Nov;2026;NKE;8;60
26SIFJXN0002213;23012823001001;AAS F 17099 K;29/09/2026;16/11/2026;Transit;China;Nov;2026;FERSA;8;20,96
26SIFJXN0002213;23021486001124;AAS NKE_NKI55/25-MRO;29/09/2026;16/11/2026;Transit;China;Nov;2026;NKE;8;26,8
26SIFJXN0002213;28020359001124;AAS NKE_22224-E-K-C3-W33-MRO;29/09/2026;16/11/2026;Transit;China;Nov;2026;NKE;8;620,4
26SIFJXN0002213;19011507001001;AAS NUP 314 FMNR/C3;29/09/2026;16/11/2026;Transit;China;Nov;2026;FERSA;7;160,79
26SIFJXN0002213;AS200042001501;62201 2RS/C3;29/09/2026;16/11/2026;Transit;China;Nov;2026;A&S;7;3,01
26SIFJXN0002213;10010392001190;AAS 15126/15250 X;29/09/2026;16/11/2026;Transit;China;Nov;2026;FERSA;6;8,7
26SIFJXN0002213;14015552001124;AAS NKE_6412-C3-MRO;29/09/2026;16/11/2026;Transit;China;Nov;2026;NKE;6;86,16
26SIFJXN0002213;19012417001001;AAS NUP 308 FM/C3;29/09/2026;16/11/2026;Transit;China;Nov;2026;FERSA;6;39,24
26SIFJXN0002213;14316363001113;AAS NKE_GYE25-KRRB;29/09/2026;16/11/2026;Transit;China;Nov;2026;NKE;5;8,15
26SIFJXN0002213;15011854001001;AAS F 16200;29/09/2026;16/11/2026;Transit;China;Nov;2026;FERSA;5;19,4
26SIFJXN0002213;10010097001190;AAS 529 X/522;29/09/2026;16/11/2026;Transit;China;Nov;2026;FERSA;4;25,88
26SIFJXN0002213;10010624001001;AAS 33020 F;29/09/2026;16/11/2026;Transit;China;Nov;2026;FERSA;4;31,08
26SIFJXN0002213;14010951161190;AAS 6210 ZZ NR;29/09/2026;16/11/2026;Transit;China;Nov;2026;FERSA;4;6,68
26SIFJXN0002213;14019094001124;AAS NKE_16019-C3-MRO;29/09/2026;16/11/2026;Transit;China;Nov;2026;NKE;4;27,2
26SIFJXN0002213;14516780001124;AAS NKE_3316-M-C3-MRO;29/09/2026;16/11/2026;Transit;China;Nov;2026;NKE;4;134
26SIFJXN0002213;15128171001124;AAS NKE_2309-C3-MRO;29/09/2026;16/11/2026;Transit;China;Nov;2026;NKE;4;27,2
26SIFJXN0002213;19028174001119;AAS NKE_NCF28/600-V;29/09/2026;16/11/2026;Transit;China;Nov;2026;NKE;4;2381,44
26SIFJXN0002213;23012817001001;AAS F 17084 K;29/09/2026;16/11/2026;Transit;China;Nov;2026;FERSA;4;15,04
26SIFJXN0002213;23021440001124;AAS NKE_NK68/35-MRO;29/09/2026;16/11/2026;Transit;China;Nov;2026;NKE;4;15,88
26SIFJXN0002213;AS600015001501;GE31 ZO;29/09/2026;16/11/2026;Transit;China;Nov;2026;A&S;4;6,24
26SIFJXN0002213;10010385001001;AAS 15118/15250 X;29/09/2026;16/11/2026;Transit;China;Nov;2026;FERSA;3;5,28
26SIFJXN0002213;14015383001113;AAS NKE_6305-2RS2-C3;29/09/2026;16/11/2026;Transit;China;Nov;2026;NKE;3;2,52
26SIFJXN0002213;15116017001124;AAS NKE_2210-K-TV-C3-MRO;29/09/2026;16/11/2026;Transit;China;Nov;2026;NKE;3;12,36
26SIFJXN0002213;19013418001124;AAS NKE_NJ2207-E-TVP3-C3-MRO;29/09/2026;16/11/2026;Transit;China;Nov;2026;NKE;3;6,84
26SIFJXN0002213;19023397121119;AAS NKE_NCF29/560-V;29/09/2026;16/11/2026;Transit;China;Nov;2026;NKE;3;2973,63
26SIFJXN0002213;AS120006001501;WB25550048RB;29/09/2026;16/11/2026;Transit;China;Nov;2026;A&S;3;11,16
26SIFJXN0002213;10010484001001;AAS 30214 F;29/09/2026;16/11/2026;Transit;China;Nov;2026;FERSA;2;9,82
26SIFJXN0002213;10011980001001;AAS F 15265;29/09/2026;16/11/2026;Transit;China;Nov;2026;FERSA;2;23,64
26SIFJXN0002213;14012207001001;AAS F 18052;29/09/2026;16/11/2026;Transit;China;Nov;2026;FERSA;2;29,72
26SIFJXN0002213;14015229001124;AAS NKE_62211-2RSR-MRO;29/09/2026;16/11/2026;Transit;China;Nov;2026;NKE;2;8,6
26SIFJXN0002213;23021411001124;AAS NKE_NK28/30-MRO;29/09/2026;16/11/2026;Transit;China;Nov;2026;NKE;2;2,42
26SIFJXN0002213;10010762001001;AAS M 88043/M 88010;29/09/2026;16/11/2026;Transit;China;Nov;2026;FERSA;1;1,99
26SIFJXN0002213;10010853001190;AAS HM 807040/10;29/09/2026;16/11/2026;Transit;China;Nov;2026;FERSA;1;4,77
26SIFJXN0002213;14010967111190;AAS 63/32 NR/C3;29/09/2026;16/11/2026;Transit;China;Nov;2026;FERSA;1;2,32
26SIFJXN0002213;14010969191001;AAS 6308 ZZ/C3;29/09/2026;16/11/2026;Transit;China;Nov;2026;FERSA;1;2,5
26SIFJXN0002213;14010974171001;AAS 6313 C3;29/09/2026;16/11/2026;Transit;China;Nov;2026;FERSA;1;8,72
26SIFJXN0002213;14019086001124;AAS NKE_61918-2RSR-C3-MRO;29/09/2026;16/11/2026;Transit;China;Nov;2026;NKE;1;4,48
26SIFJXN0002213;14516441001124;AAS NKE_3217-M-MRO;29/09/2026;16/11/2026;Transit;China;Nov;2026;NKE;1;22,75
26SIFJXN0002213;15116028001124;AAS NKE_1313-C3-MRO;29/09/2026;16/11/2026;Transit;China;Nov;2026;NKE;1;12,43
26SIFJXN0002213;19017653001124;AAS NKE_NUP311-E-TVP3-C3-MRO;29/09/2026;16/11/2026;Transit;China;Nov;2026;NKE;1;13,14
26SIFJXN0002305;AS200032001501;6205 2RS/C3;04/10/2026;20/11/2026;Transit;China;Nov;2026;A&S;30026;11710,14
26SIFJXN0002305;AS200031001501;6204 2RS/C3;04/10/2026;20/11/2026;Transit;China;Nov;2026;A&S;26022;8587,26
26SIFJXN0002306;AS200770001501;5204 2RS;04/10/2026;20/11/2026;Transit;China;Nov;2026;A&S;24192;22498,56
26SIFJXN0002305;AS200033001501;6206 2RS/C3;04/10/2026;20/11/2026;Transit;China;Nov;2026;A&S;18020;10091,2
26SIFJXN0002305;AS200034001501;6207 2RS/C3;04/10/2026;20/11/2026;Transit;China;Nov;2026;A&S;5134;4466,58
26SIFJXN0002306;AS100003001501;30204;04/10/2026;20/11/2026;Transit;China;Nov;2026;A&S;4731;2554,74
26SIFJXN0002304;AS100003001501;30204;04/10/2026;20/11/2026;Transit;China;Nov;2026;A&S;4319;2332,26
26SIFJXN0002304;AS400025001501;SCE 148;04/10/2026;20/11/2026;Transit;China;Nov;2026;A&S;2923;1286,12
26SIFJXN0002304;AS100007001501;30208;04/10/2026;20/11/2026;Transit;China;Nov;2026;A&S;2768;3975,78
26SIFJXN0002304;AS200011001501;6006 2RS/C3;04/10/2026;20/11/2026;Transit;China;Nov;2026;A&S;2389;1027,27
26SIFJXN0002304;AS640014001501;ORAE 30 NPPB;04/10/2026;20/11/2026;Transit;China;Nov;2026;A&S;2304;2718,72
26SIFJXN0002305;AS100061001501;33021;04/10/2026;20/11/2026;Transit;China;Nov;2026;A&S;2158;15170,74
26SIFJXN0002305;AS200010001501;6004 2RS/C3;04/10/2026;20/11/2026;Transit;China;Nov;2026;A&S;1900;532
26SIFJXN0002304;AS100061001501;33021;04/10/2026;20/11/2026;Transit;China;Nov;2026;A&S;1896;13328,88
26SIFJXN0002304;AS400006001501;SN 2020;04/10/2026;20/11/2026;Transit;China;Nov;2026;A&S;1671;1269,96
26SIFJXN0002304;AS100396001501;JL 819349/10;04/10/2026;20/11/2026;Transit;China;Nov;2026;A&S;1320;4844,4
26SIFJXN0002306;AS100105001501;25590/22;04/10/2026;20/11/2026;Transit;China;Nov;2026;A&S;1228;2738,44
26SIFJXN0002306;AS100122001501;31594/20;04/10/2026;20/11/2026;Transit;China;Nov;2026;A&S;1173;3178,83
26SIFJXN0002306;AS100108001501;27687/20;04/10/2026;20/11/2026;Transit;China;Nov;2026;A&S;1150;3921,5
26SIFJXN0002305;14014903111124;AAS NKE_61900-2RSR-MRO;04/10/2026;20/11/2026;Transit;China;Nov;2026;NKE;1147;286,75
26SIFJXN0002304;AS200213001501;R8 2RS;04/10/2026;20/11/2026;Transit;China;Nov;2026;A&S;1061;244,03
26SIFJXN0002305;AS200770001501;5204 2RS;04/10/2026;20/11/2026;Transit;China;Nov;2026;A&S;1008;937,44
26SIFJXN0002304;AS110060001501;TR00060;04/10/2026;20/11/2026;Transit;China;Nov;2026;A&S;874;3478,52
26SIFJXN0002306;AS400023001501;HK 4012;04/10/2026;20/11/2026;Transit;China;Nov;2026;A&S;830;373,5
26SIFJXN0002306;AS100226001501;HM 218248/10;04/10/2026;20/11/2026;Transit;China;Nov;2026;A&S;762;4069,08
26SIFJXN0002304;AS100213001501;M 802048/11;04/10/2026;20/11/2026;Transit;China;Nov;2026;A&S;758;1955,64
26SIFJXN0002304;AS200085001501;6802 2RS/C3;04/10/2026;20/11/2026;Transit;China;Nov;2026;A&S;688;123,84
26SIFJXN0002304;AS200001001501;6210 2Z/NR;04/10/2026;20/11/2026;Transit;China;Nov;2026;A&S;659;981,91
26SIFJXN0002304;AS100092001501;15106/250 X;04/10/2026;20/11/2026;Transit;China;Nov;2026;A&S;624;904,8
26SIFJXN0002306;AS100247001501;594/592 A;04/10/2026;20/11/2026;Transit;China;Nov;2026;A&S;588;3639,72
26SIFJXN0002304;AS100128001501;32006 X;04/10/2026;20/11/2026;Transit;China;Nov;2026;A&S;539;436,59
26SIFJXN0002306;AS100148001501;3782/20;04/10/2026;20/11/2026;Transit;China;Nov;2026;A&S;526;1204,54
26SIFJXN0002304;AS100271001501;33116;04/10/2026;20/11/2026;Transit;China;Nov;2026;A&S;510;2152,2
26SIFJXN0002304;AS400007001501;HN 2820;04/10/2026;20/11/2026;Transit;China;Nov;2026;A&S;510;387,6
26SIFJXN0002306;AS100149001501;387 A/382 A;04/10/2026;20/11/2026;Transit;China;Nov;2026;A&S;455;1173,9
26SIFJXN0002306;AS400076001501;SCH 2220;04/10/2026;20/11/2026;Transit;China;Nov;2026;A&S;439;434,61
26SIFJXN0002304;AS100147001501;3780/20;04/10/2026;20/11/2026;Transit;China;Nov;2026;A&S;436;976,64
26SIFJXN0002304;AS400009001501;HK 6020;04/10/2026;20/11/2026;Transit;China;Nov;2026;A&S;424;559,68
26SIFJXN0002306;AS200037001501;6210 2RS/C3;04/10/2026;20/11/2026;Transit;China;Nov;2026;A&S;367;499,12
26SIFJXN0002304;12012080001195;AAS F 200013;04/10/2026;20/11/2026;Transit;China;Nov;2026;FERSA;363;11775,72
26SIFJXN0002306;AS100177001501;HM 212049/11;04/10/2026;20/11/2026;Transit;China;Nov;2026;A&S;340;1485,8
26SIFJXN0002305;14014461111124;AAS NKE_6000-MRO;04/10/2026;20/11/2026;Transit;China;Nov;2026;NKE;338;84,5
26SIFJXN0002305;10010624001001;AAS 33020 F;04/10/2026;20/11/2026;Transit;China;Nov;2026;FERSA;334;2595,18
26SIFJXN0002304;AS100039001501;32214;04/10/2026;20/11/2026;Transit;China;Nov;2026;A&S;332;1208,48
26SIFJXN0002304;AS600020001501;GE20 DO 2RS;04/10/2026;20/11/2026;Transit;China;Nov;2026;A&S;320;204,8
26SIFJXN0002306;AS100034001501;32209;04/10/2026;20/11/2026;Transit;China;Nov;2026;A&S;286;580,58
26SIFJXN0002304;AS100277001501;JLM 104948/10;04/10/2026;20/11/2026;Transit;China;Nov;2026;A&S;286;1547,26
26SIFJXN0002304;AS200016001501;6011 2RS/C3;04/10/2026;20/11/2026;Transit;China;Nov;2026;A&S;274;320,58
26SIFJXN0002305;14014503111124;AAS NKE_6004-MRO;04/10/2026;20/11/2026;Transit;China;Nov;2026;NKE;236;103,84
26SIFJXN0002306;AS100065001501;33111;04/10/2026;20/11/2026;Transit;China;Nov;2026;A&S;235;594,55
26SIFJXN0002306;AS100451001501;368 A/362 X;04/10/2026;20/11/2026;Transit;China;Nov;2026;A&S;233;561,53
26SIFJXN0002304;AS100394001501;32018 X;04/10/2026;20/11/2026;Transit;China;Nov;2026;A&S;225;1066,5
26SIFJXN0002306;AS100395001501;47487/20;04/10/2026;20/11/2026;Transit;China;Nov;2026;A&S;223;1119,46
26SIFJXN0002306;AS100271001501;33116;04/10/2026;20/11/2026;Transit;China;Nov;2026;A&S;220;928,4
26SIFJXN0002304;AS100181001501;HM 807046/10;04/10/2026;20/11/2026;Transit;China;Nov;2026;A&S;216;1067,04
26SIFJXN0002306;AS100059001501;33019;04/10/2026;20/11/2026;Transit;China;Nov;2026;A&S;213;1111,86
26SIFJXN0002305;14014531131124;AAS NKE_6006-2Z-C3-MRO;04/10/2026;20/11/2026;Transit;China;Nov;2026;NKE;200;132
26SIFJXN0002304;AS100359001501;2689/31;04/10/2026;20/11/2026;Transit;China;Nov;2026;A&S;200;520
26SIFJXN0002304;AS100109001501;2780/20;04/10/2026;20/11/2026;Transit;China;Nov;2026;A&S;188;372,24
26SIFJXN0002306;AS100192001501;LM 104949/11;04/10/2026;20/11/2026;Transit;China;Nov;2026;A&S;187;314,16
26SIFJXN0002304;AS100207001501;LM 603049/11;04/10/2026;20/11/2026;Transit;China;Nov;2026;A&S;185;279,35
26SIFJXN0002306;AS100090001501;15101/245;04/10/2026;20/11/2026;Transit;China;Nov;2026;A&S;180;378
26SIFJXN0002306;AS100142001501;32020 X;04/10/2026;20/11/2026;Transit;China;Nov;2026;A&S;166;775,22
26SIFJXN0002306;AS100074001501;33208;04/10/2026;20/11/2026;Transit;China;Nov;2026;A&S;159;306,87
26SIFJXN0002304;10010485001001;AAS 30215 F;04/10/2026;20/11/2026;Transit;China;Nov;2026;FERSA;153;1106,19
26SIFJXN0002304;AS640038001501;GRAE 25 NPPB 3L;04/10/2026;20/11/2026;Transit;China;Nov;2026;A&S;151;161,57
26SIFJXN0002304;AS210112001501;BB00112;04/10/2026;20/11/2026;Transit;China;Nov;2026;A&S;148;452,88
26SIFJXN0002304;AS100638001501;42368/42584;04/10/2026;20/11/2026;Transit;China;Nov;2026;A&S;143;1071,07
26SIFJXN0002305;19011441001001;AAS F 19042;04/10/2026;20/11/2026;Transit;China;Nov;2026;FERSA;141;1102,62
26SIFJXN0002304;AS600012001501;GE25 DO;04/10/2026;20/11/2026;Transit;China;Nov;2026;A&S;135;86,4
26SIFJXN0002306;AS200039001501;6212 2RS/C3;04/10/2026;20/11/2026;Transit;China;Nov;2026;A&S;134;285,42
26SIFJXN0002304;AS600021001501;GE25 DO 2RS;04/10/2026;20/11/2026;Transit;China;Nov;2026;A&S;132;105,6
26SIFJXN0002306;AS100244001501;39590/20;04/10/2026;20/11/2026;Transit;China;Nov;2026;A&S;128;537,6
26SIFJXN0002304;AS100107001501;25877/21;04/10/2026;20/11/2026;Transit;China;Nov;2026;A&S;127;227,33
26SIFJXN0002306;AS100079001501;33213;04/10/2026;20/11/2026;Transit;China;Nov;2026;A&S;116;640,32
26SIFJXN0002306;AS100081001501;33215;04/10/2026;20/11/2026;Transit;China;Nov;2026;A&S;116;607,84
26SIFJXN0002304;AS640219001501;S 205 KRR2;04/10/2026;20/11/2026;Transit;China;Nov;2026;A&S;116;150,8
26SIFJXN0002304;AS640039001501;GRAE 30 NPPB 3L;04/10/2026;20/11/2026;Transit;China;Nov;2026;A&S;109;158,05
26SIFJXN0002304;AS100208001501;LM 603049/12;04/10/2026;20/11/2026;Transit;China;Nov;2026;A&S;109;210,37
26SIFJXN0002304;AS200139001501;607 2Z;04/10/2026;20/11/2026;Transit;China;Nov;2026;A&S;105;12,6
26SIFJXN0002304;AS600014001501;GE30 DO;04/10/2026;20/11/2026;Transit;China;Nov;2026;A&S;104;75,92
26SIFJXN0002306;AS100132001501;32009 X;04/10/2026;20/11/2026;Transit;China;Nov;2026;A&S;102;118,32
26SIFJXN0002305;14014319001124;AAS NKE_16002-2Z-MRO;04/10/2026;20/11/2026;Transit;China;Nov;2026;NKE;100;67
26SIFJXN0002305;14022138001124;AAS NKE_635-2RSR-C3-MRO;04/10/2026;20/11/2026;Transit;China;Nov;2026;NKE;100;43
26SIFJXN0002304;AS100141001501;32019 X;04/10/2026;20/11/2026;Transit;China;Nov;2026;A&S;98;556,64
26SIFJXN0002304;AS600022001501;GE25 ZO 2RS;04/10/2026;20/11/2026;Transit;China;Nov;2026;A&S;97;106,7
26SIFJXN0002304;AS100197001501;LM 12749/10;04/10/2026;20/11/2026;Transit;China;Nov;2026;A&S;96;70,08
26SIFJXN0002306;AS100134001501;32011 X;04/10/2026;20/11/2026;Transit;China;Nov;2026;A&S;91;156,52
26SIFJXN0002306;AS100449001501;33281/462;04/10/2026;20/11/2026;Transit;China;Nov;2026;A&S;89;304,38
26SIFJXN0002305;14014513111124;AAS NKE_6005-MRO;04/10/2026;20/11/2026;Transit;China;Nov;2026;NKE;88;38,72
26SIFJXN0002306;AS100453001501;55206 C/437;04/10/2026;20/11/2026;Transit;China;Nov;2026;A&S;84;475,44
26SIFJXN0002304;AS400035001501;SN 1812;04/10/2026;20/11/2026;Transit;China;Nov;2026;A&S;84;49,56
26SIFJXN0002305;15011854001001;AAS F 16200;04/10/2026;20/11/2026;Transit;China;Nov;2026;FERSA;83;322,04
26SIFJXN0002304;AS100360001501;25581/20;04/10/2026;20/11/2026;Transit;China;Nov;2026;A&S;83;192,56
26SIFJXN0002306;AS640005001501;UC208;04/10/2026;20/11/2026;Transit;China;Nov;2026;A&S;80;136,8
26SIFJXN0002304;AS600024001501;GE31 ZO 2RS;04/10/2026;20/11/2026;Transit;China;Nov;2026;A&S;80;121,6
26SIFJXN0002306;AS300271001501;NU 309 EMN;04/10/2026;20/11/2026;Transit;China;Nov;2026;A&S;79;455,83
26SIFJXN0002306;AS100243001501;33895/22;04/10/2026;20/11/2026;Transit;China;Nov;2026;A&S;75;252
26SIFJXN0002306;AS100317001501;HM 89449/10;04/10/2026;20/11/2026;Transit;China;Nov;2026;A&S;74;178,34
26SIFJXN0002306;AS200038001501;6211 2RS/C3;04/10/2026;20/11/2026;Transit;China;Nov;2026;A&S;74;133,2
26SIFJXN0002305;10010485001001;AAS 30215 F;04/10/2026;20/11/2026;Transit;China;Nov;2026;FERSA;73;527,79
26SIFJXN0002304;AS200411001501;6210 Z/NR;04/10/2026;20/11/2026;Transit;China;Nov;2026;A&S;73;178,85
26SIFJXN0002304;AS100010001501;30211;04/10/2026;20/11/2026;Transit;China;Nov;2026;A&S;71;152,65
26SIFJXN0002306;AS640027001501;G206 V22 3L;04/10/2026;20/11/2026;Transit;China;Nov;2026;A&S;67;100,5
26SIFJXN0002305;14010966131001;AAS 6306 2RS/C3;04/10/2026;20/11/2026;Transit;China;Nov;2026;FERSA;66;94,38
26SIFJXN0002304;AS200098001501;63006 2RS/C3;04/10/2026;20/11/2026;Transit;China;Nov;2026;A&S;61;77,47
26SIFJXN0002305;14014777001124;AAS NKE_61805-2RSR-MRO;04/10/2026;20/11/2026;Transit;China;Nov;2026;NKE;60;45
26SIFJXN0002305;14019099001124;AAS NKE_16001-2Z-C3-MRO;04/10/2026;20/11/2026;Transit;China;Nov;2026;NKE;60;33,6
26SIFJXN0002306;AS200625001501;6203 2RS;04/10/2026;20/11/2026;Transit;China;Nov;2026;A&S;60;19,8
26SIFJXN0002304;AS100404001501;31303;04/10/2026;20/11/2026;Transit;China;Nov;2026;A&S;60;267,6
26SIFJXN0002305;10010575001001;AAS 32217 F;04/10/2026;20/11/2026;Transit;China;Nov;2026;FERSA;55;477,95
26SIFJXN0002306;AS100036001501;32211;04/10/2026;20/11/2026;Transit;China;Nov;2026;A&S;55;125,95
26SIFJXN0002306;AS100264001501;31312;04/10/2026;20/11/2026;Transit;China;Nov;2026;A&S;54;292,14
26SIFJXN0002306;AS200018001501;6013 2RS/C3;04/10/2026;20/11/2026;Transit;China;Nov;2026;A&S;54;115,56
26SIFJXN0002306;AS100080001501;33214;04/10/2026;20/11/2026;Transit;China;Nov;2026;A&S;51;221,85
26SIFJXN0002306;AS600028001501;GE50 DO 2RS;04/10/2026;20/11/2026;Transit;China;Nov;2026;A&S;51;138,72
26SIFJXN0002306;AS640045001501;GRAE 60 NPPB 3L;04/10/2026;20/11/2026;Transit;China;Nov;2026;A&S;50;313,5
26SIFJXN0002305;14010956131001;AAS 6215 NR/C3;04/10/2026;20/11/2026;Transit;China;Nov;2026;FERSA;49;249,9
26SIFJXN0002306;AS100050001501;32307;04/10/2026;20/11/2026;Transit;China;Nov;2026;A&S;47;117,5
26SIFJXN0002304;AS410023001501;NB0023;04/10/2026;20/11/2026;Transit;China;Nov;2026;A&S;44;127,6
26SIFJXN0002305;10110275001001;CEM F 15110;04/10/2026;20/11/2026;Transit;China;Nov;2026;FERSA;42;100,8
26SIFJXN0002305;10010553001001;AAS 32020 XF;04/10/2026;20/11/2026;Transit;China;Nov;2026;FERSA;41;302,58
26SIFJXN0002306;AS100052001501;32309;04/10/2026;20/11/2026;Transit;China;Nov;2026;A&S;41;126,28
26SIFJXN0002306;AS100175001501;72212 C/487;04/10/2026;20/11/2026;Transit;China;Nov;2026;A&S;40;262
26SIFJXN0002306;AS200016001501;6011 2RS/C3;04/10/2026;20/11/2026;Transit;China;Nov;2026;A&S;40;46,8
26SIFJXN0002306;AS100571001501;559/552 A;04/10/2026;20/11/2026;Transit;China;Nov;2026;A&S;40;396,4
26SIFJXN0002304;AS600026001501;GE38 ZO 2RS;04/10/2026;20/11/2026;Transit;China;Nov;2026;A&S;40;131,6
26SIFJXN0002304;AS640069001501;GSK104-207KRRB;04/10/2026;20/11/2026;Transit;China;Nov;2026;A&S;40;94,8
26SIFJXN0002305;14011556001001;AAS F 18039;04/10/2026;20/11/2026;Transit;China;Nov;2026;FERSA;35;65,1
26SIFJXN0002305;19011501001001;AAS NUP 211 FM/C3;04/10/2026;20/11/2026;Transit;China;Nov;2026;FERSA;35;281,75
26SIFJXN0002306;AS100025001501;30312;04/10/2026;20/11/2026;Transit;China;Nov;2026;A&S;35;154,7
26SIFJXN0002306;AS200960001501;5210 2RS;04/10/2026;20/11/2026;Transit;China;Nov;2026;A&S;35;95,9
26SIFJXN0002306;AS100049001501;32306;04/10/2026;20/11/2026;Transit;China;Nov;2026;A&S;33;65,67
26SIFJXN0002306;AS100086001501;14137 A/276;04/10/2026;20/11/2026;Transit;China;Nov;2026;A&S;30;83,1
26SIFJXN0002306;AS100663001501;JM 718149/10;04/10/2026;20/11/2026;Transit;China;Nov;2026;A&S;30;254,7
26SIFJXN0002306;AS100466001501;M 88046/10;04/10/2026;20/11/2026;Transit;China;Nov;2026;A&S;30;63,6
26SIFJXN0002304;AS210071001501;BB00071;04/10/2026;20/11/2026;Transit;China;Nov;2026;A&S;30;17,4
26SIFJXN0002305;14010931151001;AAS 6011 ZZ/C3;04/10/2026;20/11/2026;Transit;China;Nov;2026;FERSA;27;57,51
26SIFJXN0002304;AS640043001501;GRAE 50 NPPB 3L;04/10/2026;20/11/2026;Transit;China;Nov;2026;A&S;26;100,62
26SIFJXN0002304;AS600016001501;GE35 DO;04/10/2026;20/11/2026;Transit;China;Nov;2026;A&S;23;23,92
26SIFJXN0002304;AS200801001501;6205 1'' 2RS;04/10/2026;20/11/2026;Transit;China;Nov;2026;A&S;23;15,87
26SIFJXN0002304;AS600018001501;GE40 DO;04/10/2026;20/11/2026;Transit;China;Nov;2026;A&S;23;26,68
26SIFJXN0002305;14010925131001;AAS 6005 2RS/C3;04/10/2026;20/11/2026;Transit;China;Nov;2026;FERSA;22;11,44
26SIFJXN0002305;14010947141001;AAS 6206 ZZ;04/10/2026;20/11/2026;Transit;China;Nov;2026;FERSA;20;21
26SIFJXN0002306;AS100638001501;42368/42584;04/10/2026;20/11/2026;Transit;China;Nov;2026;A&S;20;149,8
26SIFJXN0002304;AS200161001501;6205 1'' 2RS/C3;04/10/2026;20/11/2026;Transit;China;Nov;2026;A&S;20;15,2
26SIFJXN0002305;10010655001001;AAS 33215 F;04/10/2026;20/11/2026;Transit;China;Nov;2026;FERSA;19;122,93
26SIFJXN0002305;19011494001190;AAS NUP 206 FM;04/10/2026;20/11/2026;Transit;China;Nov;2026;FERSA;19;112,86
26SIFJXN0002306;AS100076001501;33210;04/10/2026;20/11/2026;Transit;China;Nov;2026;A&S;19;45,41
26SIFJXN0002304;AS100201001501;LM 300849/11;04/10/2026;20/11/2026;Transit;China;Nov;2026;A&S;17;68,17
26SIFJXN0002305;14010944141001;AAS 6204 ZZ;04/10/2026;20/11/2026;Transit;China;Nov;2026;FERSA;16;8,16
26SIFJXN0002305;19011424001001;AAS F 19019;04/10/2026;20/11/2026;Transit;China;Nov;2026;FERSA;16;67,36
26SIFJXN0002306;AS201195001501;3211 2RS/C3;04/10/2026;20/11/2026;Transit;China;Nov;2026;A&S;15;55,8
26SIFJXN0002305;14010966211001;AAS 6306/25 2RS/C3;04/10/2026;20/11/2026;Transit;China;Nov;2026;FERSA;14;38,64
26SIFJXN0002306;AS100418001501;537/532 X;04/10/2026;20/11/2026;Transit;China;Nov;2026;A&S;14;81,34
26SIFJXN0002306;AS100462001501;JLM 714149/10;04/10/2026;20/11/2026;Transit;China;Nov;2026;A&S;14;38,36
26SIFJXN0002305;14010957171001;AAS 6216 ZZ/C3;04/10/2026;20/11/2026;Transit;China;Nov;2026;FERSA;13;109,46
26SIFJXN0002305;23012458001001;AAS F 17089 K;04/10/2026;20/11/2026;Transit;China;Nov;2026;FERSA;13;44,07
26SIFJXN0002305;23020990001124;AAS NKE_NA4907-2RSR-MRO;04/10/2026;20/11/2026;Transit;China;Nov;2026;NKE;13;36,79
26SIFJXN0002305;10010467001123;AAS 30202 F;04/10/2026;20/11/2026;Transit;China;Nov;2026;FERSA;13;13,65
26SIFJXN0002305;17020753001124;AAS NKE_51200-MRO;04/10/2026;20/11/2026;Transit;China;Nov;2026;NKE;12;6,84
26SIFJXN0002304;AS600019001501;GE50 DO;04/10/2026;20/11/2026;Transit;China;Nov;2026;A&S;12;23,16
26SIFJXN0002304;AS100332001501;M 84249/10;04/10/2026;20/11/2026;Transit;China;Nov;2026;A&S;12;36,72
26SIFJXN0002305;23012585001001;AAS F 17062 K;04/10/2026;20/11/2026;Transit;China;Nov;2026;FERSA;10;45,5
26SIFJXN0002305;14316375001001;AAS GRAE30-NPPB;04/10/2026;20/11/2026;Transit;China;Nov;2026;FERSA;10;20
26SIFJXN0002306;AS100276001501;1280/20;04/10/2026;20/11/2026;Transit;China;Nov;2026;A&S;9;14,4
26SIFJXN0002306;AS200669001501;6307 2Z/NR;04/10/2026;20/11/2026;Transit;China;Nov;2026;A&S;9;11,97
26SIFJXN0002304;AS200938001501;6909 2RS;04/10/2026;20/11/2026;Transit;China;Nov;2026;A&S;9;21,96
26SIFJXN0002304;AS600027001501;GE40 DO 2RS;04/10/2026;20/11/2026;Transit;China;Nov;2026;A&S;9;13,77
26SIFJXN0002305;14010957131001;AAS 6216 C3;04/10/2026;20/11/2026;Transit;China;Nov;2026;FERSA;7;40,11
26SIFJXN0002305;15116007001124;AAS NKE_2205-K-2RS-TV-C3-MRO;04/10/2026;20/11/2026;Transit;China;Nov;2026;NKE;7;9,31
26SIFJXN0002305;10010465001001;AAS LM 29749/10;04/10/2026;20/11/2026;Transit;China;Nov;2026;FERSA;6;7,2
26SIFJXN0002305;10010657001001;AAS 33217 F;04/10/2026;20/11/2026;Transit;China;Nov;2026;FERSA;6;110,1
26SIFJXN0002305;14010969181190;AAS 6308 ZZ NR;04/10/2026;20/11/2026;Transit;China;Nov;2026;FERSA;6;13,26
26SIFJXN0002305;14015469001113;AAS NKE_6314-2Z-C3;04/10/2026;20/11/2026;Transit;China;Nov;2026;NKE;6;54,42
26SIFJXN0002305;15011842001001;AAS F 16107;04/10/2026;20/11/2026;Transit;China;Nov;2026;FERSA;4;21,88
26SIFJXN0002306;AS100118001501;29585/20;04/10/2026;20/11/2026;Transit;China;Nov;2026;A&S;4;12,84
26SIFJXN0002304;AS100686001501;U 399/U 365 L;04/10/2026;20/11/2026;Transit;China;Nov;2026;A&S;4;14,04
26SIFJXN0002305;14514059001124;AAS NKE_3202-B-TV-MRO;04/10/2026;20/11/2026;Transit;China;Nov;2026;NKE;3;4,74
26SIFJXN0002304;AS200418001501;6310 Z/NR;04/10/2026;20/11/2026;Transit;China;Nov;2026;A&S;3;10,08
26SIFJXN0002305;14010953131001;AAS 6212 2RS/C3;04/10/2026;20/11/2026;Transit;China;Nov;2026;FERSA;2;9,12
26SIFJXN0002305;15011278001190;AAS 3207 B 2RS/C3;04/10/2026;20/11/2026;Transit;China;Nov;2026;FERSA;2;6,52
26SIFJXN0002305;23012820001001;AAS F 17086 K;04/10/2026;20/11/2026;Transit;China;Nov;2026;FERSA;2;8,06
26SIFJXN0002305;14010974121190;AAS 6313 2RS/C3;04/10/2026;20/11/2026;Transit;China;Nov;2026;FERSA;2;10,12
26SIFJXN0002306;AS220036001501;BAC356437;04/10/2026;20/11/2026;Transit;China;Nov;2026;A&S;2;5,06
26SIFJXN0002305;10010211001001;AAS 5395/5335;04/10/2026;20/11/2026;Transit;China;Nov;2026;FERSA;1;8,1
26SIFJXN0002305;10010640001001;AAS 33118 F;04/10/2026;20/11/2026;Transit;China;Nov;2026;FERSA;1;8,71
26SIFJXN0002306;AS660036001501;TP00036;04/10/2026;20/11/2026;Transit;China;Nov;2026;A&S;1;9,92
26SIFJXN0002304;10010627001001;AAS 33022 F;04/10/2026;20/11/2026;Transit;China;Nov;2026;FERSA;1;11,5
FVM0001541;PF200027001801;PFI 5205-2RS C3;07/10/2026;24/11/2026;Transit;Mexico;Nov;2026;PFI;520;1622,4
FVM0001541;14010966131001;AAS 6306 2RS/C3;07/10/2026;24/11/2026;Transit;Mexico;Nov;2026;FERSA;502;1189,74
FVM0001541;14014714001113;AAS NKE_608-2RSR-C3;07/10/2026;24/11/2026;Transit;Mexico;Nov;2026;NKE;460;243,8
FVM0001541;14015060001113;AAS NKE_6204-2Z-C3;07/10/2026;24/11/2026;Transit;Mexico;Nov;2026;NKE;416;349,44
FVM0001541;PF200233001801;PFI 688-2RS C3;07/10/2026;24/11/2026;Transit;Mexico;Nov;2026;PFI;380;140,6
FVM0001541;14010972121001;AAS 6311 2RS/C3;07/10/2026;24/11/2026;Transit;Mexico;Nov;2026;FERSA;367;3585,59
FVM0001541;PF200028001801;PFI 5206-2RS C3;07/10/2026;24/11/2026;Transit;Mexico;Nov;2026;PFI;340;1251,2
FVM0001541;PF640042001801;PFI GRA108NPPB-3L;07/10/2026;24/11/2026;Transit;Mexico;Nov;2026;PFI;319;1279,19
FVM0001541;14014475001113;AAS NKE_6001-2RS2-C3;07/10/2026;24/11/2026;Transit;Mexico;Nov;2026;NKE;283;84,9
FVM0001541;14011027101001;AAS 62306 2RS/C3;07/10/2026;24/11/2026;Transit;Mexico;Nov;2026;FERSA;273;1097,46
FVM0001541;14014462001113;AAS NKE_6000-2RS2;07/10/2026;24/11/2026;Transit;Mexico;Nov;2026;NKE;243;70,47
FVM0001541;14015356001113;AAS NKE_6302-2RS2-C3;07/10/2026;24/11/2026;Transit;Mexico;Nov;2026;NKE;230;149,5
FVM0001541;14015028001113;AAS NKE_6202-2RS2;07/10/2026;24/11/2026;Transit;Mexico;Nov;2026;NKE;227;138,47
FVM0001541;10015640001113;AAS NKE_30204;07/10/2026;24/11/2026;Transit;Mexico;Nov;2026;NKE;217;258,23
FVM0001541;14014488001113;AAS NKE_6002-2Z;07/10/2026;24/11/2026;Transit;Mexico;Nov;2026;NKE;198;85,14
FVM0001541;14010964111001;AAS 6304 2RS;07/10/2026;24/11/2026;Transit;Mexico;Nov;2026;FERSA;151;152,51
FVM0001541;PF200168001801;PFI 626-2RS C3;07/10/2026;24/11/2026;Transit;Mexico;Nov;2026;PFI;135;43,2
FVM0001541;PF200082001801;PFI 608-ZZ C3;07/10/2026;24/11/2026;Transit;Mexico;Nov;2026;PFI;133;30,59
FVM0001541;14015047001113;AAS NKE_6203-2Z-C3;07/10/2026;24/11/2026;Transit;Mexico;Nov;2026;NKE;129;72,24
FVM0001541;14015075001113;AAS NKE_6205-2Z-C3;07/10/2026;24/11/2026;Transit;Mexico;Nov;2026;NKE;125;116,25
FVM0001541;14015385001113;AAS NKE_6305-2Z-C3;07/10/2026;24/11/2026;Transit;Mexico;Nov;2026;NKE;123;223,86
FVM0001541;PF100256001801;PFI LM603049/12;07/10/2026;24/11/2026;Transit;Mexico;Nov;2026;PFI;120;444
FVM0001541;14015030001113;AAS NKE_6202-2RS2-C3;07/10/2026;24/11/2026;Transit;Mexico;Nov;2026;NKE;119;55,93
FVM0001541;10015659001113;AAS NKE_30206;07/10/2026;24/11/2026;Transit;Mexico;Nov;2026;NKE;106;266,06
FVM0001541;14015351001113;AAS NKE_6301-2Z-C3;07/10/2026;24/11/2026;Transit;Mexico;Nov;2026;NKE;105;55,65
FVM0001541;PF200169001801;PFI 627-2RS C3;07/10/2026;24/11/2026;Transit;Mexico;Nov;2026;PFI;105;25,2
FVM0001541;14014587001113;AAS NKE_6011-2RS2-C3;07/10/2026;24/11/2026;Transit;Mexico;Nov;2026;NKE;100;271
FVM0001541;14015130001113;AAS NKE_6209-2Z-C3;07/10/2026;24/11/2026;Transit;Mexico;Nov;2026;NKE;100;271
FVM0001541;14015366001113;AAS NKE_6303-2Z-C3;07/10/2026;24/11/2026;Transit;Mexico;Nov;2026;NKE;100;71
FVM0001541;14014520001113;AAS NKE_6005-2Z-C3;07/10/2026;24/11/2026;Transit;Mexico;Nov;2026;NKE;96;79,68
FVM0001541;14015012001113;AAS NKE_6200-2Z-C3;07/10/2026;24/11/2026;Transit;Mexico;Nov;2026;NKE;96;34,56
FVM0001541;14015021001113;AAS NKE_6201-2Z-C3;07/10/2026;24/11/2026;Transit;Mexico;Nov;2026;NKE;96;38,4
FVM0001541;14015090001113;AAS NKE_6206-2RS2-C3;07/10/2026;24/11/2026;Transit;Mexico;Nov;2026;NKE;96;131,52
FVM0001541;14015096001113;AAS NKE_6206-2Z-C3;07/10/2026;24/11/2026;Transit;Mexico;Nov;2026;NKE;93;151,59
FVM0001541;14015111001113;AAS NKE_6207-2Z-C3;07/10/2026;24/11/2026;Transit;Mexico;Nov;2026;NKE;92;166,52
FVM0001541;10010866001001;AAS HM 813843/10;07/10/2026;24/11/2026;Transit;Mexico;Nov;2026;FERSA;88;1139,6
FVM0001541;14015394001113;AAS NKE_6306-2RS2-C3;07/10/2026;24/11/2026;Transit;Mexico;Nov;2026;NKE;87;184,44
FVM0001541;14014495001113;AAS NKE_6003-2RS2-C3;07/10/2026;24/11/2026;Transit;Mexico;Nov;2026;NKE;83;39,01
FVM0001541;PF640011001801;PFI 205KRRB2 C3;07/10/2026;24/11/2026;Transit;Mexico;Nov;2026;PFI;83;162,68
FVM0001541;14010944161001;AAS 6204 ZZ/C3;07/10/2026;24/11/2026;Transit;Mexico;Nov;2026;FERSA;82;65,6
FVM0001541;PF230048001801;PW34640037CS;07/10/2026;24/11/2026;Transit;Mexico;Nov;2026;PFI;82;327,18
FVM0001541;14011556001001;AAS F 18039;07/10/2026;24/11/2026;Transit;Mexico;Nov;2026;FERSA;81;317,52
FVM0001541;PF100119001801;PFI 15123/245;07/10/2026;24/11/2026;Transit;Mexico;Nov;2026;PFI;80;183,2
FVM0001541;10010693001001;AAS 42381/42584;07/10/2026;24/11/2026;Transit;Mexico;Nov;2026;FERSA;77;1122,66
FVM0001541;14010952141001;AAS 6211 Z NR;07/10/2026;24/11/2026;Transit;Mexico;Nov;2026;FERSA;75;375
FVM0001541;14010944141001;AAS 6204 ZZ;07/10/2026;24/11/2026;Transit;Mexico;Nov;2026;FERSA;72;56,16
FVM0001541;14015409001113;AAS NKE_6307-2Z-C3;07/10/2026;24/11/2026;Transit;Mexico;Nov;2026;NKE;71;162,59
FVM0001541;PF200213001801;PFI 6308-Z NR C3;07/10/2026;24/11/2026;Transit;Mexico;Nov;2026;PFI;70;250,6
FVM0001541;14015011001113;AAS NKE_6200-2Z;07/10/2026;24/11/2026;Transit;Mexico;Nov;2026;NKE;68;24,48
FVM0001541;14021996001113;AAS NKE_6300-2Z-C3;07/10/2026;24/11/2026;Transit;Mexico;Nov;2026;NKE;67;35,51
FVM0001541;66010015001000;KRBC F 200014 V1;07/10/2026;24/11/2026;Transit;Mexico;Nov;2026;FERSA;64;1156,48
FVM0001541;23012458001001;AAS F 17089 K;07/10/2026;24/11/2026;Transit;Mexico;Nov;2026;FERSA;63;310,59
FVM0001541;14015348001113;AAS NKE_6301-2RS2;07/10/2026;24/11/2026;Transit;Mexico;Nov;2026;NKE;62;44,64
FVM0001541;PF100194001801;PFI 3984/20;07/10/2026;24/11/2026;Transit;Mexico;Nov;2026;PFI;62;182,9
FVM0001541;14015433001113;AAS NKE_6309-2Z-C3;07/10/2026;24/11/2026;Transit;Mexico;Nov;2026;NKE;60;229,2
FVM0001541;PF100227001801;PFI JL69349/10;07/10/2026;24/11/2026;Transit;Mexico;Nov;2026;PFI;60;87,6
FVM0001541;PF200183001801;PFI 63006-2RS C3;07/10/2026;24/11/2026;Transit;Mexico;Nov;2026;PFI;60;84
FVM0001541;PF210063001801;PFI 18073305;07/10/2026;24/11/2026;Transit;Mexico;Nov;2026;PFI;60;117
FVM0001541;14010966211001;AAS 6306/25 2RS/C3;07/10/2026;24/11/2026;Transit;Mexico;Nov;2026;FERSA;59;364,03
FVM0001541;14014494001113;AAS NKE_6003-2RS2;07/10/2026;24/11/2026;Transit;Mexico;Nov;2026;NKE;57;25,65
FVM0001541;10011894001190;AAS F 15193;07/10/2026;24/11/2026;Transit;Mexico;Nov;2026;FERSA;55;889,35
FVM0001541;14015383001113;AAS NKE_6305-2RS2-C3;07/10/2026;24/11/2026;Transit;Mexico;Nov;2026;NKE;55;70,95
FVM0001541;10010520001001;AAS 31313 F;07/10/2026;24/11/2026;Transit;Mexico;Nov;2026;FERSA;54;1824,66
FVM0001541;PF230029001801;PW27550032CS;07/10/2026;24/11/2026;Transit;Mexico;Nov;2026;PFI;53;116,6
FVM0001541;14010972111001;AAS 6311 2RS;07/10/2026;24/11/2026;Transit;Mexico;Nov;2026;FERSA;52;487,76
FVM0001541;14015128001113;AAS NKE_6209-2RS2-C3;07/10/2026;24/11/2026;Transit;Mexico;Nov;2026;NKE;52;125,84
FVM0001541;10010846001001;AAS HM 803149/10;07/10/2026;24/11/2026;Transit;Mexico;Nov;2026;FERSA;51;284,58
FVM0001541;PF200106001801;PFI 6202-2RS D12 C3;07/10/2026;24/11/2026;Transit;Mexico;Nov;2026;PFI;51;16,32
FVM0001541;14010953161001;AAS 6212 Z NR/C3;07/10/2026;24/11/2026;Transit;Mexico;Nov;2026;FERSA;50;283,5
FVM0001541;14014910001113;AAS NKE_61902-2RSR;07/10/2026;24/11/2026;Transit;Mexico;Nov;2026;NKE;50;35,5
FVM0001541;14014921001113;AAS NKE_61904-2RSR;07/10/2026;24/11/2026;Transit;Mexico;Nov;2026;NKE;50;74,5
FVM0001541;10015681001113;AAS NKE_30207;07/10/2026;24/11/2026;Transit;Mexico;Nov;2026;NKE;49;124,46
FVM0001541;23012334001001;AAS F 17043 K;07/10/2026;24/11/2026;Transit;Mexico;Nov;2026;FERSA;49;80,36
FVM0001541;21010063001190;AAS U 399/U 365 L;07/10/2026;24/11/2026;Transit;Mexico;Nov;2026;FERSA;45;178,65
FVM0001541;PF230036001801;PW30550032CS;07/10/2026;24/11/2026;Transit;Mexico;Nov;2026;PFI;44;93,72
FVM0001541;14014526001113;AAS NKE_6006-2RS2-C3;07/10/2026;24/11/2026;Transit;Mexico;Nov;2026;NKE;43;39,99
FVM0001541;PF200224001801;PFI 6802-2RS C3;07/10/2026;24/11/2026;Transit;Mexico;Nov;2026;PFI;42;18,06
FVM0001541;PF200238001801;PFI 6903-2RS C3;07/10/2026;24/11/2026;Transit;Mexico;Nov;2026;PFI;41;20,91
FVM0001541;10015740001113;AAS NKE_32208;07/10/2026;24/11/2026;Transit;Mexico;Nov;2026;NKE;40;130,8
FVM0001541;PF200107001801;PFI 6202-2RS D16 C3;07/10/2026;24/11/2026;Transit;Mexico;Nov;2026;PFI;40;27,6
FVM0001541;PF210068001801;P35TM11NX1C3;07/10/2026;24/11/2026;Transit;Mexico;Nov;2026;PFI;40;132,4
FVM0001541;PF230115001801;PW40900028/23CS;07/10/2026;24/11/2026;Transit;Mexico;Nov;2026;PFI;40;153,2
FVM0001541;19012460001001;AAS F 19090;07/10/2026;24/11/2026;Transit;Mexico;Nov;2026;FERSA;39;164,19
FVM0001541;PF640014001801;PFI 207KRR AH03 C3;07/10/2026;24/11/2026;Transit;Mexico;Nov;2026;PFI;39;99,45
FVM0001541;10010728001001;AAS 65237/65500;07/10/2026;24/11/2026;Transit;Mexico;Nov;2026;FERSA;36;757,44
FVM0001541;10010473001001;AAS 30207 F;07/10/2026;24/11/2026;Transit;Mexico;Nov;2026;FERSA;35;86,45
FVM0001541;10010506001001;AAS 30312 F;07/10/2026;24/11/2026;Transit;Mexico;Nov;2026;FERSA;35;355,6
FVM0001541;14011032121190;AAS 63/28 2RS/C3;07/10/2026;24/11/2026;Transit;Mexico;Nov;2026;FERSA;34;77,18
FVM0001541;14014777001113;AAS NKE_61805-2RSR;07/10/2026;24/11/2026;Transit;Mexico;Nov;2026;NKE;34;58,48
FVM0001541;14014489001113;AAS NKE_6002-2Z-C3;07/10/2026;24/11/2026;Transit;Mexico;Nov;2026;NKE;33;14,19
FVM0001541;14015154001113;AAS NKE_6212-2RS2-C3;07/10/2026;24/11/2026;Transit;Mexico;Nov;2026;NKE;33;190,08
FVM0001541;14019121001124;AAS NKE_61803-2Z-C3-MRO;07/10/2026;24/11/2026;Transit;Mexico;Nov;2026;NKE;32;14,4
FVM0001541;10010363001001;AAS F 15112;07/10/2026;24/11/2026;Transit;Mexico;Nov;2026;FERSA;31;190,03
FVM0001541;14014784001113;AAS NKE_61806-2RSR;07/10/2026;24/11/2026;Transit;Mexico;Nov;2026;NKE;31;49,91
FVM0001541;14014609001113;AAS NKE_6013-2Z-C3;07/10/2026;24/11/2026;Transit;Mexico;Nov;2026;NKE;30;108
FVM0001541;PF200072001801;PFI 6011-2RS C3;07/10/2026;24/11/2026;Transit;Mexico;Nov;2026;PFI;30;76,2
FVM0001541;10010688001001;AAS 39590/39520;07/10/2026;24/11/2026;Transit;Mexico;Nov;2026;FERSA;30;184,8
FVM0001541;10010827001001;AAS JM 714249/10;07/10/2026;24/11/2026;Transit;Mexico;Nov;2026;FERSA;29;452,69
FVM0001541;14511292001001;AAS 7210 B;07/10/2026;24/11/2026;Transit;Mexico;Nov;2026;FERSA;27;216
FVM0001541;15115914001113;AAS NKE_1208-K-TV-C3;07/10/2026;24/11/2026;Transit;Mexico;Nov;2026;NKE;27;99,36
FVM0001541;10010539001001;AAS 32008 XF;07/10/2026;24/11/2026;Transit;Mexico;Nov;2026;FERSA;26;108,68
FVM0001541;10010627001001;AAS 33022 F;07/10/2026;24/11/2026;Transit;Mexico;Nov;2026;FERSA;26;464,1
FVM0001541;10010289001001;AAS 14138 A/14276;07/10/2026;24/11/2026;Transit;Mexico;Nov;2026;FERSA;25;141,5
FVM0001541;14012328001001;AAS F 18059;07/10/2026;24/11/2026;Transit;Mexico;Nov;2026;FERSA;25;300,75
FVM0001541;PF100186001801;PFI 395A/4A;07/10/2026;24/11/2026;Transit;Mexico;Nov;2026;PFI;25;148
FVM0001541;PF410009001801;PFI NB-111R;07/10/2026;24/11/2026;Transit;Mexico;Nov;2026;PFI;25;16,5
FVM0001541;10010072001190;AAS 469/453 X;07/10/2026;24/11/2026;Transit;Mexico;Nov;2026;FERSA;24;208,32
FVM0001541;10015751001113;AAS NKE_32306;07/10/2026;24/11/2026;Transit;Mexico;Nov;2026;NKE;24;92,4
FVM0001541;12012081001195;AAS F 200014;07/10/2026;24/11/2026;Transit;Mexico;Nov;2026;FERSA;24;1350,24
FVM0001541;PF120071001801;PW35650035CSHD2;07/10/2026;24/11/2026;Transit;Mexico;Nov;2026;PFI;24;138
FVM0001541;19011425001001;AAS F 19020;07/10/2026;24/11/2026;Transit;Mexico;Nov;2026;FERSA;24;217,92
FVM0001541;10010623001001;AAS 33019 F;07/10/2026;24/11/2026;Transit;Mexico;Nov;2026;FERSA;23;295,09
FVM0001541;14014928001113;AAS NKE_61905-2Z-C3;07/10/2026;24/11/2026;Transit;Mexico;Nov;2026;NKE;23;24,38
FVM0001541;10010469001001;AAS 30204 F;07/10/2026;24/11/2026;Transit;Mexico;Nov;2026;FERSA;22;88,44
FVM0001541;23021211001124;AAS NKE_HK1412-MRO;07/10/2026;24/11/2026;Transit;Mexico;Nov;2026;NKE;22;8,36
FVM0001541;PF200346001801;PFI 6203-ZZ NR C3;07/10/2026;24/11/2026;Transit;Mexico;Nov;2026;PFI;22;17,82
FVM0001541;10012429001001;AAS F 15279;07/10/2026;24/11/2026;Transit;Mexico;Nov;2026;FERSA;21;547,05
FVM0001541;23021213001124;AAS NKE_HK1512-MRO;07/10/2026;24/11/2026;Transit;Mexico;Nov;2026;NKE;21;8,19
FVM0001541;10015669001113;AAS NKE_30202;07/10/2026;24/11/2026;Transit;Mexico;Nov;2026;NKE;20;33,4
FVM0001541;14014945001113;AAS NKE_61909-2RSR;07/10/2026;24/11/2026;Transit;Mexico;Nov;2026;NKE;20;40,8
FVM0001541;14015396001113;AAS NKE_6306-2Z-C3;07/10/2026;24/11/2026;Transit;Mexico;Nov;2026;NKE;20;37
FVM0001541;23012459001001;AAS F 17076 K;07/10/2026;24/11/2026;Transit;Mexico;Nov;2026;FERSA;20;75,8
FVM0001541;PF100106001801;PFI 11590/20;07/10/2026;24/11/2026;Transit;Mexico;Nov;2026;PFI;20;83,8
FVM0001541;PF200073001801;PFI 6012-2RS C3;07/10/2026;24/11/2026;Transit;Mexico;Nov;2026;PFI;20;51,4
FVM0001541;PF410015001801;PFI NB-148;07/10/2026;24/11/2026;Transit;Mexico;Nov;2026;PFI;20;8,2
FVM0001541;PF640017001801;PFI 209KRRB2 C3;07/10/2026;24/11/2026;Transit;Mexico;Nov;2026;PFI;20;81,6
FVM0001541;PF640031001801;PFI GNE40KRRB-3L;07/10/2026;24/11/2026;Transit;Mexico;Nov;2026;PFI;20;196,4
FVM0001541;14014541001113;AAS NKE_6007-2RS2;07/10/2026;24/11/2026;Transit;Mexico;Nov;2026;NKE;20;22,2
FVM0001541;10010503001113;AAS NKE_30309;07/10/2026;24/11/2026;Transit;Mexico;Nov;2026;NKE;18;103,5
FVM0001541;14014554001113;AAS NKE_6008-2Z-C3;07/10/2026;24/11/2026;Transit;Mexico;Nov;2026;NKE;18;21,96
FVM0001541;19011443001190;AAS F 19044;07/10/2026;24/11/2026;Transit;Mexico;Nov;2026;FERSA;18;120,6
FVM0001541;PF120060001801;PW55900060CSHD;07/10/2026;24/11/2026;Transit;Mexico;Nov;2026;PFI;18;173,16
FVM0001541;PF150088001801;PHU590492;07/10/2026;24/11/2026;Transit;Mexico;Nov;2026;PFI;18;743,94
FVM0001541;14015019001113;AAS NKE_6201-2RS2-C3;07/10/2026;24/11/2026;Transit;Mexico;Nov;2026;NKE;18;7,38
FVM0001541;10015675001113;AAS NKE_30211;07/10/2026;24/11/2026;Transit;Mexico;Nov;2026;NKE;17;92,31
FVM0001541;10015708001113;AAS NKE_30212;07/10/2026;24/11/2026;Transit;Mexico;Nov;2026;NKE;17;131,92
FVM0001541;14015138001113;AAS NKE_6210-2Z-C3;07/10/2026;24/11/2026;Transit;Mexico;Nov;2026;NKE;17;40,97
FVM0001541;14015144001113;AAS NKE_6211-2RS2-C3;07/10/2026;24/11/2026;Transit;Mexico;Nov;2026;NKE;17;61,88
FVM0001541;14015439001113;AAS NKE_6310-2RS2-C3;07/10/2026;24/11/2026;Transit;Mexico;Nov;2026;NKE;17;86,7
FVM0001541;14015441001113;AAS NKE_6310-2Z-C3;07/10/2026;24/11/2026;Transit;Mexico;Nov;2026;NKE;17;86,19
FVM0001541;14015462001113;AAS NKE_6313-2Z-C3;07/10/2026;24/11/2026;Transit;Mexico;Nov;2026;NKE;17;244,8
FVM0001541;14316341001113;AAS NKE_GAY25-NPPB;07/10/2026;24/11/2026;Transit;Mexico;Nov;2026;NKE;17;64,6
FVM0001541;14514223001124;AAS NKE_3203-B-2RS-TV-C3-MRO;07/10/2026;24/11/2026;Transit;Mexico;Nov;2026;NKE;17;28,56
FVM0001541;14514264001124;AAS NKE_3205-B-2RS-TV-C3-MRO;07/10/2026;24/11/2026;Transit;Mexico;Nov;2026;NKE;17;42,16
FVM0001541;28020296001113;AAS NKE_22207-E-C3-W33;07/10/2026;24/11/2026;Transit;Mexico;Nov;2026;NKE;17;214,37
FVM0001541;PF100079001801;PFI 33110;07/10/2026;24/11/2026;Transit;Mexico;Nov;2026;PFI;17;73,27
FVM0001541;PF210025001801;PFI B12-57D;07/10/2026;24/11/2026;Transit;Mexico;Nov;2026;PFI;17;19,55
FVM0001541;10010670001190;AAS 33889/33822;07/10/2026;24/11/2026;Transit;Mexico;Nov;2026;FERSA;16;139,2
FVM0001541;14014632001113;AAS NKE_6016-2Z-C3;07/10/2026;24/11/2026;Transit;Mexico;Nov;2026;NKE;16;122,56
FVM0001541;14015384001113;AAS NKE_6305-2Z;07/10/2026;24/11/2026;Transit;Mexico;Nov;2026;NKE;16;31,52
FVM0001541;14514056001113;AAS NKE_3201-B-2RS-TV;07/10/2026;24/11/2026;Transit;Mexico;Nov;2026;NKE;16;32,16
FVM0001541;15116021001124;AAS NKE_2202-TV-C3-MRO;07/10/2026;24/11/2026;Transit;Mexico;Nov;2026;NKE;16;32,32
FVM0001541;16523106011001;CLAC P 001;07/10/2026;24/11/2026;Transit;Mexico;Nov;2026;FERSA;16;2742,72
FVM0001541;PF200218001801;PFI 6313-2RS C3;07/10/2026;24/11/2026;Transit;Mexico;Nov;2026;PFI;16;114,88
FVM0001541;10010563001001;AAS 32208 F;07/10/2026;24/11/2026;Transit;Mexico;Nov;2026;FERSA;15;66
FVM0001541;15115973001113;AAS NKE_1210-K-TV-C3;07/10/2026;24/11/2026;Transit;Mexico;Nov;2026;NKE;15;71,4
FVM0001541;10020714001113;AAS NKE_32014-X;07/10/2026;24/11/2026;Transit;Mexico;Nov;2026;NKE;14;115,5
FVM0001541;14015448001113;AAS NKE_6311-2Z-C3;07/10/2026;24/11/2026;Transit;Mexico;Nov;2026;NKE;14;89,46
FVM0001541;14015469001113;AAS NKE_6314-2Z-C3;07/10/2026;24/11/2026;Transit;Mexico;Nov;2026;NKE;14;229,32
FVM0001541;14514071001113;AAS NKE_3205-B-2RS-TV;07/10/2026;24/11/2026;Transit;Mexico;Nov;2026;NKE;14;41,3
FVM0001541;23012586001001;AAS F 17063 K;07/10/2026;24/11/2026;Transit;Mexico;Nov;2026;FERSA;14;56,14
FVM0001541;23012917001001;AAS F 17107 K;07/10/2026;24/11/2026;Transit;Mexico;Nov;2026;FERSA;14;55,02
FVM0001541;14010966181001;AAS 6306 ZZ;07/10/2026;24/11/2026;Transit;Mexico;Nov;2026;FERSA;13;26,26
FVM0001541;14014326001113;AAS NKE_16003-2Z-C3;07/10/2026;24/11/2026;Transit;Mexico;Nov;2026;NKE;13;12,09
FVM0001541;14014598001113;AAS NKE_6012-2Z-C3;07/10/2026;24/11/2026;Transit;Mexico;Nov;2026;NKE;13;43,42
FVM0001541;15011294001001;AAS F 16002;07/10/2026;24/11/2026;Transit;Mexico;Nov;2026;FERSA;13;58,5
FVM0001541;15115945001124;AAS NKE_1206-TV-C3-MRO;07/10/2026;24/11/2026;Transit;Mexico;Nov;2026;NKE;13;28,6
FVM0001541;15116039001124;AAS NKE_2201-2RS-TV-C3-MRO;07/10/2026;24/11/2026;Transit;Mexico;Nov;2026;NKE;13;18,85
FVM0001541;PF100105001801;PFI 2872/20;07/10/2026;24/11/2026;Transit;Mexico;Nov;2026;PFI;13;49,01
FVM0001541;PF230096001801;PW39740036/34CS;07/10/2026;24/11/2026;Transit;Mexico;Nov;2026;PFI;13;89,44
FVM0001541;10010059001001;AAS 395 A/394 A;07/10/2026;24/11/2026;Transit;Mexico;Nov;2026;FERSA;13;95,68
FVM0001541;10010679001001;AAS 37425/37625;07/10/2026;24/11/2026;Transit;Mexico;Nov;2026;FERSA;13;222,43
FVM0001541;14021869001124;AAS NKE_61915-2Z-C3-MRO;07/10/2026;24/11/2026;Transit;Mexico;Nov;2026;NKE;12;113,52
FVM0001541;14316307001113;AAS NKE_GAY30-NPPB;07/10/2026;24/11/2026;Transit;Mexico;Nov;2026;NKE;12;45,84
FVM0001541;PF100120001801;PFI 15123/250;07/10/2026;24/11/2026;Transit;Mexico;Nov;2026;PFI;12;21,12
FVM0001541;PF200031001801;PFI 5208-2RS C3;07/10/2026;24/11/2026;Transit;Mexico;Nov;2026;PFI;12;68,04
FVM0001541;PF200151001801;PFI 62204-2RS C3;07/10/2026;24/11/2026;Transit;Mexico;Nov;2026;PFI;12;15,6
FVM0001541;19012865001001;AAS F 19100;07/10/2026;24/11/2026;Transit;Mexico;Nov;2026;FERSA;12;99
FVM0001541;10010264001001;AAS JP 12049 A/10;07/10/2026;24/11/2026;Transit;Mexico;Nov;2026;FERSA;11;237,49
FVM0001541;10010557001001;AAS 32204 F;07/10/2026;24/11/2026;Transit;Mexico;Nov;2026;FERSA;11;17,6
FVM0001541;14015167001113;AAS NKE_6213-2Z-C3;07/10/2026;24/11/2026;Transit;Mexico;Nov;2026;NKE;11;77
FVM0001541;17012957001124;AAS NKE_51209-MRO;07/10/2026;24/11/2026;Transit;Mexico;Nov;2026;NKE;11;28,71
FVM0001541;14010951171190;AAS 6210 ZZ/C3;07/10/2026;24/11/2026;Transit;Mexico;Nov;2026;FERSA;11;30,36
FVM0001541;10010521001001;AAS 31314 F;07/10/2026;24/11/2026;Transit;Mexico;Nov;2026;FERSA;10;146,5
FVM0001541;10010812001001;AAS JM 515649/10;07/10/2026;24/11/2026;Transit;Mexico;Nov;2026;FERSA;10;138,4
FVM0001541;10012719001190;AAS F 15323;07/10/2026;24/11/2026;Transit;Mexico;Nov;2026;FERSA;10;63,2
FVM0001541;10021949001124;AAS NKE_33208-MRO;07/10/2026;24/11/2026;Transit;Mexico;Nov;2026;NKE;10;44,5
FVM0001541;14012208001001;AAS F 18053;07/10/2026;24/11/2026;Transit;Mexico;Nov;2026;FERSA;10;175,8
FVM0001541;14015171001113;AAS NKE_6214-2RSR-C3;07/10/2026;24/11/2026;Transit;Mexico;Nov;2026;NKE;10;123,8
FVM0001541;14015315001113;AAS NKE_627-2RSR-C3;07/10/2026;24/11/2026;Transit;Mexico;Nov;2026;NKE;10;6,1
FVM0001541;14514153111124;AAS NKE_3312-B-TV-C3-MRO;07/10/2026;24/11/2026;Transit;Mexico;Nov;2026;NKE;10;271,6
FVM0001541;14516490001124;AAS NKE_3202-B-2RS-TV-C3-MRO;07/10/2026;24/11/2026;Transit;Mexico;Nov;2026;NKE;10;21,3
FVM0001541;14516491001124;AAS NKE_3202-B-2Z-TV-C3-MRO;07/10/2026;24/11/2026;Transit;Mexico;Nov;2026;NKE;10;23,9
FVM0001541;14516623001124;AAS NKE_3209-B-2RS-TV-C3-MRO;07/10/2026;24/11/2026;Transit;Mexico;Nov;2026;NKE;10;86,4
FVM0001541;15115854001124;AAS NKE_2208-2RS-TV-MRO;07/10/2026;24/11/2026;Transit;Mexico;Nov;2026;NKE;10;43,8
FVM0001541;28020334001113;AAS NKE_22216-E-K-C3-W33;07/10/2026;24/11/2026;Transit;Mexico;Nov;2026;NKE;10;286,8
FVM0001541;PF100035001801;PFI 30303D;07/10/2026;24/11/2026;Transit;Mexico;Nov;2026;PFI;10;12,8
FVM0001541;PF100176001801;PFI 3585/25;07/10/2026;24/11/2026;Transit;Mexico;Nov;2026;PFI;10;47,8
FVM0001541;PF100188001801;PFI 395/4A;07/10/2026;24/11/2026;Transit;Mexico;Nov;2026;PFI;10;59,9
FVM0001541;PF110002001801;PFI 518713;07/10/2026;24/11/2026;Transit;Mexico;Nov;2026;PFI;10;107,3
FVM0001541;PF270054001801;PCR3559;07/10/2026;24/11/2026;Transit;Mexico;Nov;2026;PFI;10;68,6
FVM0001541;PF640016001801;PFI 208KRR4 C3;07/10/2026;24/11/2026;Transit;Mexico;Nov;2026;PFI;10;31,6
FVM0001541;PF640048001801;PFI GRAE45NPPB-3L;07/10/2026;24/11/2026;Transit;Mexico;Nov;2026;PFI;10;44,3
FVM0001541;14010954191001;AAS 6213 2RS NR/C3;07/10/2026;24/11/2026;Transit;Mexico;Nov;2026;FERSA;10;101,7
FVM0001541;16525620001001;CLAC M 007;07/10/2026;24/11/2026;Transit;Mexico;Nov;2026;FERSA;10;391,5
FVM0001541;19121142001124;AAS NKE_81110-TVPB-MRO;07/10/2026;24/11/2026;Transit;Mexico;Nov;2026;NKE;10;43,1
FVM0001541;12011609001195;AAS F 200004;07/10/2026;24/11/2026;Transit;Mexico;Nov;2026;FERSA;9;424,53
FVM0001541;14014603121113;AAS NKE_6013-2RS2-C3;07/10/2026;24/11/2026;Transit;Mexico;Nov;2026;NKE;9;33,03
FVM0001541;14514108001113;AAS NKE_3208-B-2Z-TV;07/10/2026;24/11/2026;Transit;Mexico;Nov;2026;NKE;9;64,44
FVM0001541;15115990001124;AAS NKE_2208-TV-C3-MRO;07/10/2026;24/11/2026;Transit;Mexico;Nov;2026;NKE;9;32,31
FVM0001541;28020291001113;AAS NKE_22206-E-C3-W33;07/10/2026;24/11/2026;Transit;Mexico;Nov;2026;NKE;9;98,01
FVM0001541;10010547001001;AAS 32014 XF;07/10/2026;24/11/2026;Transit;Mexico;Nov;2026;FERSA;9;93,42
FVM0001541;10012407001001;AAS F 15278;07/10/2026;24/11/2026;Transit;Mexico;Nov;2026;FERSA;9;64,53
FVM0001541;10010809001190;AAS JLM 506849/10;07/10/2026;24/11/2026;Transit;Mexico;Nov;2026;FERSA;8;27,44
FVM0001541;10015654001113;AAS NKE_30310;07/10/2026;24/11/2026;Transit;Mexico;Nov;2026;NKE;8;80,8
FVM0001541;10015728001113;AAS NKE_32022-X;07/10/2026;24/11/2026;Transit;Mexico;Nov;2026;NKE;8;138,4
FVM0001541;10021935001113;AAS NKE_30215;07/10/2026;24/11/2026;Transit;Mexico;Nov;2026;NKE;8;52,88
FVM0001541;14010965111001;AAS 6305 2RS;07/10/2026;24/11/2026;Transit;Mexico;Nov;2026;FERSA;8;14,08
FVM0001541;14015422001113;AAS NKE_6308-2Z-C3;07/10/2026;24/11/2026;Transit;Mexico;Nov;2026;NKE;8;24,8
FVM0001541;14514152001113;AAS NKE_3306-B-2RS-TV;07/10/2026;24/11/2026;Transit;Mexico;Nov;2026;NKE;8;72,96
FVM0001541;19013643001124;AAS NKE_NU208-E-TVP3-C3-MRO;07/10/2026;24/11/2026;Transit;Mexico;Nov;2026;NKE;8;42,48
FVM0001541;23021467001124;AAS NKE_NKI20/16-MRO;07/10/2026;24/11/2026;Transit;Mexico;Nov;2026;NKE;8;12,32
FVM0001541;PF410023001801;PFI NB-2012;07/10/2026;24/11/2026;Transit;Mexico;Nov;2026;PFI;8;25,28
FVM0001541;10010505001001;AAS 30311 F;07/10/2026;24/11/2026;Transit;Mexico;Nov;2026;FERSA;8;124,32
FVM0001541;10010694001001;AAS 42688/42620;07/10/2026;24/11/2026;Transit;Mexico;Nov;2026;FERSA;8;131,36
FVM0001541;10011710001001;AAS 598 A/593 X;07/10/2026;24/11/2026;Transit;Mexico;Nov;2026;FERSA;8;110,88
FVM0001541;14514098001113;AAS NKE_3307-B-2Z-TV;07/10/2026;24/11/2026;Transit;Mexico;Nov;2026;NKE;8;76,96
FVM0001541;10015703001113;AAS NKE_30209;07/10/2026;24/11/2026;Transit;Mexico;Nov;2026;NKE;7;26,04
FVM0001541;14014646001113;AAS NKE_6018-2RSR-C3;07/10/2026;24/11/2026;Transit;Mexico;Nov;2026;NKE;7;86,94
FVM0001541;14014648001113;AAS NKE_6018-2Z-C3;07/10/2026;24/11/2026;Transit;Mexico;Nov;2026;NKE;7;85,89
FVM0001541;14015173001113;AAS NKE_6214-2Z-C3;07/10/2026;24/11/2026;Transit;Mexico;Nov;2026;NKE;7;51,59
FVM0001541;14015200001113;AAS NKE_6218-2Z;07/10/2026;24/11/2026;Transit;Mexico;Nov;2026;NKE;7;100,31
FVM0001541;14514266001124;AAS NKE_3207-B-2RS-TV-C3-MRO;07/10/2026;24/11/2026;Transit;Mexico;Nov;2026;NKE;7;36,75
FVM0001541;14516528001124;AAS NKE_3204-B-2RS-TV-C3-MRO;07/10/2026;24/11/2026;Transit;Mexico;Nov;2026;NKE;7;16,03
FVM0001541;15116029001124;AAS NKE_2306-2RS-MRO;07/10/2026;24/11/2026;Transit;Mexico;Nov;2026;NKE;7;28,49
FVM0001541;15120123001124;AAS NKE_1309-TV-C3-MRO;07/10/2026;24/11/2026;Transit;Mexico;Nov;2026;NKE;7;64,05
FVM0001541;15120133001124;AAS NKE_2205-K-TV-C3-MRO;07/10/2026;24/11/2026;Transit;Mexico;Nov;2026;NKE;7;20,44
FVM0001541;23012585001001;AAS F 17062 K;07/10/2026;24/11/2026;Transit;Mexico;Nov;2026;FERSA;7;59,57
FVM0001541;23012587001001;AAS F 17064 K;07/10/2026;24/11/2026;Transit;Mexico;Nov;2026;FERSA;7;29,68
FVM0001541;PF200343001801;PFI 6004-ZZ C3;07/10/2026;24/11/2026;Transit;Mexico;Nov;2026;PFI;7;3,78
FVM0001541;10010206001001;AAS JF 4549/JF 4510;07/10/2026;24/11/2026;Transit;Mexico;Nov;2026;FERSA;7;84,63
FVM0001541;10010857001001;AAS HM 807046/10 BT;07/10/2026;24/11/2026;Transit;Mexico;Nov;2026;FERSA;7;104,37
FVM0001541;14316358001113;AAS NKE_RAE25-NPP;07/10/2026;24/11/2026;Transit;Mexico;Nov;2026;NKE;7;28,91
FVM0001541;10010217001190;AAS A 6075/A 6157;07/10/2026;24/11/2026;Transit;Mexico;Nov;2026;FERSA;6;8,4
FVM0001541;10010514001001;AAS 31307 F;07/10/2026;24/11/2026;Transit;Mexico;Nov;2026;FERSA;6;61,32
FVM0001541;10010569001001;AAS 32212 F;07/10/2026;24/11/2026;Transit;Mexico;Nov;2026;FERSA;6;48,3
FVM0001541;10010650001113;AAS NKE_33210;07/10/2026;24/11/2026;Transit;Mexico;Nov;2026;NKE;6;45,18
FVM0001541;10021944001113;AAS NKE_33116;07/10/2026;24/11/2026;Transit;Mexico;Nov;2026;NKE;6;67,02
FVM0001541;14015181001113;AAS NKE_6215-2Z-C3;07/10/2026;24/11/2026;Transit;Mexico;Nov;2026;NKE;6;80,52
FVM0001541;15116016001124;AAS NKE_1206-K-TV-MRO;07/10/2026;24/11/2026;Transit;Mexico;Nov;2026;NKE;6;8,88
FVM0001541;15116026001124;AAS NKE_2206-K-2RS-TV-C3-MRO;07/10/2026;24/11/2026;Transit;Mexico;Nov;2026;NKE;6;17,58
FVM0001541;15122277001124;AAS NKE_1211-C3-MRO;07/10/2026;24/11/2026;Transit;Mexico;Nov;2026;NKE;6;35,16
FVM0001541;23021409001124;AAS NKE_NK26/20-MRO;07/10/2026;24/11/2026;Transit;Mexico;Nov;2026;NKE;6;8,76
FVM0001541;28020305001113;AAS NKE_22209-E-C3-W33;07/10/2026;24/11/2026;Transit;Mexico;Nov;2026;NKE;6;75,84
FVM0001541;PF100358001801;PFI JW6049/10;07/10/2026;24/11/2026;Transit;Mexico;Nov;2026;PFI;6;131,52
FVM0001541;10015744001113;AAS NKE_32304;07/10/2026;24/11/2026;Transit;Mexico;Nov;2026;NKE;6;13,32
FVM0001541;17012970001113;AAS NKE_51204;07/10/2026;24/11/2026;Transit;Mexico;Nov;2026;NKE;6;5,58
FVM0001541;10010358001001;AAS F 15104;07/10/2026;24/11/2026;Transit;Mexico;Nov;2026;FERSA;6;148,5
FVM0001541;10010789001001;AAS HM 212047/11;07/10/2026;24/11/2026;Transit;Mexico;Nov;2026;FERSA;6;88,86
FVM0001541;10010648001113;AAS NKE_33209;07/10/2026;24/11/2026;Transit;Mexico;Nov;2026;NKE;6;56,76
FVM0001541;19017429001113;AAS NKE_NJ210-E-TVP3-C3;07/10/2026;24/11/2026;Transit;Mexico;Nov;2026;NKE;6;42,24
FVM0001541;10010472001001;AAS 30206 F;07/10/2026;24/11/2026;Transit;Mexico;Nov;2026;FERSA;5;10,9
FVM0001541;10011756001001;AAS F 15161;07/10/2026;24/11/2026;Transit;Mexico;Nov;2026;FERSA;5;77,55
FVM0001541;14010933121001;AAS 6013 2RS/C3;07/10/2026;24/11/2026;Transit;Mexico;Nov;2026;FERSA;5;27,15
FVM0001541;14014617001113;AAS NKE_6014-2Z-C3;07/10/2026;24/11/2026;Transit;Mexico;Nov;2026;NKE;5;35,65
FVM0001541;14014802001113;AAS NKE_61809-2RSR;07/10/2026;24/11/2026;Transit;Mexico;Nov;2026;NKE;5;11,25
FVM0001541;14514245001124;AAS NKE_3210-B-2RS-TV-C3-MRO;07/10/2026;24/11/2026;Transit;Mexico;Nov;2026;NKE;5;51,9
FVM0001541;15116037001124;AAS NKE_2212-2RS-C3-MRO;07/10/2026;24/11/2026;Transit;Mexico;Nov;2026;NKE;5;40,7
FVM0001541;19013463001124;AAS NKE_NJ2307-E-TVP3-C3-MRO;07/10/2026;24/11/2026;Transit;Mexico;Nov;2026;NKE;5;34,65
FVM0001541;23021420001124;AAS NKE_NK38/20-MRO;07/10/2026;24/11/2026;Transit;Mexico;Nov;2026;NKE;5;12,85
FVM0001541;PF410021001801;PFI NB-1620;07/10/2026;24/11/2026;Transit;Mexico;Nov;2026;PFI;5;5,7
FVM0001541;10010725001001;AAS 56425/56650;07/10/2026;24/11/2026;Transit;Mexico;Nov;2026;FERSA;5;60,55
FVM0001541;14514082001113;AAS NKE_3206-B-2Z-TV;07/10/2026;24/11/2026;Transit;Mexico;Nov;2026;NKE;4;17,56
FVM0001541;15120137001124;AAS NKE_2209-2RS-TV-C3-MRO;07/10/2026;24/11/2026;Transit;Mexico;Nov;2026;NKE;4;19,28
FVM0001541;17020908001124;AAS NKE_51313-MRO;07/10/2026;24/11/2026;Transit;Mexico;Nov;2026;NKE;4;54,08
FVM0001541;19013506001113;AAS NKE_NUP206-E-TVP3;07/10/2026;24/11/2026;Transit;Mexico;Nov;2026;NKE;4;20,84
FVM0001541;19013713001124;AAS NKE_NJ309-E-TVP3-C3-MRO;07/10/2026;24/11/2026;Transit;Mexico;Nov;2026;NKE;4;36,88
FVM0001541;28020354001113;AAS NKE_22222-E-K-C3-W33;07/10/2026;24/11/2026;Transit;Mexico;Nov;2026;NKE;4;226
FVM0001541;PF100344001801;PFI 47686/20;07/10/2026;24/11/2026;Transit;Mexico;Nov;2026;PFI;4;26,44
FVM0001541;PF100365001801;PFI 33214;07/10/2026;24/11/2026;Transit;Mexico;Nov;2026;PFI;4;40,6
FVM0001541;10010170001001;AAS 3386/3320;07/10/2026;24/11/2026;Transit;Mexico;Nov;2026;FERSA;4;55,68
FVM0001541;10010669001001;AAS 33889/33821;07/10/2026;24/11/2026;Transit;Mexico;Nov;2026;FERSA;4;41,16
FVM0001541;14010954151001;AAS 6213 ZZ;07/10/2026;24/11/2026;Transit;Mexico;Nov;2026;FERSA;4;15,68
FVM0001541;16525619001001;CLAC M 006;07/10/2026;24/11/2026;Transit;Mexico;Nov;2026;FERSA;4;115,92
FVM0001541;19121140001124;AAS NKE_81108-TVPB-MRO;07/10/2026;24/11/2026;Transit;Mexico;Nov;2026;NKE;4;12,96
FVM0001541;14014430001124;AAS NKE_4202-B-TV-MRO;07/10/2026;24/11/2026;Transit;Mexico;Nov;2026;NKE;3;8,01
FVM0001541;14014451001124;AAS NKE_4308-B-TV-MRO;07/10/2026;24/11/2026;Transit;Mexico;Nov;2026;NKE;3;21,45
FVM0001541;14015189001113;AAS NKE_6216-2Z-C3;07/10/2026;24/11/2026;Transit;Mexico;Nov;2026;NKE;3;31,41
FVM0001541;14015455001113;AAS NKE_6312-2Z-C3;07/10/2026;24/11/2026;Transit;Mexico;Nov;2026;NKE;3;38,82
FVM0001541;14015473001113;AAS NKE_6315-2RSR-C3;07/10/2026;24/11/2026;Transit;Mexico;Nov;2026;NKE;3;67,65
FVM0001541;14018989001124;AAS NKE_4205-B-TV-C3-MRO;07/10/2026;24/11/2026;Transit;Mexico;Nov;2026;NKE;3;4,38
FVM0001541;14516469001124;AAS NKE_3212-B-2RS-TV-C3-MRO;07/10/2026;24/11/2026;Transit;Mexico;Nov;2026;NKE;3;47,13
FVM0001541;15115910131124;AAS NKE_2309-TV-C3-MRO;07/10/2026;24/11/2026;Transit;Mexico;Nov;2026;NKE;3;34,71
FVM0001541;19011435001001;AAS F 19033;07/10/2026;24/11/2026;Transit;Mexico;Nov;2026;FERSA;3;26,37
FVM0001541;19013457001124;AAS NKE_NU307-E-TVP3-C3-MRO;07/10/2026;24/11/2026;Transit;Mexico;Nov;2026;NKE;3;23,58
FVM0001541;19014040001124;AAS NKE_NU309-E-TVP3-C3-MRO;07/10/2026;24/11/2026;Transit;Mexico;Nov;2026;NKE;3;25,23
FVM0001541;25110055001001;FTRK 510A OB;07/10/2026;24/11/2026;Transit;Mexico;Nov;2026;FERSA;3;624,18
FVM0001541;28020346001113;AAS NKE_22219-E-C3-W33;07/10/2026;24/11/2026;Transit;Mexico;Nov;2026;NKE;3;132
FVM0001541;PF100123001801;PFI 18590/20;07/10/2026;24/11/2026;Transit;Mexico;Nov;2026;PFI;3;7,41
FVM0001541;14516485001113;AAS NKE_7202-BE-TVP;07/10/2026;24/11/2026;Transit;Mexico;Nov;2026;NKE;3;7,35
FVM0001541;10010161001001;AAS 2788/2720;07/10/2026;24/11/2026;Transit;Mexico;Nov;2026;FERSA;3;22,71
FVM0001541;19011582001001;AAS F 19067;07/10/2026;24/11/2026;Transit;Mexico;Nov;2026;FERSA;3;35,97
FVM0001541;19011800001001;AAS F 19076;07/10/2026;24/11/2026;Transit;Mexico;Nov;2026;FERSA;3;43,14
FVM0001541;10010648001190;AAS 33209 F;07/10/2026;24/11/2026;Transit;Mexico;Nov;2026;FERSA;2;14,58
FVM0001541;10010755001001;AAS LM 78349/10 A;07/10/2026;24/11/2026;Transit;Mexico;Nov;2026;FERSA;2;7,44
FVM0001541;14014332001124;AAS NKE_16004-2Z-C3-MRO;07/10/2026;24/11/2026;Transit;Mexico;Nov;2026;NKE;2;1,84
FVM0001541;14015178001113;AAS NKE_6215-2RSR-C3;07/10/2026;24/11/2026;Transit;Mexico;Nov;2026;NKE;2;20,92
FVM0001541;14015187001113;AAS NKE_6216-2RSR-C3;07/10/2026;24/11/2026;Transit;Mexico;Nov;2026;NKE;2;35,6
FVM0001541;14015201001124;AAS NKE_6218-2Z-C3-MRO;07/10/2026;24/11/2026;Transit;Mexico;Nov;2026;NKE;2;30,38
FVM0001541;17020907001124;AAS NKE_51311-MRO;07/10/2026;24/11/2026;Transit;Mexico;Nov;2026;NKE;2;18,7
FVM0001541;23012916001001;AAS F 17106 K;07/10/2026;24/11/2026;Transit;Mexico;Nov;2026;FERSA;2;8,24
FVM0001541;23021005001124;AAS NKE_NA6905-MRO;07/10/2026;24/11/2026;Transit;Mexico;Nov;2026;NKE;2;5,54
FVM0001541;25110019001001;FTRK 3423 OB;07/10/2026;24/11/2026;Transit;Mexico;Nov;2026;FERSA;2;215,42
FVM0001541;28013017001124;AAS NKE_22226-E-K-C3-W33-MRO;07/10/2026;24/11/2026;Transit;Mexico;Nov;2026;NKE;2;190,8
FVM0001541;28020392001113;AAS NKE_22311-E-K-C3-W33;07/10/2026;24/11/2026;Transit;Mexico;Nov;2026;NKE;2;57,56
FVM0001541;28021919001124;AAS NKE_22317-E-K-C3-W33-MRO;07/10/2026;24/11/2026;Transit;Mexico;Nov;2026;NKE;2;113,44
FVM0001541;PF100321001801;PFI JM716649/10;07/10/2026;24/11/2026;Transit;Mexico;Nov;2026;PFI;2;13,5
FVM0001541;PF200159001801;PFI 62303-2RS C3;07/10/2026;24/11/2026;Transit;Mexico;Nov;2026;PFI;2;2,3
FVM0001541;19013467001113;AAS NKE_NU2308-E-TVP3-C3;07/10/2026;24/11/2026;Transit;Mexico;Nov;2026;NKE;2;30,58
FVM0001541;10010702001001;AAS 45284/45220;07/10/2026;24/11/2026;Transit;Mexico;Nov;2026;FERSA;2;20,96
FVM0001541;10010851001001;AAS HM 804846/10;07/10/2026;24/11/2026;Transit;Mexico;Nov;2026;FERSA;2;28,12
FVM0001541;19012540001001;AAS F 19040;07/10/2026;24/11/2026;Transit;Mexico;Nov;2026;FERSA;2;9,62
FVM0001541;14019109001124;AAS NKE_6019-2Z-C3-MRO;07/10/2026;24/11/2026;Transit;Mexico;Nov;2026;NKE;2;28,4
FVM0001541;10010479001001;AAS 30210 F;07/10/2026;24/11/2026;Transit;Mexico;Nov;2026;FERSA;1;4,29
FVM0001541;14010945101001;AAS 62/22 2RS/C3;07/10/2026;24/11/2026;Transit;Mexico;Nov;2026;FERSA;1;2,99
FVM0001541;14010951101001;AAS 6210;07/10/2026;24/11/2026;Transit;Mexico;Nov;2026;FERSA;1;4,59
FVM0001541;14014392001124;AAS NKE_16015-C3-MRO;07/10/2026;24/11/2026;Transit;Mexico;Nov;2026;NKE;1;4,42
FVM0001541;14014394001113;AAS NKE_16016-C3;07/10/2026;24/11/2026;Transit;Mexico;Nov;2026;NKE;1;7,09
FVM0001541;14014630001113;AAS NKE_6016-2RSR-C3;07/10/2026;24/11/2026;Transit;Mexico;Nov;2026;NKE;1;9,22
FVM0001541;14019086001124;AAS NKE_61918-2RSR-C3-MRO;07/10/2026;24/11/2026;Transit;Mexico;Nov;2026;NKE;1;11
FVM0001541;15115992001124;AAS NKE_2211-K-TV-C3-MRO;07/10/2026;24/11/2026;Transit;Mexico;Nov;2026;NKE;1;6,83
FVM0001541;17012935001124;AAS NKE_51211-MRO;07/10/2026;24/11/2026;Transit;Mexico;Nov;2026;NKE;1;4,09
FVM0001541;23020991001124;AAS NKE_NA4908-2RSR-MRO;07/10/2026;24/11/2026;Transit;Mexico;Nov;2026;NKE;1;5,34
FVM0001541;23021471001124;AAS NKE_NKI25/30-MRO;07/10/2026;24/11/2026;Transit;Mexico;Nov;2026;NKE;1;2,57
FVM0001541;PF100089001801;PFI 33206;07/10/2026;24/11/2026;Transit;Mexico;Nov;2026;PFI;1;2,69
FVM0001541;PF100162001801;PFI 32012X;07/10/2026;24/11/2026;Transit;Mexico;Nov;2026;PFI;1;3,51
FVM0001541;PF200216001801;PFI 6311-2RS C3;07/10/2026;24/11/2026;Transit;Mexico;Nov;2026;PFI;1;14,81
FVM0001541;PF210029001801;PFI B15-69D;07/10/2026;24/11/2026;Transit;Mexico;Nov;2026;PFI;1;1,06
FVM0001541;PF270025001801;PCR2601;07/10/2026;24/11/2026;Transit;Mexico;Nov;2026;PFI;1;5,29
FVM0001541;21010061001001;AAS U 399/U 360 L;07/10/2026;24/11/2026;Transit;Mexico;Nov;2026;FERSA;1;5,11
FVM0001541;10010092001001;AAS 527/522;07/10/2026;24/11/2026;Transit;Mexico;Nov;2026;FERSA;1;15,3
FVM0001541;10010813001001;AAS HM 516449 C/10;07/10/2026;24/11/2026;Transit;Mexico;Nov;2026;FERSA;1;22,89
FVM0001541;16525626001001;CLAC M 013;07/10/2026;24/11/2026;Transit;Mexico;Nov;2026;FERSA;1;61,81
FVM0001541;19012785001001;AAS F 19094;07/10/2026;24/11/2026;Transit;Mexico;Nov;2026;FERSA;1;5,47
FVM0001541;25110030001001;FDRK 4375 OB;07/10/2026;24/11/2026;Transit;Mexico;Nov;2026;FERSA;1;86,79
(vazio);AS200031001501;6204 2RS/C3;08/10/2026;07/12/2026;Backorder;China;Dec;2026;A&S;7795,66;10367,35
(vazio);AS100005001501;30206;08/10/2026;07/12/2026;Backorder;China;Dec;2026;A&S;6872,58;13253,31
(vazio);AS100003001501;30204;08/10/2026;07/12/2026;Backorder;China;Dec;2026;A&S;6263,08;9643,48
(vazio);AS200112001501;6005 2RS/C3;08/10/2026;07/12/2026;Backorder;China;Dec;2026;A&S;3915,4;5283,9
(vazio);AS100043001515;32218;08/10/2026;07/12/2026;Backorder;China;Dec;2026;A&S;2518,83;14656,62
(vazio);14015055001113;AAS NKE_6204-2RS2-C3;08/10/2026;07/12/2026;Backorder;China;Dec;2026;NKE;2382,51;3596,82
(vazio);AS110004001501;TR00004;08/10/2026;07/12/2026;Backorder;China;Dec;2026;A&S;2241,92;18757,76
(vazio);AS100061001501;33021;08/10/2026;07/12/2026;Backorder;China;Dec;2026;A&S;1718,03;13739,33
(vazio);AS100214001501;M 84548/10;08/10/2026;07/12/2026;Backorder;China;Dec;2026;A&S;1540,72;3442,88
(vazio);AS200034001501;6207 2RS/C3;08/10/2026;07/12/2026;Backorder;China;Dec;2026;A&S;1370,74;2560,03
(vazio);AS400020001501;HK 2820;08/10/2026;07/12/2026;Backorder;China;Dec;2026;A&S;1344,8;1826,48
(vazio);AS200065001501;6301 2RS/C3;08/10/2026;07/12/2026;Backorder;China;Dec;2026;A&S;1304,81;1656,08
(vazio);AS200011001501;6006 2RS/C3;08/10/2026;07/12/2026;Backorder;China;Dec;2026;A&S;1059,72;1512,94
(vazio);19023397121119;AAS NKE_NCF29/560-V;08/10/2026;07/12/2026;Backorder;China;Dec;2026;NKE;992,21;992,21
(vazio);19011597001001;AAS F 19048;08/10/2026;07/12/2026;Backorder;China;Dec;2026;FERSA;904,96;2682,03
(vazio);AS100211001501;M 12649/10;08/10/2026;07/12/2026;Backorder;China;Dec;2026;A&S;881,37;1573,41
(vazio);AS200042001501;62201 2RS/C3;08/10/2026;07/12/2026;Backorder;China;Dec;2026;A&S;832,72;1188,33
(vazio);AS100129001501;32007 X;08/10/2026;07/12/2026;Backorder;China;Dec;2026;A&S;813,3;1743,65
(vazio);11026181101190;AAS F 15525;08/10/2026;07/12/2026;Backorder;China;Dec;2026;FERSA;811,74;14802,48
(vazio);11011895001195;AAS F 15097;08/10/2026;07/12/2026;Backorder;China;Dec;2026;FERSA;810,76;24897,6
(vazio);AS410146001501;NB0146;08/10/2026;07/12/2026;Backorder;China;Dec;2026;A&S;763,84;1489,6
(vazio);AS640014001501;ORAE 30 NPPB;08/10/2026;07/12/2026;Backorder;China;Dec;2026;A&S;760,36;1652,44
(vazio);AS100022001501;30308;08/10/2026;07/12/2026;Backorder;China;Dec;2026;A&S;738,76;2140,36
(vazio);AS200085001501;6802 2RS/C3;08/10/2026;07/12/2026;Backorder;China;Dec;2026;A&S;687,18;810,66
(vazio);AS100073001501;33207;08/10/2026;07/12/2026;Backorder;China;Dec;2026;A&S;603,6;1734,48
(vazio);AS400019001501;HK 2520;08/10/2026;07/12/2026;Backorder;China;Dec;2026;A&S;533,28;702,24
(vazio);AS100145001501;37431 A/625;08/10/2026;07/12/2026;Backorder;China;Dec;2026;A&S;517,41;3281,92
(vazio);AS100322001501;JP 12049/10;08/10/2026;07/12/2026;Backorder;China;Dec;2026;A&S;462,88;3945,84
(vazio);AS400002001501;SCH 1612;08/10/2026;07/12/2026;Backorder;China;Dec;2026;A&S;356,38;599,95
(vazio);AS200069001501;6305 2RS/C3;08/10/2026;07/12/2026;Backorder;China;Dec;2026;A&S;345,04;517,93
(vazio);AS200028001501;6201 2RS/C3;08/10/2026;07/12/2026;Backorder;China;Dec;2026;A&S;333,17;389,61
(vazio);AS400004001501;SCH 1616;08/10/2026;07/12/2026;Backorder;China;Dec;2026;A&S;303,38;510,38
(vazio);12011609001195;AAS F 200004;08/10/2026;07/12/2026;Backorder;China;Dec;2026;FERSA;273,7;7276,5
(vazio);AS100031001501;32206;08/10/2026;07/12/2026;Backorder;China;Dec;2026;A&S;262,7;611
(vazio);AS100249001501;JM 716649/10;08/10/2026;07/12/2026;Backorder;China;Dec;2026;A&S;236,8;1792,2
(vazio);AS100148001501;3782/20;08/10/2026;07/12/2026;Backorder;China;Dec;2026;A&S;213,87;681,03
(vazio);AS100133001501;32010 X;08/10/2026;07/12/2026;Backorder;China;Dec;2026;A&S;209,44;508,4
(vazio);AS100293001501;33011;08/10/2026;07/12/2026;Backorder;China;Dec;2026;A&S;209,36;668
(vazio);10010648001190;AAS 33209 F;08/10/2026;07/12/2026;Backorder;China;Dec;2026;FERSA;200,4;813,45
(vazio);AS400024001501;SCE 1412;08/10/2026;07/12/2026;Backorder;China;Dec;2026;A&S;194,78;269,66
(vazio);AS400003001501;SCE 3216;08/10/2026;07/12/2026;Backorder;China;Dec;2026;A&S;189,06;470,58
(vazio);AS100059001501;33019;08/10/2026;07/12/2026;Backorder;China;Dec;2026;A&S;188,22;1138,26
(vazio);AS410143001501;NB0143;08/10/2026;07/12/2026;Backorder;China;Dec;2026;A&S;185,18;363,37
(vazio);AS100194001501;LM 11749/10;08/10/2026;07/12/2026;Backorder;China;Dec;2026;A&S;177,24;273
(vazio);AS400023001501;HK 4012;08/10/2026;07/12/2026;Backorder;China;Dec;2026;A&S;172,45;249,4
(vazio);12022080101195;AAS F 200035;08/10/2026;07/12/2026;Backorder;China;Dec;2026;FERSA;172;5596,88
(vazio);28026296111124;AAS NKE_22328-E-C3-W33-MRO;08/10/2026;07/12/2026;Backorder;China;Dec;2026;NKE;171,63;341,26
(vazio);14015325111124;AAS NKE_629-2Z-MRO;08/10/2026;07/12/2026;Backorder;China;Dec;2026;NKE;170,32;224,4
(vazio);AS100079001501;33213;08/10/2026;07/12/2026;Backorder;China;Dec;2026;A&S;167,52;1056,24
(vazio);AS660020001501;TP00020;08/10/2026;07/12/2026;Backorder;China;Dec;2026;A&S;158,18;832,91
(vazio);14010948121001;AAS 6207 2RS/C3;08/10/2026;07/12/2026;Backorder;China;Dec;2026;FERSA;148,84;353,32
(vazio);AS200372001501;1206;08/10/2026;07/12/2026;Backorder;China;Dec;2026;A&S;147,48;254,04
(vazio);AS400036001501;SN 2016;08/10/2026;07/12/2026;Backorder;China;Dec;2026;A&S;136,62;207,9
(vazio);14014707111124;AAS NKE_608-MRO;08/10/2026;07/12/2026;Backorder;China;Dec;2026;NKE;136,27;172,72
(vazio);AS220009001501;BAC305523;08/10/2026;07/12/2026;Backorder;China;Dec;2026;A&S;131,14;405,06
(vazio);10010805001001;AAS LM 501349/10;08/10/2026;07/12/2026;Backorder;China;Dec;2026;FERSA;130,76;275,94
(vazio);10010317001001;AAS F 15048;08/10/2026;07/12/2026;Backorder;China;Dec;2026;FERSA;126,68;619,16
(vazio);10010065001190;AAS 399 A/394 A;08/10/2026;07/12/2026;Backorder;China;Dec;2026;FERSA;124,44;762,42
(vazio);19012460001001;AAS F 19090;08/10/2026;07/12/2026;Backorder;China;Dec;2026;FERSA;124,06;607,2
(vazio);AS100271001501;33116;08/10/2026;07/12/2026;Backorder;China;Dec;2026;A&S;114,22;574,2
(vazio);AS100313001501;HM 88649/10;08/10/2026;07/12/2026;Backorder;China;Dec;2026;A&S;114,14;389,13
(vazio);10011947001190;AAS F 15203;08/10/2026;07/12/2026;Backorder;China;Dec;2026;FERSA;109,6;308,88
(vazio);10010670001190;AAS 33889/33822;08/10/2026;07/12/2026;Backorder;China;Dec;2026;FERSA;108,34;386,32
(vazio);AS100735001501;13687/20;08/10/2026;07/12/2026;Backorder;China;Dec;2026;A&S;108,14;219,42
(vazio);14010972111001;AAS 6311 2RS;08/10/2026;07/12/2026;Backorder;China;Dec;2026;FERSA;107,9;649,7
(vazio);AS660033001501;TP00033;08/10/2026;07/12/2026;Backorder;China;Dec;2026;A&S;107,89;883,88
(vazio);10010639001001;AAS 33117 F;08/10/2026;07/12/2026;Backorder;China;Dec;2026;FERSA;105,5;516,25
(vazio);AS640040001501;GRAE 35 NPPB 3L;08/10/2026;07/12/2026;Backorder;China;Dec;2026;A&S;104,26;313
(vazio);15115973001124;AAS NKE_1210-K-TV-C3-MRO;08/10/2026;07/12/2026;Backorder;China;Dec;2026;NKE;104,14;443,29
(vazio);AS100071001501;33205;08/10/2026;07/12/2026;Backorder;China;Dec;2026;A&S;103,12;208,06
(vazio);14014753111124;AAS NKE_61800-2RSR-MRO;08/10/2026;07/12/2026;Backorder;China;Dec;2026;NKE;100,33;133
(vazio);14015527121124;AAS NKE_634-2RS2-MRO;08/10/2026;07/12/2026;Backorder;China;Dec;2026;NKE;100,25;125
(vazio);14015309111124;AAS NKE_626-2RS2-C3-MRO;08/10/2026;07/12/2026;Backorder;China;Dec;2026;NKE;100,24;124
(vazio);14014587001113;AAS NKE_6011-2RS2-C3;08/10/2026;07/12/2026;Backorder;China;Dec;2026;NKE;99,78;272,44
(vazio);10012719001190;AAS F 15323;08/10/2026;07/12/2026;Backorder;China;Dec;2026;FERSA;96,28;341,88
(vazio);19013645111124;AAS NKE_NU2309-E-TVP3-MRO;08/10/2026;07/12/2026;Backorder;China;Dec;2026;NKE;95,55;752,4
(vazio);AS100080001501;33214;08/10/2026;07/12/2026;Backorder;China;Dec;2026;A&S;94,7;460,1
(vazio);10010656001001;AAS 33216 F;08/10/2026;07/12/2026;Backorder;China;Dec;2026;FERSA;90,76;710,6
(vazio);AS200037001501;6210 2RS/C3;08/10/2026;07/12/2026;Backorder;China;Dec;2026;A&S;90,72;207,68
(vazio);14014337111124;AAS NKE_16005-MRO;08/10/2026;07/12/2026;Backorder;China;Dec;2026;NKE;88,72;151,36
(vazio);14015479001113;AAS NKE_6316-2RSR-C3;08/10/2026;07/12/2026;Backorder;China;Dec;2026;NKE;88,5;222,6
(vazio);10010564001001;AAS 32209 F;08/10/2026;07/12/2026;Backorder;China;Dec;2026;FERSA;87,72;304,92
(vazio);10010211001001;AAS 5395/5335;08/10/2026;07/12/2026;Backorder;China;Dec;2026;FERSA;86,3;564,2
(vazio);14010958101001;AAS 6217 C3;08/10/2026;07/12/2026;Backorder;China;Dec;2026;FERSA;84,4;167,4
(vazio);10110275001001;CEM F 15110;08/10/2026;07/12/2026;Backorder;China;Dec;2026;FERSA;81,2;251,6
(vazio);10010423001190;AAS 25581/25520;08/10/2026;07/12/2026;Backorder;China;Dec;2026;FERSA;80,55;213,75
(vazio);AS100481001501;3382/20;08/10/2026;07/12/2026;Backorder;China;Dec;2026;A&S;76,08;287,76
(vazio);AS400001001501;SCE 3616;08/10/2026;07/12/2026;Backorder;China;Dec;2026;A&S;74,36;190,28
(vazio);10010657001001;AAS 33217 F;08/10/2026;07/12/2026;Backorder;China;Dec;2026;FERSA;69,05;270,9
(vazio);19011441001001;AAS F 19042;08/10/2026;07/12/2026;Backorder;China;Dec;2026;FERSA;63,82;493,92
(vazio);19018714131124;AAS NKE_NU322-E-M6-C3-MRO;08/10/2026;07/12/2026;Backorder;China;Dec;2026;NKE;62,89;447,12
(vazio);AS410064001501;NB0064;08/10/2026;07/12/2026;Backorder;China;Dec;2026;A&S;61,32;130,48
(vazio);14014759001124;AAS NKE_61801-2RSR-MRO;08/10/2026;07/12/2026;Backorder;China;Dec;2026;NKE;60,31;78,6
(vazio);AS100395001501;47487/20;08/10/2026;07/12/2026;Backorder;China;Dec;2026;A&S;59,02;325,08
(vazio);AS660019001501;TP00019;08/10/2026;07/12/2026;Backorder;China;Dec;2026;A&S;58,36;241,86
(vazio);AS600015001501;GE31 ZO;08/10/2026;07/12/2026;Backorder;China;Dec;2026;A&S;56,8;125,44
(vazio);10011707001001;AAS F 15158;08/10/2026;07/12/2026;Backorder;China;Dec;2026;FERSA;56,67;293,37
(vazio);AS100638001501;42368/42584;08/10/2026;07/12/2026;Backorder;China;Dec;2026;A&S;54,49;399,03
(vazio);15115925001124;AAS NKE_1207-K-TV-C3-MRO;08/10/2026;07/12/2026;Backorder;China;Dec;2026;NKE;50,44;165,12
(vazio);AS100081001501;33215;08/10/2026;07/12/2026;Backorder;China;Dec;2026;A&S;48,24;268,32
(vazio);10010026001190;AAS 368 A/362 X;08/10/2026;07/12/2026;Backorder;China;Dec;2026;FERSA;47,74;143,2
(vazio);14014657141124;AAS NKE_6020-2RS2-C3-MRO;08/10/2026;07/12/2026;Backorder;China;Dec;2026;NKE;47,65;346
(vazio);15115946001124;AAS NKE_1212-K-C3-MRO;08/10/2026;07/12/2026;Backorder;China;Dec;2026;NKE;44,46;218,4
(vazio);AS300266001501;NU 208 EMNRC3;08/10/2026;07/12/2026;Backorder;China;Dec;2026;A&S;44,2;136,5
(vazio);AS100509001501;37431/625;08/10/2026;07/12/2026;Backorder;China;Dec;2026;A&S;44,1;216,15
(vazio);AS410020001501;NB0020;08/10/2026;07/12/2026;Backorder;China;Dec;2026;A&S;42,4;105,84
(vazio);15116001001124;AAS NKE_1207-K-TV-MRO;08/10/2026;07/12/2026;Backorder;China;Dec;2026;NKE;42,33;133,2
(vazio);17012966001124;AAS NKE_51205-MRO;08/10/2026;07/12/2026;Backorder;China;Dec;2026;NKE;40,97;78,8
(vazio);14015481001113;AAS NKE_6316-2Z-C3;08/10/2026;07/12/2026;Backorder;China;Dec;2026;NKE;40,88;125,58
(vazio);23021200001124;AAS NKE_HK0810-MRO;08/10/2026;07/12/2026;Backorder;China;Dec;2026;NKE;40,17;46,8
(vazio);53010109001124;AAS NKE_MB8-MRO;08/10/2026;07/12/2026;Backorder;China;Dec;2026;NKE;40,09;43,6
(vazio);AS660036001501;TP00036;08/10/2026;07/12/2026;Backorder;China;Dec;2026;A&S;36,84;185,64
(vazio);14015504001113;AAS NKE_6320-2RSR-C3;08/10/2026;07/12/2026;Backorder;China;Dec;2026;NKE;36,37;188,22
(vazio);14011556001001;AAS F 18039;08/10/2026;07/12/2026;Backorder;China;Dec;2026;FERSA;35,86;97,24
(vazio);AS100149001501;387 A/382 A;08/10/2026;07/12/2026;Backorder;China;Dec;2026;A&S;35,16;107,4
(vazio);AS640027001501;G206 V22 3L;08/10/2026;07/12/2026;Backorder;China;Dec;2026;A&S;34,5;82,5
(vazio);10010263001001;AAS JP 12049/10;08/10/2026;07/12/2026;Backorder;China;Dec;2026;FERSA;33,98;157,35
(vazio);AS100651001501;681/672;08/10/2026;07/12/2026;Backorder;China;Dec;2026;A&S;33,88;63,76
(vazio);10010575001001;AAS 32217 F;08/10/2026;07/12/2026;Backorder;China;Dec;2026;FERSA;33,69;242,25
(vazio);10010233011190;AAS 02872/02820;08/10/2026;07/12/2026;Backorder;China;Dec;2026;FERSA;32,58;61,53
(vazio);12022080101195;FJXN003188675;08/10/2026;07/12/2026;Backorder;China;Dec;2026;FERSA;32,54;109
(vazio);12022080101195;FJXN003188676;08/10/2026;07/12/2026;Backorder;China;Dec;2026;FERSA;32,54;63
(vazio);10022345001190;AAS 52387/52618;08/10/2026;07/12/2026;Backorder;China;Dec;2026;FERSA;32,01;32,01
(vazio);10010605001001;AAS 32314 F;08/10/2026;07/12/2026;Backorder;China;Dec;2026;FERSA;30,52;118,36
(vazio);14010956131001;AAS 6215 NR/C3;08/10/2026;07/12/2026;Backorder;China;Dec;2026;FERSA;30,2;122
(vazio);AS200038001501;6211 2RS/C3;08/10/2026;07/12/2026;Backorder;China;Dec;2026;A&S;29,8;78,4
(vazio);AS410092001501;NB0092;08/10/2026;07/12/2026;Backorder;China;Dec;2026;A&S;28,7;49,4
(vazio);AS100244001501;39590/20;08/10/2026;07/12/2026;Backorder;China;Dec;2026;A&S;28,2;124,8
(vazio);AS200039001501;6212 2RS/C3;08/10/2026;07/12/2026;Backorder;China;Dec;2026;A&S;28,13;81,38
(vazio);AS200043001501;62202 2RS/C3;08/10/2026;07/12/2026;Backorder;China;Dec;2026;A&S;27,28;42,64
(vazio);14010955111001;AAS 6214 2RS;08/10/2026;07/12/2026;Backorder;China;Dec;2026;FERSA;26,25;60,75
(vazio);10010261001001;AAS LM 11949/10;08/10/2026;07/12/2026;Backorder;China;Dec;2026;FERSA;25,54;38,5
(vazio);14010974171001;AAS 6313 C3;08/10/2026;07/12/2026;Backorder;China;Dec;2026;FERSA;25,44;77,76
(vazio);19011501001001;AAS NUP 211 FM/C3;08/10/2026;07/12/2026;Backorder;China;Dec;2026;FERSA;25,1;81,45
(vazio);15116009001124;AAS NKE_2207-K-2RS-TV-C3-MRO;08/10/2026;07/12/2026;Backorder;China;Dec;2026;NKE;23,79;95,8
(vazio);10010484001001;AAS 30214 F;08/10/2026;07/12/2026;Backorder;China;Dec;2026;FERSA;23,73;53,19
(vazio);17012941001124;AAS NKE_51210-MRO;08/10/2026;07/12/2026;Backorder;China;Dec;2026;NKE;22,72;74,4
(vazio);14010966131001;AAS 6306 2RS/C3;08/10/2026;07/12/2026;Backorder;China;Dec;2026;FERSA;22,43;51,03
(vazio);14026268111124;AAS NKE_6220-2RS2-C3-MRO;08/10/2026;07/12/2026;Backorder;China;Dec;2026;NKE;22,03;132,36
(vazio);14014785001124;AAS NKE_61806-2Z-C3-MRO;08/10/2026;07/12/2026;Backorder;China;Dec;2026;NKE;21,72;54,4
(vazio);AS100142001501;32020 X;08/10/2026;07/12/2026;Backorder;China;Dec;2026;A&S;21,34;68,04
(vazio);10010437001190;AAS 26882/26820;08/10/2026;07/12/2026;Backorder;China;Dec;2026;FERSA;21,3;29,28
(vazio);14019232001124;AAS NKE_6026-2RS-C3-MRO;08/10/2026;07/12/2026;Backorder;China;Dec;2026;NKE;21,2;113,6
(vazio);17012967001124;AAS NKE_51226-MRO;08/10/2026;07/12/2026;Backorder;China;Dec;2026;NKE;21,19;21,19
(vazio);14010973101001;AAS 6312;08/10/2026;07/12/2026;Backorder;China;Dec;2026;FERSA;21,11;31,85
(vazio);14012893001001;AAS F 18062;08/10/2026;07/12/2026;Backorder;China;Dec;2026;FERSA;21,04;39,12
(vazio);17012974001124;AAS NKE_51206-MRO;08/10/2026;07/12/2026;Backorder;China;Dec;2026;NKE;21,04;40,8
(vazio);10010459001190;AAS 29590/29522;08/10/2026;07/12/2026;Backorder;China;Dec;2026;FERSA;20,96;38,39
(vazio);15120133001124;AAS NKE_2205-K-TV-C3-MRO;08/10/2026;07/12/2026;Backorder;China;Dec;2026;NKE;20,96;56,24
(vazio);15115961001124;AAS NKE_1202-TV-C3-MRO;08/10/2026;07/12/2026;Backorder;China;Dec;2026;NKE;20,87;37,4
(vazio);14015280001113;AAS NKE_623-2Z-C3;08/10/2026;07/12/2026;Backorder;China;Dec;2026;NKE;20,8;28
(vazio);10010776001001;AAS LM 102949/10;08/10/2026;07/12/2026;Backorder;China;Dec;2026;FERSA;20,72;51,68
(vazio);14010957131001;AAS 6216 C3;08/10/2026;07/12/2026;Backorder;China;Dec;2026;FERSA;20,46;60,57
(vazio);14014617001113;AAS NKE_6014-2Z-C3;08/10/2026;07/12/2026;Backorder;China;Dec;2026;NKE;20,4;62,4
(vazio);19013406001124;AAS NKE_NU308-E-TVP3-C3-MRO;08/10/2026;07/12/2026;Backorder;China;Dec;2026;NKE;19,15;66,4
(vazio);10010515001001;AAS 31308 F;08/10/2026;07/12/2026;Backorder;China;Dec;2026;FERSA;18,56;49,14
(vazio);10022045001113;AAS NKE_32308;08/10/2026;07/12/2026;Backorder;China;Dec;2026;NKE;18,34;37,8
(vazio);14015491121124;AAS NKE_6318-2RS2-C3-MRO;08/10/2026;07/12/2026;Backorder;China;Dec;2026;NKE;17,97;33,94
(vazio);10010624001001;AAS 33020 F;08/10/2026;07/12/2026;Backorder;China;Dec;2026;FERSA;16,77;78,93
(vazio);17020911001124;AAS NKE_51316-MRO;08/10/2026;07/12/2026;Backorder;China;Dec;2026;NKE;16,35;16,35
(vazio);14010947141001;AAS 6206 ZZ;08/10/2026;07/12/2026;Backorder;China;Dec;2026;FERSA;16,2;24,6
(vazio);19020858001124;AAS NKE_NU1011-M-C4-MRO;08/10/2026;07/12/2026;Backorder;China;Dec;2026;NKE;16,11;72,88
(vazio);10010822001190;AAS LM 603049/14;08/10/2026;07/12/2026;Backorder;China;Dec;2026;FERSA;15,8;24,3
(vazio);14015216001113;AAS NKE_6220-2Z-C3;08/10/2026;07/12/2026;Backorder;China;Dec;2026;NKE;15,68;41,04
(vazio);19017718111124;AAS NKE_NU2311-E-TVP3-C3-MRO;08/10/2026;07/12/2026;Backorder;China;Dec;2026;NKE;15,06;39,18
(vazio);15011842001001;AAS F 16107;08/10/2026;07/12/2026;Backorder;China;Dec;2026;FERSA;14,94;25,88
(vazio);19013741111124;AAS NKE_NUP306-E-TVP3-MRO;08/10/2026;07/12/2026;Backorder;China;Dec;2026;NKE;14,52;42,24
(vazio);10010655001001;AAS 33215 F;08/10/2026;07/12/2026;Backorder;China;Dec;2026;FERSA;14,47;59,76
(vazio);23021197001124;AAS NKE_HK0609-MRO;08/10/2026;07/12/2026;Backorder;China;Dec;2026;NKE;14,18;16,52
(vazio);19011494001190;AAS NUP 206 FM;08/10/2026;07/12/2026;Backorder;China;Dec;2026;FERSA;13,94;55,52
(vazio);19013405001124;AAS NKE_NU2309-E-TVP3-C3-MRO;08/10/2026;07/12/2026;Backorder;China;Dec;2026;NKE;13,9;43,6
(vazio);10010553001001;AAS 32020 XF;08/10/2026;07/12/2026;Backorder;China;Dec;2026;FERSA;13,38;50,28
(vazio);16011520001001;AAS F 15118;08/10/2026;07/12/2026;Backorder;China;Dec;2026;FERSA;13,35;50,8
(vazio);10021945001113;AAS NKE_33213;08/10/2026;07/12/2026;Backorder;China;Dec;2026;NKE;12,46;37,84
(vazio);AS100074001501;33208;08/10/2026;07/12/2026;Backorder;China;Dec;2026;A&S;11,93;29,3
(vazio);17012957001124;AAS NKE_51209-MRO;08/10/2026;07/12/2026;Backorder;China;Dec;2026;NKE;11,79;27,9
(vazio);10010541001001;AAS 32010 XF;08/10/2026;07/12/2026;Backorder;China;Dec;2026;FERSA;11,76;11,76
(vazio);10010768001190;AAS HM 88542/10;08/10/2026;07/12/2026;Backorder;China;Dec;2026;FERSA;11,73;37,84
(vazio);10010520001001;AAS 31313 F;08/10/2026;07/12/2026;Backorder;China;Dec;2026;FERSA;11,66;34,64
(vazio);19016984001124;AAS NKE_NU2306-E-TVP3-C3-MRO;08/10/2026;07/12/2026;Backorder;China;Dec;2026;NKE;11,46;33,84
(vazio);14015316001113;AAS NKE_627-2Z;08/10/2026;07/12/2026;Backorder;China;Dec;2026;NKE;11,4;15,4
(vazio);AS100034001501;32209;08/10/2026;07/12/2026;Backorder;China;Dec;2026;A&S;11,03;27,27
(vazio);10010561001001;AAS 32206 F;08/10/2026;07/12/2026;Backorder;China;Dec;2026;FERSA;10,71;24,39
(vazio);14010972121001;AAS 6311 2RS/C3;08/10/2026;07/12/2026;Backorder;China;Dec;2026;FERSA;10,57;32,85
(vazio);17012954001124;AAS NKE_51116-MRO;08/10/2026;07/12/2026;Backorder;China;Dec;2026;NKE;10,57;31,99
(vazio);AS220036001501;BAC356437;08/10/2026;07/12/2026;Backorder;China;Dec;2026;A&S;10,53;28,24
(vazio);10010840001190;AAS HM 801346/10;08/10/2026;07/12/2026;Backorder;China;Dec;2026;FERSA;10,44;10,44
(vazio);17012977001124;AAS NKE_51306-MRO;08/10/2026;07/12/2026;Backorder;China;Dec;2026;NKE;10,33;26,64
(vazio);14514091001124;AAS NKE_3200-B-2Z-TV-MRO;08/10/2026;07/12/2026;Backorder;China;Dec;2026;NKE;10,2;25,6
(vazio);AS300273001501;NUP 304 EMC3;08/10/2026;07/12/2026;Backorder;China;Dec;2026;A&S;9,64;16,92
(vazio);17020908001124;AAS NKE_51313-MRO;08/10/2026;07/12/2026;Backorder;China;Dec;2026;NKE;9,5;26
(vazio);14010955141001;AAS 6214 ZZ;08/10/2026;07/12/2026;Backorder;China;Dec;2026;FERSA;9,47;22,41
(vazio);10010726001190;AAS 59162/59412;08/10/2026;07/12/2026;Backorder;China;Dec;2026;FERSA;9,29;21,87
(vazio);14015226111124;AAS NKE_6221-MRO;08/10/2026;07/12/2026;Backorder;China;Dec;2026;NKE;9,15;9,15
(vazio);AS100188001501;JL 68145/11 Z;08/10/2026;07/12/2026;Backorder;China;Dec;2026;A&S;9,07;16,56
(vazio);10010461001001;AAS 29685/29620;08/10/2026;07/12/2026;Backorder;China;Dec;2026;FERSA;8,7;22,8
(vazio);AS200632001501;62204 2RS;08/10/2026;07/12/2026;Backorder;China;Dec;2026;A&S;8,67;11,34
(vazio);10021944001113;AAS NKE_33116;08/10/2026;07/12/2026;Backorder;China;Dec;2026;NKE;8,59;8,59
(vazio);14014764001124;AAS NKE_61802-2Z-C3-MRO;08/10/2026;07/12/2026;Backorder;China;Dec;2026;NKE;8,48;9,92
(vazio);14010980121190;AAS 6403 2RS/C3;08/10/2026;07/12/2026;Backorder;China;Dec;2026;FERSA;8,36;13,08
(vazio);10010072001190;AAS 469/453 X;08/10/2026;07/12/2026;Backorder;China;Dec;2026;FERSA;8,24;14,48
(vazio);10010820001001;AAS LM 603049/11;08/10/2026;07/12/2026;Backorder;China;Dec;2026;FERSA;7,82;11,64
(vazio);14010940121001;AAS 6200 2RS/C3;08/10/2026;07/12/2026;Backorder;China;Dec;2026;FERSA;7,8;9,8
(vazio);14014991111124;AAS NKE_61921-MRO;08/10/2026;07/12/2026;Backorder;China;Dec;2026;NKE;7,75;7,75
(vazio);14316372001113;AAS NKE_GYE45-KRRB;08/10/2026;07/12/2026;Backorder;China;Dec;2026;NKE;7,75;19
(vazio);15011278001190;AAS 3207 B 2RS/C3;08/10/2026;07/12/2026;Backorder;China;Dec;2026;FERSA;7,26;17,04
(vazio);14014551111124;AAS NKE_6008-2RS2-C3-MRO;08/10/2026;07/12/2026;Backorder;China;Dec;2026;NKE;7,03;12,18
(vazio);10110657001001;CEM HM 518445;08/10/2026;07/12/2026;Backorder;China;Dec;2026;FERSA;7,03;7,03
(vazio);14014334001113;AAS NKE_16004-C3;08/10/2026;07/12/2026;Backorder;China;Dec;2026;NKE;6,86;9,65
(vazio);10010838001190;AAS JM 719149/13;08/10/2026;07/12/2026;Backorder;China;Dec;2026;FERSA;6,83;6,83
(vazio);17012949001124;AAS NKE_51117-MRO;08/10/2026;07/12/2026;Backorder;China;Dec;2026;NKE;6,56;13,68
(vazio);19017553111124;AAS NKE_NJ212-E-TVP3-C3-MRO;08/10/2026;07/12/2026;Backorder;China;Dec;2026;NKE;6,51;11,02
(vazio);10010465001001;AAS LM 29749/10;08/10/2026;07/12/2026;Backorder;China;Dec;2026;FERSA;6,4;8,8
(vazio);14010971101001;AAS 6310;08/10/2026;07/12/2026;Backorder;China;Dec;2026;FERSA;6,15;10,3
(vazio);15115994001124;AAS NKE_2205-2RS-TV-C3-MRO;08/10/2026;07/12/2026;Backorder;China;Dec;2026;NKE;5,8;11,2
(vazio);AS201195001501;3211 2RS/C3;08/10/2026;07/12/2026;Backorder;China;Dec;2026;A&S;5,72;9,44
(vazio);AS600027001501;GE40 DO 2RS;08/10/2026;07/12/2026;Backorder;China;Dec;2026;A&S;5,53;10,12
(vazio);AS200418001501;6310 Z/NR;08/10/2026;07/12/2026;Backorder;China;Dec;2026;A&S;5,36;8,72
(vazio);17012935001124;AAS NKE_51211-MRO;08/10/2026;07/12/2026;Backorder;China;Dec;2026;NKE;5,04;5,04
(vazio);17012930001124;AAS NKE_51111-MRO;08/10/2026;07/12/2026;Backorder;China;Dec;2026;NKE;4,9;8,7
(vazio);AS200960001501;5210 2RS;08/10/2026;07/12/2026;Backorder;China;Dec;2026;A&S;4,74;7,48
(vazio);15116026001124;AAS NKE_2206-K-2RS-TV-C3-MRO;08/10/2026;07/12/2026;Backorder;China;Dec;2026;NKE;4,66;7,32
(vazio);AS100065001501;33111;08/10/2026;07/12/2026;Backorder;China;Dec;2026;A&S;4,53;7,06
(vazio);14014485111124;AAS NKE_6002-2RS2-MRO;08/10/2026;07/12/2026;Backorder;China;Dec;2026;NKE;4,38;5,52
(vazio);14014573111124;AAS NKE_6010-2RS2-C3-MRO;08/10/2026;07/12/2026;Backorder;China;Dec;2026;NKE;3,71;5,42
(vazio);AS200669001501;6307 2Z/NR;08/10/2026;07/12/2026;Backorder;China;Dec;2026;A&S;3,33;4,66
(vazio);19013507111124;AAS NKE_NUP206-E-TVP3-C3-MRO;08/10/2026;07/12/2026;Backorder;China;Dec;2026;NKE;3,26;3,26
(vazio);14014598001113;AAS NKE_6012-2Z-C3;08/10/2026;07/12/2026;Backorder;China;Dec;2026;NKE;3,19;3,19
(vazio);15116022001124;AAS NKE_2204-TV-C3-MRO;08/10/2026;07/12/2026;Backorder;China;Dec;2026;NKE;3,02;3,02
(vazio);14015383001113;AAS NKE_6305-2RS2-C3;08/10/2026;07/12/2026;Backorder;China;Dec;2026;NKE;1,84;1,84
(vazio);10010704001001;AAS L 45449/L 45410;08/10/2026;07/12/2026;Backorder;China;Dec;2026;FERSA;1,75;1,75
(vazio);17012929001124;AAS NKE_51103-MRO;08/10/2026;07/12/2026;Backorder;China;Dec;2026;NKE;1,56;1,56
(vazio);AS100209001501;LM 67048/10;09/10/2026;08/12/2026;Backorder;China;Dec;2026;A&S;12246,65;18979,75
(vazio);AS200032001501;6205 2RS/C3;09/10/2026;08/12/2026;Backorder;China;Dec;2026;A&S;4432,39;6160,48
(vazio);AS100195001501;LM 11949/10;09/10/2026;08/12/2026;Backorder;China;Dec;2026;A&S;3044,6;4865,6
(vazio);AS200031001501;6204 2RS/C3;09/10/2026;08/12/2026;Backorder;China;Dec;2026;A&S;2398,33;3189,34
(vazio);AS200010001501;6004 2RS/C3;09/10/2026;08/12/2026;Backorder;China;Dec;2026;A&S;1353,56;1731,84
(vazio);AS200213001501;R8 2RS;09/10/2026;08/12/2026;Backorder;China;Dec;2026;A&S;1061,92;1305,03
(vazio);AS200085001501;6802 2RS/C3;09/10/2026;08/12/2026;Backorder;China;Dec;2026;A&S;688,18;811,84
(vazio);AS200112001501;6005 2RS/C3;09/10/2026;08/12/2026;Backorder;China;Dec;2026;A&S;665,35;897,75
(vazio);AS100005001501;30206;09/10/2026;08/12/2026;Backorder;China;Dec;2026;A&S;650,93;1254,5
(vazio);AS640003001501;UC206;09/10/2026;08/12/2026;Backorder;China;Dec;2026;A&S;493,94;969,24
(vazio);AS100003001501;30204;09/10/2026;08/12/2026;Backorder;China;Dec;2026;A&S;400,54;616
(vazio);AS410146001501;NB0146;09/10/2026;08/12/2026;Backorder;China;Dec;2026;A&S;380,96;744,8
(vazio);AS100211001501;M 12649/10;09/10/2026;08/12/2026;Backorder;China;Dec;2026;A&S;354,79;633,66
(vazio);AS100030001501;32205;09/10/2026;08/12/2026;Backorder;China;Dec;2026;A&S;318,61;590,92
(vazio);AS100396001501;JL 819349/10;09/10/2026;08/12/2026;Backorder;China;Dec;2026;A&S;303,01;1363,64
(vazio);AS400006001501;SN 2020;09/10/2026;08/12/2026;Backorder;China;Dec;2026;A&S;299,76;526,24
(vazio);AS640005001501;UC208;09/10/2026;08/12/2026;Backorder;China;Dec;2026;A&S;288,42;772,35
(vazio);AS100133001501;32010 X;09/10/2026;08/12/2026;Backorder;China;Dec;2026;A&S;279,44;682
(vazio);AS660020001501;TP00020;09/10/2026;08/12/2026;Backorder;China;Dec;2026;A&S;259,59;1425,45
(vazio);AS100065001501;33111;09/10/2026;08/12/2026;Backorder;China;Dec;2026;A&S;233,06;804,84
(vazio);11026181101190;AAS F 15525;09/10/2026;08/12/2026;Backorder;China;Dec;2026;FERSA;218,58;3916
(vazio);AS100132001501;32009 X;09/10/2026;08/12/2026;Backorder;China;Dec;2026;A&S;216,48;460,08
(vazio);14014545111124;AAS NKE_6007-2Z-C3-MRO;09/10/2026;08/12/2026;Backorder;China;Dec;2026;NKE;210,76;392,92
(vazio);14014702001113;AAS NKE_607-2RSR-C3;09/10/2026;08/12/2026;Backorder;China;Dec;2026;NKE;200,5;300
(vazio);AS100031001501;32206;09/10/2026;08/12/2026;Backorder;China;Dec;2026;A&S;197,7;458,25
(vazio);AS100007001501;30208;09/10/2026;08/12/2026;Backorder;China;Dec;2026;A&S;185,34;430,56
(vazio);AS100244001501;39590/20;09/10/2026;08/12/2026;Backorder;China;Dec;2026;A&S;184,2;936
(vazio);AS100122001501;31594/20;09/10/2026;08/12/2026;Backorder;China;Dec;2026;A&S;168,42;604,73
(vazio);10010796001001;AAS HM 218248/10;09/10/2026;08/12/2026;Backorder;China;Dec;2026;FERSA;168,4;1092,96
(vazio);AS100034001501;32209;09/10/2026;08/12/2026;Backorder;China;Dec;2026;A&S;168,09;490,86
(vazio);AS100277001501;JLM 104948/10;09/10/2026;08/12/2026;Backorder;China;Dec;2026;A&S;164,64;916,63
(vazio);AS100142001501;32020 X;09/10/2026;08/12/2026;Backorder;China;Dec;2026;A&S;161,34;861,84
(vazio);10010506001001;AAS 30312 F;09/10/2026;08/12/2026;Backorder;China;Dec;2026;FERSA;144,86;1038,83
(vazio);AS200038001501;6211 2RS/C3;09/10/2026;08/12/2026;Backorder;China;Dec;2026;A&S;143,8;397,6
(vazio);AS640219001501;S 205 KRR2;09/10/2026;08/12/2026;Backorder;China;Dec;2026;A&S;117,3;266,8
(vazio);AS100022001501;30308;09/10/2026;08/12/2026;Backorder;China;Dec;2026;A&S;114,92;329,96
(vazio);AS640007001501;UC210;09/10/2026;08/12/2026;Backorder;China;Dec;2026;A&S;108,11;340,37
(vazio);AS100638001501;42368/42584;09/10/2026;08/12/2026;Backorder;China;Dec;2026;A&S;107,98;789,57
(vazio);AS100002001501;30203;09/10/2026;08/12/2026;Backorder;China;Dec;2026;A&S;100,63;163
(vazio);AS100008001501;30209;09/10/2026;08/12/2026;Backorder;China;Dec;2026;A&S;94,56;238,08
(vazio);AS100129001501;32007 X;09/10/2026;08/12/2026;Backorder;China;Dec;2026;A&S;87,15;184,9
(vazio);AS100192001501;LM 104949/11;09/10/2026;08/12/2026;Backorder;China;Dec;2026;A&S;87,04;219,76
(vazio);AS600024001501;GE31 ZO 2RS;09/10/2026;08/12/2026;Backorder;China;Dec;2026;A&S;84,56;201,6
(vazio);10010646001001;AAS 33207 F;09/10/2026;08/12/2026;Backorder;China;Dec;2026;FERSA;83,6;514,8
(vazio);AS100134001501;32011 X;09/10/2026;08/12/2026;Backorder;China;Dec;2026;A&S;83,44;217,6
(vazio);AS100149001501;387 A/382 A;09/10/2026;08/12/2026;Backorder;China;Dec;2026;A&S;78,58;272,08
(vazio);14010940121001;AAS 6200 2RS/C3;09/10/2026;08/12/2026;Backorder;China;Dec;2026;FERSA;77,4;107,8
(vazio);10010543001001;AAS 32011 XF;09/10/2026;08/12/2026;Backorder;China;Dec;2026;FERSA;74,4;250,8
(vazio);15115945001124;AAS NKE_1206-TV-C3-MRO;09/10/2026;08/12/2026;Backorder;China;Dec;2026;NKE;73,3;165,6
(vazio);AS640027001501;G206 V22 3L;09/10/2026;08/12/2026;Backorder;China;Dec;2026;A&S;68,5;167,5
(vazio);AS600022001501;GE25 ZO 2RS;09/10/2026;08/12/2026;Backorder;China;Dec;2026;A&S;68,3;136,5
(vazio);10010476001001;AAS 30208 F;09/10/2026;08/12/2026;Backorder;China;Dec;2026;FERSA;65,39;184,67
(vazio);14514266001124;AAS NKE_3207-B-2RS-TV-C3-MRO;09/10/2026;08/12/2026;Backorder;China;Dec;2026;NKE;65,03;361,8
(vazio);AS600020001501;GE20 DO 2RS;09/10/2026;08/12/2026;Backorder;China;Dec;2026;A&S;63,28;101,68
(vazio);14021096001001;AAS F 18066;09/10/2026;08/12/2026;Backorder;China;Dec;2026;FERSA;62,6;184,6
(vazio);23016057001124;AAS NKE_HK1816-MRO;09/10/2026;08/12/2026;Backorder;China;Dec;2026;NKE;60,28;76,8
(vazio);AS640001001501;UC204;09/10/2026;08/12/2026;Backorder;China;Dec;2026;A&S;59,92;95,12
(vazio);AS640008001501;UC211;09/10/2026;08/12/2026;Backorder;China;Dec;2026;A&S;59,18;203
(vazio);AS400036001501;SN 2016;09/10/2026;08/12/2026;Backorder;China;Dec;2026;A&S;58,54;89,32
(vazio);15011365001001;AAS F 16074;09/10/2026;08/12/2026;Backorder;China;Dec;2026;FERSA;58,47;342,91
(vazio);AS100181001501;HM 807046/10;09/10/2026;08/12/2026;Backorder;China;Dec;2026;A&S;56,88;279,18
(vazio);AS100194001501;LM 11749/10;09/10/2026;08/12/2026;Backorder;China;Dec;2026;A&S;56,56;87,36
(vazio);AS200034001501;6207 2RS/C3;09/10/2026;08/12/2026;Backorder;China;Dec;2026;A&S;54,87;100,98
(vazio);AS100050001501;32307;09/10/2026;08/12/2026;Backorder;China;Dec;2026;A&S;52,5;157,5
(vazio);AS100074001501;33208;09/10/2026;08/12/2026;Backorder;China;Dec;2026;A&S;51,93;146,5
(vazio);10010600001001;AAS 32312 BF;09/10/2026;08/12/2026;Backorder;China;Dec;2026;FERSA;51,08;342,24
(vazio);14014542111124;AAS NKE_6007-2RS2-C3-MRO;09/10/2026;08/12/2026;Backorder;China;Dec;2026;NKE;50,89;94,5
(vazio);19011418001001;AAS F 19013;09/10/2026;08/12/2026;Backorder;China;Dec;2026;FERSA;49,32;278,08
(vazio);AS640014001501;ORAE 30 NPPB;09/10/2026;08/12/2026;Backorder;China;Dec;2026;A&S;49,18;104,64
(vazio);15120118001124;AAS NKE_1222-K-C3-MRO;09/10/2026;08/12/2026;Backorder;China;Dec;2026;NKE;48,92;48,92
(vazio);AS100080001501;33214;09/10/2026;08/12/2026;Backorder;China;Dec;2026;A&S;48,35;235,4
(vazio);AS640011001501;UC214;09/10/2026;08/12/2026;Backorder;China;Dec;2026;A&S;44,3;102,9
(vazio);17012975001124;AAS NKE_51208-MRO;09/10/2026;08/12/2026;Backorder;China;Dec;2026;NKE;41,77;110,8
(vazio);15115999001124;AAS NKE_2204-2RS-TV-C3-MRO;09/10/2026;08/12/2026;Backorder;China;Dec;2026;NKE;41,4;96
(vazio);AS200960001501;5210 2RS;09/10/2026;08/12/2026;Backorder;China;Dec;2026;A&S;40,74;142,12
(vazio);AS600021001501;GE25 DO 2RS;09/10/2026;08/12/2026;Backorder;China;Dec;2026;A&S;38,6;66,6
(vazio);10010575001001;AAS 32217 F;09/10/2026;08/12/2026;Backorder;China;Dec;2026;FERSA;37,38;193,8
(vazio);AS100049001501;32306;09/10/2026;08/12/2026;Backorder;China;Dec;2026;A&S;35,97;89,7
(vazio);23021206001124;AAS NKE_HK1210-MRO;09/10/2026;08/12/2026;Backorder;China;Dec;2026;NKE;34,33;45,22
(vazio);AS640069001501;GSK104-207KRRB;09/10/2026;08/12/2026;Backorder;China;Dec;2026;A&S;33,37;104,47
(vazio);AS210112001501;BB00112;09/10/2026;08/12/2026;Backorder;China;Dec;2026;A&S;33,06;121,8
(vazio);AS100394001501;32018 X;09/10/2026;08/12/2026;Backorder;China;Dec;2026;A&S;32,74;160,72
(vazio);AS100359001501;2689/31;09/10/2026;08/12/2026;Backorder;China;Dec;2026;A&S;31,8;86,4
(vazio);14014945001124;AAS NKE_61909-2RSR-MRO;09/10/2026;08/12/2026;Backorder;China;Dec;2026;NKE;31,53;75,9
(vazio);15011854001001;AAS F 16200;09/10/2026;08/12/2026;Backorder;China;Dec;2026;FERSA;29,88;126,88
(vazio);14015535001124;AAS NKE_6404-C3-MRO;09/10/2026;08/12/2026;Backorder;China;Dec;2026;NKE;29,8;85
(vazio);14516575001124;AAS NKE_3306-B-2RS-TV-C3-MRO;09/10/2026;08/12/2026;Backorder;China;Dec;2026;NKE;27,43;106,32
(vazio);14516648001124;AAS NKE_3309-B-2RS-TV-C3-MRO;09/10/2026;08/12/2026;Backorder;China;Dec;2026;NKE;26,94;158,8
(vazio);14514291001124;AAS NKE_3305-B-2RS-TV-C3-MRO;09/10/2026;08/12/2026;Backorder;China;Dec;2026;NKE;26,5;84
(vazio);14015241121124;AAS NKE_6222-2RS2-C3-MRO;09/10/2026;08/12/2026;Backorder;China;Dec;2026;NKE;26,24;182,88
(vazio);10020654001124;AAS NKE_30222-MRO;09/10/2026;08/12/2026;Backorder;China;Dec;2026;NKE;24,73;86,92
(vazio);14514250001124;AAS NKE_3207-B-2Z-TV-C3-MRO;09/10/2026;08/12/2026;Backorder;China;Dec;2026;NKE;24,67;113,4
(vazio);14516516001113;AAS NKE_7204-BE-TVP;09/10/2026;08/12/2026;Backorder;China;Dec;2026;NKE;23,93;64,46
(vazio);19013719001124;AAS NKE_NJ309-E-TVP3-MRO;09/10/2026;08/12/2026;Backorder;China;Dec;2026;NKE;23,1;109,8
(vazio);AS230120001501;WB42770039BBM;09/10/2026;08/12/2026;Backorder;China;Dec;2026;A&S;22,55;46,8
(vazio);14514275001124;AAS NKE_3308-B-2RS-TV-C3-MRO;09/10/2026;08/12/2026;Backorder;China;Dec;2026;NKE;22,31;107,27
(vazio);AS120015001501;WB30620048RB;09/10/2026;08/12/2026;Backorder;China;Dec;2026;A&S;22,27;106,59
(vazio);AS640045001501;GRAE 60 NPPB 3L;09/10/2026;08/12/2026;Backorder;China;Dec;2026;A&S;22,27;116,32
(vazio);10010470001001;AAS 30205 F;09/10/2026;08/12/2026;Backorder;China;Dec;2026;FERSA;21,95;40,95
(vazio);AS200033001501;6206 2RS/C3;09/10/2026;08/12/2026;Backorder;China;Dec;2026;A&S;20,56;31,2
(vazio);14010925131001;AAS 6005 2RS/C3;09/10/2026;08/12/2026;Backorder;China;Dec;2026;FERSA;19,52;28,88
(vazio);10010768001190;AAS HM 88542/10;09/10/2026;08/12/2026;Backorder;China;Dec;2026;FERSA;18,73;70,95
(vazio);14514251001124;AAS NKE_3308-B-2Z-TV-C3-MRO;09/10/2026;08/12/2026;Backorder;China;Dec;2026;NKE;18,27;92,7
(vazio);14014368001124;AAS NKE_16009-2RSR-MRO;09/10/2026;08/12/2026;Backorder;China;Dec;2026;NKE;17,6;41,6
(vazio);AS210071001501;BB00071;09/10/2026;08/12/2026;Backorder;China;Dec;2026;A&S;16,74;23,7
(vazio);AS100141001501;32019 X;09/10/2026;08/12/2026;Backorder;China;Dec;2026;A&S;16,68;73,48
(vazio);14514264001124;AAS NKE_3205-B-2RS-TV-C3-MRO;09/10/2026;08/12/2026;Backorder;China;Dec;2026;NKE;16,26;45,64
(vazio);AS600019001501;GE50 DO;09/10/2026;08/12/2026;Backorder;China;Dec;2026;A&S;15,72;23,44
(vazio);14015342001124;AAS NKE_63008-2RSR-MRO;09/10/2026;08/12/2026;Backorder;China;Dec;2026;NKE;13,99;35,88
(vazio);AS100189001501;L 68149/11;09/10/2026;08/12/2026;Backorder;China;Dec;2026;A&S;13,48;18,7
(vazio);AS100317001501;HM 89449/10;09/10/2026;08/12/2026;Backorder;China;Dec;2026;A&S;12,41;34,1
(vazio);19013403001124;AAS NKE_NUP205-E-TVP3-C3-MRO;09/10/2026;08/12/2026;Backorder;China;Dec;2026;NKE;12,18;41,44
(vazio);AS600027001501;GE40 DO 2RS;09/10/2026;08/12/2026;Backorder;China;Dec;2026;A&S;12,06;22,77
(vazio);14015262001124;AAS NKE_62304-2RSR-MRO;09/10/2026;08/12/2026;Backorder;China;Dec;2026;NKE;11,66;20,97
(vazio);14014872001124;AAS NKE_61824-2RSR-C3-MRO;09/10/2026;08/12/2026;Backorder;China;Dec;2026;NKE;11,65;11,65
(vazio);14019196001124;AAS NKE_62201-2RSR-C3-MRO;09/10/2026;08/12/2026;Backorder;China;Dec;2026;NKE;10,58;16,11
(vazio);11012014001001;AAS F 15218;09/10/2026;08/12/2026;Backorder;China;Dec;2026;FERSA;10,26;18,52
(vazio);23021485001124;AAS NKE_NKI50/35-MRO;09/10/2026;08/12/2026;Backorder;China;Dec;2026;NKE;10,06;30,36
(vazio);23020990001124;AAS NKE_NA4907-2RSR-MRO;09/10/2026;08/12/2026;Backorder;China;Dec;2026;NKE;9,83;26,81
(vazio);10010640001001;AAS 33118 F;09/10/2026;08/12/2026;Backorder;China;Dec;2026;FERSA;9,71;9,71
(vazio);23012585001001;AAS F 17062 K;09/10/2026;08/12/2026;Backorder;China;Dec;2026;FERSA;9,55;27,75
(vazio);10010643001001;AAS 33205 F;09/10/2026;08/12/2026;Backorder;China;Dec;2026;FERSA;9,51;20,08
(vazio);14316347001190;AAS GE40-KRRB;09/10/2026;08/12/2026;Backorder;China;Dec;2026;FERSA;9,5;27
(vazio);14014967001124;AAS NKE_61914-2RSR-C3-MRO;09/10/2026;08/12/2026;Backorder;China;Dec;2026;NKE;9,3;25,8
(vazio);AS100081001501;33215;09/10/2026;08/12/2026;Backorder;China;Dec;2026;A&S;9,24;24,96
(vazio);14010963151001;AAS 6303 ZZ/C3;09/10/2026;08/12/2026;Backorder;China;Dec;2026;FERSA;8,96;11,84
(vazio);14014586111124;AAS NKE_6011-2RS2-MRO;09/10/2026;08/12/2026;Backorder;China;Dec;2026;NKE;8,72;19,04
(vazio);14014862001124;AAS NKE_61821-2RSR-C3-MRO;09/10/2026;08/12/2026;Backorder;China;Dec;2026;NKE;8,67;8,67
(vazio);AS100332001501;M 84249/10;09/10/2026;08/12/2026;Backorder;China;Dec;2026;A&S;8,12;8,12
(vazio);14014988001124;AAS NKE_61920-2RSR-C3-MRO;09/10/2026;08/12/2026;Backorder;China;Dec;2026;NKE;8;8
(vazio);23012817001001;AAS F 17084 K;09/10/2026;08/12/2026;Backorder;China;Dec;2026;FERSA;7,76;19,04
(vazio);14014483111124;AAS NKE_6002-MRO;09/10/2026;08/12/2026;Backorder;China;Dec;2026;NKE;7,3;9,1
(vazio);AS600026001501;GE38 ZO 2RS;09/10/2026;08/12/2026;Backorder;China;Dec;2026;A&S;7,29;17,16
(vazio);14019722001124;AAS NKE_61810-2Z-C3-MRO;09/10/2026;08/12/2026;Backorder;China;Dec;2026;NKE;6,98;14,9
(vazio);AS100079001501;33213;09/10/2026;08/12/2026;Backorder;China;Dec;2026;A&S;6,52;6,52
(vazio);14015267001124;AAS NKE_62307-2RSR-MRO;09/10/2026;08/12/2026;Backorder;China;Dec;2026;NKE;6,45;10,9
(vazio);AS200418001501;6310 Z/NR;09/10/2026;08/12/2026;Backorder;China;Dec;2026;A&S;6,36;13,08
(vazio);AS310093001501;CR00092;09/10/2026;08/12/2026;Backorder;China;Dec;2026;A&S;6,36;8,04
(vazio);AS100271001501;33116;09/10/2026;08/12/2026;Backorder;China;Dec;2026;A&S;6,22;10,44
(vazio);15115997151124;AAS NKE_2308-TV-C3-MRO;09/10/2026;08/12/2026;Backorder;China;Dec;2026;NKE;6,08;6,08
(vazio);AS100395001501;47487/20;09/10/2026;08/12/2026;Backorder;China;Dec;2026;A&S;6,02;6,02
(vazio);AS400076001501;SCH 2220;09/10/2026;08/12/2026;Backorder;China;Dec;2026;A&S;3,99;5,97
(vazio);AS400004001501;SCH 1616;09/10/2026;08/12/2026;Backorder;China;Dec;2026;A&S;3,69;5,07
(vazio);AS200669001501;6307 2Z/NR;09/10/2026;08/12/2026;Backorder;China;Dec;2026;A&S;3,33;4,66
(vazio);AS100107001501;25877/21;09/10/2026;08/12/2026;Backorder;China;Dec;2026;A&S;2,79;2,79
(vazio);10010385001001;AAS 15118/15250 X;09/10/2026;08/12/2026;Backorder;China;Dec;2026;FERSA;2,76;2,76
(vazio);AS100276001501;1280/20;09/10/2026;08/12/2026;Backorder;China;Dec;2026;A&S;2,6;2,6
(vazio);23021382001124;AAS NKE_NK10/16-MRO;09/10/2026;08/12/2026;Backorder;China;Dec;2026;NKE;2,51;3,02
(vazio);14014561121124;AAS NKE_6009-2RS2-MRO;09/10/2026;08/12/2026;Backorder;China;Dec;2026;NKE;2,37;2,37
(vazio);AS310094001501;CR00093;09/10/2026;08/12/2026;Backorder;China;Dec;2026;A&S;2,36;2,36
(vazio);14014541111124;AAS NKE_6007-2RS2-MRO;09/10/2026;08/12/2026;Backorder;China;Dec;2026;NKE;1,86;1,86
(vazio);14014539111124;AAS NKE_6007-MRO;09/10/2026;08/12/2026;Backorder;China;Dec;2026;NKE;1,81;1,81
(vazio);64010126001124;AAS NKE_KM10-MRO;09/10/2026;08/12/2026;Backorder;China;Dec;2026;NKE;1,81;1,81
(vazio);14015346111124;AAS NKE_6301-MRO;09/10/2026;08/12/2026;Backorder;China;Dec;2026;NKE;1,53;1,53
30229545;19017850001296;AAS NKE_NU312-E-TVP3;20/10/2026;10/12/2026;Transit;Austria;Dec;2026;NKE;93;3233,56
30229545;28020392001113;AAS NKE_22311-E-K-C3-W33;20/10/2026;10/12/2026;Transit;Austria;Dec;2026;NKE;11;288,97
30229572 - Aereo;10015752001113;AAS NKE_32312;20/10/2026;10/12/2026;Transit;Austria;Dec;2026;NKE;10;144,4
30229545;19013866001124;AAS NKE_NCF3012-V-C3-MRO;20/10/2026;10/12/2026;Transit;Austria;Dec;2026;NKE;8;106,16
30229545;19018747001296;AAS NKE_NUP228-E-M6;20/10/2026;10/12/2026;Transit;Austria;Dec;2026;NKE;6;781,68
30229545;17012940001113;AAS NKE_51120;20/10/2026;10/12/2026;Transit;Austria;Dec;2026;NKE;4;44,12
30229545;19017487001296;AAS NKE_NU211-E-TVP3;20/10/2026;10/12/2026;Transit;Austria;Dec;2026;NKE;4;64,28
30229545;19017529001296;AAS NKE_NU310-E-TVP3-C3;20/10/2026;10/12/2026;Transit;Austria;Dec;2026;NKE;4;96,52
30229545;19017980001296;AAS NKE_NU2313-E-TVP3-C3;20/10/2026;10/12/2026;Transit;Austria;Dec;2026;NKE;4;155,44
30229545;19017507001296;AAS NKE_NJ211-E-TVP3;20/10/2026;10/12/2026;Transit;Austria;Dec;2026;NKE;2;34,78
30229545;19017629001296;AAS NKE_NUP213-E-TVP3-C3;20/10/2026;10/12/2026;Transit;Austria;Dec;2026;NKE;2;35,24
30229545;19017798001296;AAS NKE_NJ215-E-TVP3-C3;20/10/2026;10/12/2026;Transit;Austria;Dec;2026;NKE;2;55,72
30229545;19017952001113;AAS NKE_NJ313-E-TVP3-C4;20/10/2026;10/12/2026;Transit;Austria;Dec;2026;NKE;2;50,66
30229545;19018207001296;AAS NKE_NU316-E-TVP3-C3;20/10/2026;10/12/2026;Transit;Austria;Dec;2026;NKE;2;92,28
30229545;19018551001296;AAS NKE_NJ320-E-MPA-C3;20/10/2026;10/12/2026;Transit;Austria;Dec;2026;NKE;2;209,6
30229572 - Aereo;10010656001113;AAS NKE_33216;20/10/2026;10/12/2026;Transit;Austria;Dec;2026;NKE;2;48,6
30229545;19018018001296;AAS NKE_NUP314-E-TVP3-C3;20/10/2026;10/12/2026;Transit;Austria;Dec;2026;NKE;1;34,86
26FAV03094 ;PF200126001801;PFI 6205-2RS C3;10/10/2026;15/12/2026;Transit;China;Dec;2026;PFI;6300;2835
26FAV03094 ;PF100006001801;PFI 30207;10/10/2026;15/12/2026;Transit;China;Dec;2026;PFI;1620;2073,6
26FAV03094 ;PF100002001801;PFI 30203;10/10/2026;15/12/2026;Transit;China;Dec;2026;PFI;1500;1080
26FAV03094 ;PF200081001801;PFI 608-2RS C3;10/10/2026;15/12/2026;Transit;China;Dec;2026;PFI;1200;168
26FAV03094 ;PF100005001801;PFI 30206;10/10/2026;15/12/2026;Transit;China;Dec;2026;PFI;1180;1250,8
26FAV03094 ;PF640016001801;PFI 208KRR4 C3;10/10/2026;15/12/2026;Transit;China;Dec;2026;PFI;810;1830,6
26FAV03094 ;PF230022001801;PW35680037CS;10/10/2026;15/12/2026;Transit;China;Dec;2026;PFI;696;2011,44
26FAV03094 ;PF220016001801;PC30550023CS;10/10/2026;15/12/2026;Transit;China;Dec;2026;PFI;640;1260,8
26FAV03094 ;PF200237001801;PFI 6902-2RS C3;10/10/2026;15/12/2026;Transit;China;Dec;2026;PFI;500;130
26FAV03094 ;PF200090001801;PFI 6200-2RS C3;10/10/2026;15/12/2026;Transit;China;Dec;2026;PFI;400;88
26FAV03094 ;PF210042001801;PFI BB1-0078;10/10/2026;15/12/2026;Transit;China;Dec;2026;PFI;360;378
26FAV03094 ;PF210075001801;PFI B17-92D;10/10/2026;15/12/2026;Transit;China;Dec;2026;PFI;360;154,8
26FAV03094 ;PF230073001801;PW37720437CSM96V2;10/10/2026;15/12/2026;Transit;China;Dec;2026;PFI;359;1260,09
26FAV03094 ;PF200238001801;PFI 6903-2RS C3;10/10/2026;15/12/2026;Transit;China;Dec;2026;PFI;300;93
26FAV03094 ;PF200058001801;PFI 6003DW;10/10/2026;15/12/2026;Transit;China;Dec;2026;PFI;280;75,6
26FAV03094 ;PF200035001801;PFI 5304-2RS C3;10/10/2026;15/12/2026;Transit;China;Dec;2026;PFI;280;585,2
26FAV03094 ;PF200104001801;PFI 6202-ZZ C3;10/10/2026;15/12/2026;Transit;China;Dec;2026;PFI;250;57,5
26FAV03094 ;PF200033001801;PFI 5210-2RS C3;10/10/2026;15/12/2026;Transit;China;Dec;2026;PFI;240;1224
26FAV03094 ;PF200024001801;PFI 5203-2RS C3;10/10/2026;15/12/2026;Transit;China;Dec;2026;PFI;240;386,4
26FAV03094 ;PF230029001801;PW27550032CS;10/10/2026;15/12/2026;Transit;China;Dec;2026;PFI;239;609,45
26FAV03094 ;PF200071001801;PFI 6010-2RS C3;10/10/2026;15/12/2026;Transit;China;Dec;2026;PFI;200;244
26FAV03094 ;PF200192001801;PFI 6303-2RS C3;10/10/2026;15/12/2026;Transit;China;Dec;2026;PFI;200;84
26FAV03094 ;PF200225001801;PFI 6803-2RS C3;10/10/2026;15/12/2026;Transit;China;Dec;2026;PFI;200;42
26FAV03094 ;PF220024001801;PC35500020CS;10/10/2026;15/12/2026;Transit;China;Dec;2026;PFI;200;400
26FAV03094 ;PF200047001801;PFI 6001-2RS C3;10/10/2026;15/12/2026;Transit;China;Dec;2026;PFI;200;36
26FAV03094 ;PF100180001801;PFI 3780/20;10/10/2026;15/12/2026;Transit;China;Dec;2026;PFI;180;531
26FAV03094 ;PF900198001801;PW35660033CSMK;10/10/2026;15/12/2026;Transit;China;Dec;2026;PFI;170;606,9
26FAV03094 ;PF200194001801;PFI 6304-2RS C3;10/10/2026;15/12/2026;Transit;China;Dec;2026;PFI;160;104
26FAV03094 ;PF100234001801;PFI L44643/10;10/10/2026;15/12/2026;Transit;China;Dec;2026;PFI;120;87,6
26FAV03094 ;PF100050001801;PFI 32217;10/10/2026;15/12/2026;Transit;China;Dec;2026;PFI;108;740,88
26FAV03094 ;PF100221001801;PFI HM89249/10;10/10/2026;15/12/2026;Transit;China;Dec;2026;PFI;100;287
26FAV03094 ;PF210034001801;PFI B17-126D;10/10/2026;15/12/2026;Transit;China;Dec;2026;PFI;100;118
26FAV03094 ;PF200044001801;PFI 60/32-2RS C3;10/10/2026;15/12/2026;Transit;China;Dec;2026;PFI;100;101
26FAV03094 ;PF200057001801;PFI 6000-ZZ C3;10/10/2026;15/12/2026;Transit;China;Dec;2026;PFI;100;19
26FAV03094 ;PF100242001801;PFI LM104949/JLM104910;10/10/2026;15/12/2026;Transit;China;Dec;2026;PFI;100;206
26FAV03094 ;PF200083001801;PFI 609-2RS C3;10/10/2026;15/12/2026;Transit;China;Dec;2026;PFI;100;21
26FAV03094 ;PF100194001801;PFI 3984/20;10/10/2026;15/12/2026;Transit;China;Dec;2026;PFI;90;308,7
26FAV03094 ;PF200145001801;PFI 6212-2RS C3;10/10/2026;15/12/2026;Transit;China;Dec;2026;PFI;90;270,9
26FAV03094 ;PF100123001801;PFI 18590/20;10/10/2026;15/12/2026;Transit;China;Dec;2026;PFI;80;114,4
26FAV03094 ;PF200198001801;PFI 6305-2RS C3;10/10/2026;15/12/2026;Transit;China;Dec;2026;PFI;80;60
26FAV03094 ;PF100175001801;PFI 33287/462;10/10/2026;15/12/2026;Transit;China;Dec;2026;PFI;70;307,3
26FAV03094 ;PF110014001801;PTR070904;10/10/2026;15/12/2026;Transit;China;Dec;2026;PFI;60;263,4
26FAV03094 ;PF200073001801;PFI 6012-2RS C3;10/10/2026;15/12/2026;Transit;China;Dec;2026;PFI;60;111,6
26FAV03094 ;PF200244001801;PFI 6908-2RS C3;10/10/2026;15/12/2026;Transit;China;Dec;2026;PFI;60;67,2
26FAV03094 ;PF200172001801;PFI 63/22-2RS C3;10/10/2026;15/12/2026;Transit;China;Dec;2026;PFI;60;54,6
26FAV03094 ;PF200248001801;PFI 698-2RS C3;10/10/2026;15/12/2026;Transit;China;Dec;2026;PFI;60;12,6
26FAV03094 ;PF200176001801;PFI 63/28-X1;10/10/2026;15/12/2026;Transit;China;Dec;2026;PFI;60;115,2
26FAV03094 ;PF200088001801;PFI 62/32-2RS C3;10/10/2026;15/12/2026;Transit;China;Dec;2026;PFI;60;69
26FAV03094 ;PF100003001801;PFI 30204;10/10/2026;15/12/2026;Transit;China;Dec;2026;PFI;60;44,4
26FAV03094 ;PF100139001801;PFI 28580/21;10/10/2026;15/12/2026;Transit;China;Dec;2026;PFI;50;151
26FAV03094 ;PF200164001801;PFI 62309-2RS C3;10/10/2026;15/12/2026;Transit;China;Dec;2026;PFI;50;207,5
26FAV03094 ;PF410002001801;PFI NB-101;10/10/2026;15/12/2026;Transit;China;Dec;2026;PFI;50;7,5
26FAV03094 ;PF410016001801;PFI F212285.2;10/10/2026;15/12/2026;Transit;China;Dec;2026;PFI;50;26
26FAV03094 ;PF100158001801;PFI 32008/72;10/10/2026;15/12/2026;Transit;China;Dec;2026;PFI;40;86
26FAV03094 ;PF100164001801;PFI 32014X;10/10/2026;15/12/2026;Transit;China;Dec;2026;PFI;40;116
26FAV03094 ;PF200030001801;PFI 5207-2RS C3;10/10/2026;15/12/2026;Transit;China;Dec;2026;PFI;40;104
26FAV03094 ;PF200072001801;PFI 6011-2RS C3;10/10/2026;15/12/2026;Transit;China;Dec;2026;PFI;40;70
26FAV03094 ;PF200234001801;PFI 689-2RS C3;10/10/2026;15/12/2026;Transit;China;Dec;2026;PFI;40;8,4
26FAV03094 ;PF210029001801;PFI B15-69D;10/10/2026;15/12/2026;Transit;China;Dec;2026;PFI;40;19,6
26FAV03094 ;PF200152001801;PFI 62205-2RS C3;10/10/2026;15/12/2026;Transit;China;Dec;2026;PFI;40;26,8
26FAV03094 ;PF200240001801;PFI 6904DW;10/10/2026;15/12/2026;Transit;China;Dec;2026;PFI;40;32,8
26FAV03094 ;PF900194001801;PMR111877;10/10/2026;15/12/2026;Transit;China;Dec;2026;PFI;40;86
26FAV03094 ;PF100056001801;PFI 32305;10/10/2026;15/12/2026;Transit;China;Dec;2026;PFI;40;66
26FAV03094 ;PF640004001801;RAE35NPP-3L;10/10/2026;15/12/2026;Transit;China;Dec;2026;PFI;40;104
26FAV03094 ;PF210049001801;PFI 949100-3660;10/10/2026;15/12/2026;Transit;China;Dec;2026;PFI;40;17,2
26FAV03094 ;PF100016001801;PFI 30217;10/10/2026;15/12/2026;Transit;China;Dec;2026;PFI;36;187,92
26FAV03094 ;PF100213001801;PFI HM518445/10;10/10/2026;15/12/2026;Transit;China;Dec;2026;PFI;32;228,16
26FAV03094 ;PF100037001801;PFI 32204;10/10/2026;15/12/2026;Transit;China;Dec;2026;PFI;30;28,5
26FAV03094 ;PF200076001801;PFI 6015-2RS C3;10/10/2026;15/12/2026;Transit;China;Dec;2026;PFI;30;95,7
26FAV03094 ;PF100195001801;PFI 399A/4A;10/10/2026;15/12/2026;Transit;China;Dec;2026;PFI;30;114
26FAV03094 ;PF100205001801;PFI 594A/2A;10/10/2026;15/12/2026;Transit;China;Dec;2026;PFI;24;168
26FAV03094 ;PF100033001801;PFI 30314;10/10/2026;15/12/2026;Transit;China;Dec;2026;PFI;20;142,6
26FAV03094 ;PF100066001801;PFI 33005;10/10/2026;15/12/2026;Transit;China;Dec;2026;PFI;20;26
26FAV03094 ;PF100163001801;PFI 32013X;10/10/2026;15/12/2026;Transit;China;Dec;2026;PFI;20;49,4
26FAV03094 ;PF200136001801;PFI 6206-2RS D20 C3;10/10/2026;15/12/2026;Transit;China;Dec;2026;PFI;20;26,8
26FAV03094 ;PF200193001801;PFI 6303-ZZ C3;10/10/2026;15/12/2026;Transit;China;Dec;2026;PFI;20;8,4
26FAV03094 ;PF200208001801;PFI 6307-ZZ C3;10/10/2026;15/12/2026;Transit;China;Dec;2026;PFI;20;34
26FAV03094 ;PF200249001801;PFI 699-2RS C3;10/10/2026;15/12/2026;Transit;China;Dec;2026;PFI;20;4,2
26FAV03094 ;PF200350001801;PFI 623-ZZ C3;10/10/2026;15/12/2026;Transit;China;Dec;2026;PFI;20;5,4
26FAV03094 ;PF210109001801;PFI 5302-2RS C3;10/10/2026;15/12/2026;Transit;China;Dec;2026;PFI;20;34,6
26FAV03094 ;PF230096001801;PW39740036/34CS;10/10/2026;15/12/2026;Transit;China;Dec;2026;PFI;20;64,4
26FAV03094 ;PF200017001801;PFI 16003 C3;10/10/2026;15/12/2026;Transit;China;Dec;2026;PFI;20;4,2
26FAV03094 ;PF100133001801;PFI 25877/21;10/10/2026;15/12/2026;Transit;China;Dec;2026;PFI;20;37
26FAV03094 ;PF100131001801;PFI 2580/23;10/10/2026;15/12/2026;Transit;China;Dec;2026;PFI;20;38,2
26FAV03094 ;PF200206001801;PFI 6306-2RS D32 C3;10/10/2026;15/12/2026;Transit;China;Dec;2026;PFI;20;32,8
26FAV03094 ;PF200062001801;PFI 6004-2RS 3/4 C3;10/10/2026;15/12/2026;Transit;China;Dec;2026;PFI;20;8
26FAV03094 ;PF640073001801;PFI UC205-16-3L;10/10/2026;15/12/2026;Transit;China;Dec;2026;PFI;20;24,2
26FAV03094 ;PF640034001801;PFI GRA012NPPB-3L;10/10/2026;15/12/2026;Transit;China;Dec;2026;PFI;20;24,4
26FAV03094 ;PF100130001801;PFI 25590/23;10/10/2026;15/12/2026;Transit;China;Dec;2026;PFI;20;43,8
26FAV03094 ;PF200243001801;PFI 6907-2RS C3;10/10/2026;15/12/2026;Transit;China;Dec;2026;PFI;20;13,8
26FAV03094 ;PF100077001801;PFI 33108;10/10/2026;15/12/2026;Transit;China;Dec;2026;PFI;15;30,9
26FAV03094 ;PF100127001801;PFI 25580/21;10/10/2026;15/12/2026;Transit;China;Dec;2026;PFI;11;21,01
26FAV03094 ;PF200032001801;PFI 5209-2RS C3;10/10/2026;15/12/2026;Transit;China;Dec;2026;PFI;10;41,5
26FAV03094 ;PF100095001801;PFI 33212;10/10/2026;15/12/2026;Transit;China;Dec;2026;PFI;10;46,7
26FAV03094 ;PF640025001801;PFI G210KPPB2;10/10/2026;15/12/2026;Transit;China;Dec;2026;PFI;10;37
26FAV03094 ;PF640049001801;PFI GRAE50NPPB-3L;10/10/2026;15/12/2026;Transit;China;Dec;2026;PFI;10;35,4
26FAV03094 ;PF100052001801;PFI 32219;10/10/2026;15/12/2026;Transit;China;Dec;2026;PFI;9;89,19
26FAV03094 ;PF270038001801;PCRCT1310ARSED;10/10/2026;15/12/2026;Transit;China;Dec;2026;PFI;7;23,73
26FAV03094 ;PF230016001801;PW25520042CS;10/10/2026;15/12/2026;Transit;China;Dec;2026;PFI;6;15,72
26FAV03094 ;PF100210001801;PFI HM212049/11;10/10/2026;15/12/2026;Transit;China;Dec;2026;PFI;6;34,86
26FAV03094 ;PF100171001801;PFI 32022X;10/10/2026;15/12/2026;Transit;China;Dec;2026;PFI;3;31,8
26FAV03094 ;PF650038001801;PFI UCP210-3L;10/10/2026;15/12/2026;Transit;China;Dec;2026;PFI;3;25,14
(vazio);AS200770001501;5204 2RS;20/10/2026;19/12/2026;Backorder;China;Dec;2026;A&S;15023,93;28994,39
(vazio);AS200010001501;6004 2RS/C3;20/10/2026;19/12/2026;Backorder;China;Dec;2026;A&S;7400,56;9472
(vazio);AS100003001501;30204;20/10/2026;19/12/2026;Backorder;China;Dec;2026;A&S;2400,54;3696
(vazio);AS400005001501;SCH 2020;20/10/2026;19/12/2026;Backorder;China;Dec;2026;A&S;842,76;1612,8
(vazio);AS100030001501;32205;20/10/2026;19/12/2026;Backorder;China;Dec;2026;A&S;785,74;1466,08
(vazio);AS100263001501;HM 89440/10;20/10/2026;19/12/2026;Backorder;China;Dec;2026;A&S;771,35;2635,8
(vazio);14022365211113;AAS NKE_6304-2RS2-NR-C3;20/10/2026;19/12/2026;Backorder;China;Dec;2026;NKE;500,85;925
(vazio);AS310091001501;CR00090;20/10/2026;19/12/2026;Backorder;China;Dec;2026;A&S;460;1245,75
(vazio);AS100076001501;33210;20/10/2026;19/12/2026;Backorder;China;Dec;2026;A&S;459,56;1525,5
(vazio);AS400069001501;SN 2610;20/10/2026;19/12/2026;Backorder;China;Dec;2026;A&S;447,44;987,9
(vazio);18011510001001;AAS QJ 209 FM;20/10/2026;19/12/2026;Backorder;China;Dec;2026;FERSA;439,04;3197,12
(vazio);AS410139001501;NB0139;20/10/2026;19/12/2026;Backorder;China;Dec;2026;A&S;421,31;551,51
(vazio);AS100008001501;30209;20/10/2026;19/12/2026;Backorder;China;Dec;2026;A&S;413,68;1047,04
(vazio);AS410146001501;NB0146;20/10/2026;19/12/2026;Backorder;China;Dec;2026;A&S;297,96;582,12
(vazio);14011026101001;AAS 62305 2RS/C3;20/10/2026;19/12/2026;Backorder;China;Dec;2026;FERSA;282,2;725,4
(vazio);14010947111001;AAS 6206 2RS;20/10/2026;19/12/2026;Backorder;China;Dec;2026;FERSA;276,72;560,12
(vazio);25110397001001;FWRK VOLVO 001;20/10/2026;19/12/2026;Backorder;China;Dec;2026;FERSA;260,34;2124,15
(vazio);10011601001001;AAS JM 720249/10;20/10/2026;19/12/2026;Backorder;China;Dec;2026;FERSA;254,9;1753,11
(vazio);AS100144001501;368 A/362 A;20/10/2026;19/12/2026;Backorder;China;Dec;2026;A&S;228,22;822,8
(vazio);AS400003001501;SCE 3216;20/10/2026;19/12/2026;Backorder;China;Dec;2026;A&S;225,53;566,72
(vazio);10010625001001;AAS 33021 F;20/10/2026;19/12/2026;Backorder;China;Dec;2026;FERSA;224,28;2257,92
(vazio);15025318111124;AAS NKE_3804-2RS-MRO;20/10/2026;19/12/2026;Backorder;China;Dec;2026;NKE;202,39;678
(vazio);14010928171001;AAS 6008 ZZ/C3;20/10/2026;19/12/2026;Backorder;China;Dec;2026;FERSA;201,02;404
(vazio);10010506001001;AAS 30312 F;20/10/2026;19/12/2026;Backorder;China;Dec;2026;FERSA;167,79;1165,71
(vazio);18011514001001;AAS QJ 212 FM;20/10/2026;19/12/2026;Backorder;China;Dec;2026;FERSA;164,82;1476,9
(vazio);19022739001001;AAS F 19159;20/10/2026;19/12/2026;Backorder;China;Dec;2026;FERSA;156,97;848,1
(vazio);10010635001001;AAS 33113 F;20/10/2026;19/12/2026;Backorder;China;Dec;2026;FERSA;155,81;753,61
(vazio);AS310092001501;CR00091;20/10/2026;19/12/2026;Backorder;China;Dec;2026;A&S;141,42;373,98
(vazio);AS660015001501;TP00015;20/10/2026;19/12/2026;Backorder;China;Dec;2026;A&S;140,8;1368
(vazio);10010554001001;AAS 32021 XF;20/10/2026;19/12/2026;Backorder;China;Dec;2026;FERSA;139,66;882,36
(vazio);AS310078001501;CR00077;20/10/2026;19/12/2026;Backorder;China;Dec;2026;A&S;136,04;865,08
(vazio);AS150109001501;WH30109RB;20/10/2026;19/12/2026;Backorder;China;Dec;2026;A&S;124,92;356,76
(vazio);10010560001001;AAS 32205 F;20/10/2026;19/12/2026;Backorder;China;Dec;2026;FERSA;117,84;259,92
(vazio);10010473001001;AAS 30207 F;20/10/2026;19/12/2026;Backorder;China;Dec;2026;FERSA;101,49;249
(vazio);19012311001001;AAS F 19087;20/10/2026;19/12/2026;Backorder;China;Dec;2026;FERSA;97,48;496,5
(vazio);AS201194001501;3210 B 2RS TV;20/10/2026;19/12/2026;Backorder;China;Dec;2026;A&S;93,21;341,88
(vazio);14011022101001;AAS 62208 2RS;20/10/2026;19/12/2026;Backorder;China;Dec;2026;FERSA;88,74;283,08
(vazio);15011854001001;AAS F 16200;20/10/2026;19/12/2026;Backorder;China;Dec;2026;FERSA;86,88;405,04
(vazio);10010627001001;AAS 33022 F;20/10/2026;19/12/2026;Backorder;China;Dec;2026;FERSA;82;450
(vazio);AS200013001501;6008 2RS/C3;20/10/2026;19/12/2026;Backorder;China;Dec;2026;A&S;81,65;133,65
(vazio);14010954121001;AAS 6213 2RS/C3;20/10/2026;19/12/2026;Backorder;China;Dec;2026;FERSA;77,28;221,76
(vazio);AS100261001501;JF 7049 A/10;20/10/2026;19/12/2026;Backorder;China;Dec;2026;A&S;73,31;379,12
(vazio);10010501001001;AAS 30308 F;20/10/2026;19/12/2026;Backorder;China;Dec;2026;FERSA;72,56;282,48
(vazio);10010419001001;AAS 25580/25520;20/10/2026;19/12/2026;Backorder;China;Dec;2026;FERSA;69,68;193,37
(vazio);10010603001001;AAS 32313 F;20/10/2026;19/12/2026;Backorder;China;Dec;2026;FERSA;64,76;257,18
(vazio);14015481001124;AAS NKE_6316-2Z-C3-MRO;20/10/2026;19/12/2026;Backorder;China;Dec;2026;NKE;63,08;493,64
(vazio);14514264001124;AAS NKE_3205-B-2RS-TV-C3-MRO;20/10/2026;19/12/2026;Backorder;China;Dec;2026;NKE;62,52;189,08
(vazio);10010637001001;AAS 33115 F;20/10/2026;19/12/2026;Backorder;China;Dec;2026;FERSA;61,86;396,21
(vazio);AS200093001501;6903 2RS/C3;20/10/2026;19/12/2026;Backorder;China;Dec;2026;A&S;60,22;73,2
(vazio);19011626001001;AAS F 19069;20/10/2026;19/12/2026;Backorder;China;Dec;2026;FERSA;59,41;297,55
(vazio);AS410148001501;NB0148;20/10/2026;19/12/2026;Backorder;China;Dec;2026;A&S;56,84;114,92
(vazio);10010553001001;AAS 32020 XF;20/10/2026;19/12/2026;Backorder;China;Dec;2026;FERSA;56,76;351,96
(vazio);10011980001001;AAS F 15265;20/10/2026;19/12/2026;Backorder;China;Dec;2026;FERSA;55,28;102,56
(vazio);14012207001001;AAS F 18052;20/10/2026;19/12/2026;Backorder;China;Dec;2026;FERSA;51,72;348,92
(vazio);23012456001001;AAS F 17079 K;20/10/2026;19/12/2026;Backorder;China;Dec;2026;FERSA;50,56;214,32
(vazio);AS200011001501;6006 2RS/C3;20/10/2026;19/12/2026;Backorder;China;Dec;2026;A&S;50,43;71,5
(vazio);14010932121001;AAS 6012 2RS/C3;20/10/2026;19/12/2026;Backorder;China;Dec;2026;FERSA;50,08;140,8
(vazio);10010655001001;AAS 33215 F;20/10/2026;19/12/2026;Backorder;China;Dec;2026;FERSA;49,94;276,39
(vazio);10010657001001;AAS 33217 F;20/10/2026;19/12/2026;Backorder;China;Dec;2026;FERSA;46,7;193,5
(vazio);15011311001001;AAS F 16019;20/10/2026;19/12/2026;Backorder;China;Dec;2026;FERSA;45,28;109,5
(vazio);14010973131001;AAS 6312 C3;20/10/2026;19/12/2026;Backorder;China;Dec;2026;FERSA;45,04;334,48
(vazio);14010956121001;AAS 6215 2RS/C3;20/10/2026;19/12/2026;Backorder;China;Dec;2026;FERSA;42,12;112,42
(vazio);18011508001001;AAS QJ 208 FM;20/10/2026;19/12/2026;Backorder;China;Dec;2026;FERSA;40,8;213,3
(vazio);23012818001001;AAS F 17081 K;20/10/2026;19/12/2026;Backorder;China;Dec;2026;FERSA;40,35;133,5
(vazio);23012462001001;AAS F 17080 K;20/10/2026;19/12/2026;Backorder;China;Dec;2026;FERSA;38,29;179,86
(vazio);AS100481001501;3382/20;20/10/2026;19/12/2026;Backorder;China;Dec;2026;A&S;36,36;143,88
(vazio);10010585001001;AAS 32305 F;20/10/2026;19/12/2026;Backorder;China;Dec;2026;FERSA;35,65;64,9
(vazio);14516473001124;AAS NKE_3310-B-2RS-TV-C3-MRO;20/10/2026;19/12/2026;Backorder;China;Dec;2026;NKE;33,45;289
(vazio);14216871001124;AAS NKE_361201-MRO;20/10/2026;19/12/2026;Backorder;China;Dec;2026;NKE;31,27;68,1
(vazio);10010540001001;AAS 32009 XF;20/10/2026;19/12/2026;Backorder;China;Dec;2026;FERSA;31,1;89,9
(vazio);AS640001001501;UC204;20/10/2026;19/12/2026;Backorder;China;Dec;2026;A&S;30,92;47,56
(vazio);14514248001124;AAS NKE_3304-B-2Z-TV-MRO;20/10/2026;19/12/2026;Backorder;China;Dec;2026;NKE;29,99;83,72
(vazio);14516431001124;AAS NKE_3218-M-C3-MRO;20/10/2026;19/12/2026;Backorder;China;Dec;2026;NKE;28,52;28,52
(vazio);23021245001124;AAS NKE_HK2816-MRO;20/10/2026;19/12/2026;Backorder;China;Dec;2026;NKE;28,37;38,36
(vazio);14015474121124;AAS NKE_6315-2Z-MRO;20/10/2026;19/12/2026;Backorder;China;Dec;2026;NKE;27,43;187,74
(vazio);23012459001001;AAS F 17076 K;20/10/2026;19/12/2026;Backorder;China;Dec;2026;FERSA;25,85;106,7
(vazio);14014646001113;AAS NKE_6018-2RSR-C3;20/10/2026;19/12/2026;Backorder;China;Dec;2026;NKE;25,66;83,97
(vazio);14514120001124;AAS NKE_3315-B-TV-C3-MRO;20/10/2026;19/12/2026;Backorder;China;Dec;2026;NKE;24,88;24,88
(vazio);10010264001001;AAS JP 12049 A/10;20/10/2026;19/12/2026;Backorder;China;Dec;2026;FERSA;24,1;151
(vazio);10010289001001;AAS 14138 A/14276;20/10/2026;19/12/2026;Backorder;China;Dec;2026;FERSA;24,04;34,96
(vazio);AS600021001501;GE25 DO 2RS;20/10/2026;19/12/2026;Backorder;China;Dec;2026;A&S;23,8;41,4
(vazio);10010482001001;AAS 30212 F;20/10/2026;19/12/2026;Backorder;China;Dec;2026;FERSA;23,7;73,95
(vazio);15115947001124;AAS NKE_1310-K-TV-C3-MRO;20/10/2026;19/12/2026;Backorder;China;Dec;2026;NKE;23,28;73,26
(vazio);23012817001001;AAS F 17084 K;20/10/2026;19/12/2026;Backorder;China;Dec;2026;FERSA;22,76;90,44
(vazio);10010577001001;AAS 32219 F;20/10/2026;19/12/2026;Backorder;China;Dec;2026;FERSA;20,97;111,76
(vazio);23021253001124;AAS NKE_HK3038-MRO;20/10/2026;19/12/2026;Backorder;China;Dec;2026;NKE;20,86;37,2
(vazio);23021248001124;AAS NKE_HK3016-MRO;20/10/2026;19/12/2026;Backorder;China;Dec;2026;NKE;20,52;30,4
(vazio);10010379001001;AAS 15112/15245;20/10/2026;19/12/2026;Backorder;China;Dec;2026;FERSA;20,45;29
(vazio);10010552001001;AAS 32019 XF;20/10/2026;19/12/2026;Backorder;China;Dec;2026;FERSA;17,82;88,2
(vazio);19011502001001;AAS NUP 311 FMNR/C3;20/10/2026;19/12/2026;Backorder;China;Dec;2026;FERSA;17,04;56,16
(vazio);10010619001001;AAS 33015 F;20/10/2026;19/12/2026;Backorder;China;Dec;2026;FERSA;16,43;70,73
(vazio);14010973141001;AAS 6312 NR/C3;20/10/2026;19/12/2026;Backorder;China;Dec;2026;FERSA;15,08;63,56
(vazio);15120146001124;AAS NKE_2211-K-2RS-TV-C3-MRO;20/10/2026;19/12/2026;Backorder;China;Dec;2026;NKE;14,83;58,3
(vazio);23012917001001;AAS F 17107 K;20/10/2026;19/12/2026;Backorder;China;Dec;2026;FERSA;14,48;41,76
(vazio);23012334001001;AAS F 17043 K;20/10/2026;19/12/2026;Backorder;China;Dec;2026;FERSA;14,45;23,65
(vazio);14010954161001;AAS 6213 ZZ/C3;20/10/2026;19/12/2026;Backorder;China;Dec;2026;FERSA;13,38;22,76
(vazio);19016970001124;AAS NKE_NUP2308-E-TVP3-MRO;20/10/2026;19/12/2026;Backorder;China;Dec;2026;NKE;12,99;47,94
(vazio);53010108001124;AAS NKE_MB20-MRO;20/10/2026;19/12/2026;Backorder;China;Dec;2026;NKE;12,8;21,6
(vazio);AS400004001501;SCH 1616;20/10/2026;19/12/2026;Backorder;China;Dec;2026;A&S;12,69;20,28
(vazio);11010310001001;AAS F 15041;20/10/2026;19/12/2026;Backorder;China;Dec;2026;FERSA;12;24
(vazio);14015342001124;AAS NKE_63008-2RSR-MRO;20/10/2026;19/12/2026;Backorder;China;Dec;2026;NKE;11,99;29,9
(vazio);10010559001001;AAS 32205 BF;20/10/2026;19/12/2026;Backorder;China;Dec;2026;FERSA;11,85;28,5
(vazio);AS200164001501;62322/22,2 2RS/C3;20/10/2026;19/12/2026;Backorder;China;Dec;2026;A&S;11,76;27,6
(vazio);10010535001001;AAS 32007 XF;20/10/2026;19/12/2026;Backorder;China;Dec;2026;FERSA;11,42;24,2
(vazio);19017119001124;AAS NKE_NJ2304-E-TVP3-C3-MRO;20/10/2026;19/12/2026;Backorder;China;Dec;2026;NKE;11,41;37,87
(vazio);14014355001124;AAS NKE_16007-2Z-C3-MRO;20/10/2026;19/12/2026;Backorder;China;Dec;2026;NKE;11,08;20,8
(vazio);AS600019001501;GE50 DO;20/10/2026;19/12/2026;Backorder;China;Dec;2026;A&S;10,93;26,37
(vazio);14010942161001;AAS 6202 ZZ/C3;20/10/2026;19/12/2026;Backorder;China;Dec;2026;FERSA;10,37;13,7
(vazio);AS200669001501;6307 2Z/NR;20/10/2026;19/12/2026;Backorder;China;Dec;2026;A&S;10,33;20,97
(vazio);23012302001001;AAS F 17033 K;20/10/2026;19/12/2026;Backorder;China;Dec;2026;FERSA;9,96;15,92
(vazio);14018989001124;AAS NKE_4205-B-TV-C3-MRO;20/10/2026;19/12/2026;Backorder;China;Dec;2026;NKE;9,7;21,6
(vazio);14010970171001;AAS 6309 ZZ/C3;20/10/2026;19/12/2026;Backorder;China;Dec;2026;FERSA;9,39;25,56
(vazio);14010951101001;AAS 6210;20/10/2026;19/12/2026;Backorder;China;Dec;2026;FERSA;8,99;20,93
(vazio);AS660020001501;TP00020;20/10/2026;19/12/2026;Backorder;China;Dec;2026;A&S;8,59;22,36
(vazio);10010563001001;AAS 32208 F;20/10/2026;19/12/2026;Backorder;China;Dec;2026;FERSA;8,13;18,78
(vazio);14014320001124;AAS NKE_16002-2Z-C3-MRO;20/10/2026;19/12/2026;Backorder;China;Dec;2026;NKE;7,58;15,48
(vazio);AS100152001501;395/394 A;20/10/2026;19/12/2026;Backorder;China;Dec;2026;A&S;7,42;12,84
(vazio);14011025101001;AAS 62304 2RS/C3;20/10/2026;19/12/2026;Backorder;China;Dec;2026;FERSA;7,1;12,6
(vazio);AS100563001501;30217;20/10/2026;19/12/2026;Backorder;China;Dec;2026;A&S;6,84;11,68
(vazio);23021385001124;AAS NKE_NK14/16-MRO;20/10/2026;19/12/2026;Backorder;China;Dec;2026;NKE;6,49;8,94
(vazio);AS600025001501;GE35 DO 2RS;20/10/2026;19/12/2026;Backorder;China;Dec;2026;A&S;6,38;11,9
(vazio);14514259001124;AAS NKE_3307-B-TV-C3-MRO;20/10/2026;19/12/2026;Backorder;China;Dec;2026;NKE;6,29;6,29
(vazio);10010760001001;AAS M 86649/M 86610;20/10/2026;19/12/2026;Backorder;China;Dec;2026;FERSA;5,84;11,36
(vazio);14010929131001;AAS 6009 C3;20/10/2026;19/12/2026;Backorder;China;Dec;2026;FERSA;5,76;7,14
(vazio);23012819001001;AAS F 17087 K;20/10/2026;19/12/2026;Backorder;China;Dec;2026;FERSA;5,2;8,4
(vazio);10010546001001;AAS 32013 XF;20/10/2026;19/12/2026;Backorder;China;Dec;2026;FERSA;4,6;7,2
(vazio);23012451001001;AAS F 17054 K;20/10/2026;19/12/2026;Backorder;China;Dec;2026;FERSA;3,7;5,4
(vazio);AS220010001501;BAC355222;20/10/2026;19/12/2026;Backorder;China;Dec;2026;A&S;2,69;2,69
(vazio);14010946181001;AAS 6205 ZZ/C3;20/10/2026;19/12/2026;Backorder;China;Dec;2026;FERSA;1,73;1,73
(vazio);AS100271001501;33116;23/10/2026;22/12/2026;Backorder;China;Dec;2026;A&S;41,22;193,14
(vazio);AS100080001501;33214;23/10/2026;22/12/2026;Backorder;China;Dec;2026;A&S;21,35;90,95
(vazio);AS100043001515;32218;24/10/2026;23/12/2026;Backorder;China;Dec;2026;A&S;22004,83;128260
(vazio);AS100202001501;LM 48548/10;25/10/2026;24/12/2026;Backorder;China;Dec;2026;A&S;1260,96;2492,82
(vazio);AS410139001501;NB0139;25/10/2026;24/12/2026;Backorder;China;Dec;2026;A&S;616,62;806,96
(vazio);AS100214001501;M 84548/10;25/10/2026;24/12/2026;Backorder;China;Dec;2026;A&S;353,24;788,48
(vazio);AS220009001501;BAC305523;25/10/2026;24/12/2026;Backorder;China;Dec;2026;A&S;213,28;656,26
(vazio);AS660020001501;TP00020;25/10/2026;24/12/2026;Backorder;China;Dec;2026;A&S;199,59;1090,05
(vazio);AS100296001501;33018;25/10/2026;24/12/2026;Backorder;China;Dec;2026;A&S;192,78;1555,68
(vazio);AS310091001501;CR00090;25/10/2026;24/12/2026;Backorder;China;Dec;2026;A&S;117,5;313,5
(vazio);AS200013001501;6008 2RS/C3;25/10/2026;24/12/2026;Backorder;China;Dec;2026;A&S;105,3;171,6
(vazio);AS650849001501;HB88509A;25/10/2026;24/12/2026;Backorder;China;Dec;2026;A&S;44,62;255,49
(vazio);AS400069001501;SN 2610;25/10/2026;24/12/2026;Backorder;China;Dec;2026;A&S;43,22;93,24
(vazio);AS100893001501;JLM 704649/10;25/10/2026;24/12/2026;Backorder;China;Dec;2026;A&S;34,25;104
(vazio);AS100189001501;L 68149/11;25/10/2026;24/12/2026;Backorder;China;Dec;2026;A&S;11,61;16,83
(vazio);AS640048001501;GE 40 KRRB 3L;25/10/2026;24/12/2026;Backorder;China;Dec;2026;A&S;10,52;28,16
(vazio);AS100071001501;33205;25/10/2026;24/12/2026;Backorder;China;Dec;2026;A&S;9,06;16,48
(vazio);AS100204001501;LM 501349/10;26/10/2026;25/12/2026;Backorder;China;Dec;2026;A&S;1414,32;3282,97
(vazio);AS200065001501;6301 2RS/C3;26/10/2026;25/12/2026;Backorder;China;Dec;2026;A&S;701,27;890,27
(vazio);AS200036001501;6209 2RS/C3;26/10/2026;25/12/2026;Backorder;China;Dec;2026;A&S;649,48;1449,28
(vazio);AS200069001501;6305 2RS/C3;26/10/2026;25/12/2026;Backorder;China;Dec;2026;A&S;417,55;626,65
(vazio);AS400004001501;SCH 1616;26/10/2026;25/12/2026;Backorder;China;Dec;2026;A&S;403,76;677,69
(vazio);AS200011001501;6006 2RS/C3;26/10/2026;25/12/2026;Backorder;China;Dec;2026;A&S;393,86;561,99
(vazio);AS100195001501;LM 11949/10;26/10/2026;25/12/2026;Backorder;China;Dec;2026;A&S;371,6;593,6
(vazio);AS100099001501;18590/20;26/10/2026;25/12/2026;Backorder;China;Dec;2026;A&S;341,29;1115,31
(vazio);AS110004001501;TR00004;26/10/2026;25/12/2026;Backorder;China;Dec;2026;A&S;256,48;2111,52
(vazio);AS100003001501;30204;26/10/2026;25/12/2026;Backorder;China;Dec;2026;A&S;188,54;289,52
(vazio);AS400023001501;HK 4012;26/10/2026;25/12/2026;Backorder;China;Dec;2026;A&S;135,45;195,75
(vazio);AS660015001501;TP00015;26/10/2026;25/12/2026;Backorder;China;Dec;2026;A&S;107,8;991,8
(vazio);AS400001001501;SCE 3616;26/10/2026;25/12/2026;Backorder;China;Dec;2026;A&S;105,84;295,36
(vazio);AS100008001501;30209;26/10/2026;25/12/2026;Backorder;China;Dec;2026;A&S;82,12;202,24
(vazio);AS400002001501;SCH 1612;26/10/2026;25/12/2026;Backorder;China;Dec;2026;A&S;78,69;131,82
(vazio);AS660033001501;TP00033;26/10/2026;25/12/2026;Backorder;China;Dec;2026;A&S;73,89;488,46
(vazio);AS600015001501;GE31 ZO;26/10/2026;25/12/2026;Backorder;China;Dec;2026;A&S;72,24;168,96
(vazio);AS200039001501;6212 2RS/C3;26/10/2026;25/12/2026;Backorder;China;Dec;2026;A&S;48,26;137,72
(vazio);AS400003001501;SCE 3216;26/10/2026;25/12/2026;Backorder;China;Dec;2026;A&S;46,06;108,79
(vazio);AS310092001501;CR00091;26/10/2026;25/12/2026;Backorder;China;Dec;2026;A&S;45,71;119,24
(vazio);AS100571001501;559/552 A;26/10/2026;25/12/2026;Backorder;China;Dec;2026;A&S;43,73;152,74
(vazio);AS200018001501;6013 2RS/C3;26/10/2026;25/12/2026;Backorder;China;Dec;2026;A&S;41,28;116,18
(vazio);AS100244001501;39590/20;26/10/2026;25/12/2026;Backorder;China;Dec;2026;A&S;39,2;182
(vazio);AS201195001501;3211 2RS/C3;26/10/2026;25/12/2026;Backorder;China;Dec;2026;A&S;34,72;146,32
(vazio);AS201194001501;3210 B 2RS TV;26/10/2026;25/12/2026;Backorder;China;Dec;2026;A&S;31,14;101,75
(vazio);AS100264001501;31312;26/10/2026;25/12/2026;Backorder;China;Dec;2026;A&S;30,82;128,2
(vazio);AS100263001501;HM 89440/10;26/10/2026;25/12/2026;Backorder;China;Dec;2026;A&S;30,45;96,6
(vazio);AS100194001501;LM 11749/10;26/10/2026;25/12/2026;Backorder;China;Dec;2026;A&S;24,56;37,44
(vazio);AS100380001501;JM 207049 A/10;26/10/2026;25/12/2026;Backorder;China;Dec;2026;A&S;23,82;96,4
(vazio);AS100177001501;HM 212049/11;26/10/2026;25/12/2026;Backorder;China;Dec;2026;A&S;23,37;102,03
(vazio);AS400019001501;HK 2520;26/10/2026;25/12/2026;Backorder;China;Dec;2026;A&S;20,32;26,4
(vazio);AS400036001501;SN 2016;26/10/2026;25/12/2026;Backorder;China;Dec;2026;A&S;19,54;29,26
(vazio);AS410092001501;NB0092;26/10/2026;25/12/2026;Backorder;China;Dec;2026;A&S;18,7;30,4
(vazio);AS200960001501;5210 2RS;26/10/2026;25/12/2026;Backorder;China;Dec;2026;A&S;18,48;48,62
(vazio);AS650851001501;HB88508B;26/10/2026;25/12/2026;Backorder;China;Dec;2026;A&S;17,9;82,8
(vazio);AS300271001501;NU 309 EMN;26/10/2026;25/12/2026;Backorder;China;Dec;2026;A&S;16,77;74,47
(vazio);AS100638001501;42368/42584;26/10/2026;25/12/2026;Backorder;China;Dec;2026;A&S;16,49;76,41
(vazio);AS100451001501;368 A/362 X;26/10/2026;25/12/2026;Backorder;China;Dec;2026;A&S;14,41;40,92
(vazio);AS200016001501;6011 2RS/C3;26/10/2026;25/12/2026;Backorder;China;Dec;2026;A&S;11,34;19,53
(vazio);AS100261001501;JF 7049 A/10;26/10/2026;25/12/2026;Backorder;China;Dec;2026;A&S;9,77;27,08
(vazio);AS300266001501;NU 208 EMNRC3;26/10/2026;25/12/2026;Backorder;China;Dec;2026;A&S;6,55;13,65
(vazio);AS410143001501;NB0143;26/10/2026;25/12/2026;Backorder;China;Dec;2026;A&S;5,03;8,12
(vazio);AS410144001501;NB0144;26/10/2026;25/12/2026;Backorder;China;Dec;2026;A&S;3,25;4,5
(vazio);AS200010001501;6004 2RS/C3;27/10/2026;26/12/2026;Backorder;China;Dec;2026;A&S;3000,28;3840
(vazio);AS200213001501;R8 2RS;27/10/2026;26/12/2026;Backorder;China;Dec;2026;A&S;1788,69;2199,24
(vazio);AS200085001501;6802 2RS/C3;27/10/2026;26/12/2026;Backorder;China;Dec;2026;A&S;1389,36;1639,02
(vazio);AS200035001501;6208 2RS/C3;27/10/2026;26/12/2026;Backorder;China;Dec;2026;A&S;717;1432
(vazio);AS200028001501;6201 2RS/C3;27/10/2026;26/12/2026;Backorder;China;Dec;2026;A&S;334,17;390,78
(vazio);AS110060001501;TR00060;27/10/2026;26/12/2026;Backorder;China;Dec;2026;A&S;116,94;522,9
(vazio);AS100192001501;LM 104949/11;27/10/2026;26/12/2026;Backorder;China;Dec;2026;A&S;75,68;198,32
(vazio);AS600024001501;GE31 ZO 2RS;27/10/2026;26/12/2026;Backorder;China;Dec;2026;A&S;59,04;141,12
(vazio);AS100141001501;32019 X;27/10/2026;26/12/2026;Backorder;China;Dec;2026;A&S;46,68;273,88
(vazio);AS100277001501;JLM 104948/10;27/10/2026;26/12/2026;Backorder;China;Dec;2026;A&S;31,82;134,61
(vazio);AS640007001501;UC210;27/10/2026;26/12/2026;Backorder;China;Dec;2026;A&S;14,74;33,7
(vazio);AS100203001501;32005/26;27/10/2026;26/12/2026;Backorder;China;Dec;2026;A&S;13,73;22,49
(vazio);AS100010001501;30211;27/10/2026;26/12/2026;Backorder;China;Dec;2026;A&S;10,15;25,2
(vazio);AS400072001501;SN 1816;27/10/2026;26/12/2026;Backorder;China;Dec;2026;A&S;4,61;6,44
(vazio);AS600027001501;GE40 DO 2RS;27/10/2026;26/12/2026;Backorder;China;Dec;2026;A&S;4,53;7,59
(vazio);10010872001190;AAS JL 819349/10;30/10/2026;29/12/2026;Backorder;China;Dec;2026;FERSA;1065,85;4172,47
(vazio);AS200036001501;6209 2RS/C3;30/10/2026;29/12/2026;Backorder;China;Dec;2026;A&S;523,48;1167,04
(vazio);19011461001190;AAS NU 208 FMN/C3;30/10/2026;29/12/2026;Backorder;China;Dec;2026;FERSA;459,14;1843,6
(vazio);10011894001190;AAS F 15193;30/10/2026;29/12/2026;Backorder;China;Dec;2026;FERSA;430,1;4817,4
(vazio);14010944111190;AAS 6204 2RS;30/10/2026;29/12/2026;Backorder;China;Dec;2026;FERSA;339,62;520,52
(vazio);19011500001190;AAS NUP 310 FM/C3;30/10/2026;29/12/2026;Backorder;China;Dec;2026;FERSA;282,05;1452,99
(vazio);19011443001190;AAS F 19044;30/10/2026;29/12/2026;Backorder;China;Dec;2026;FERSA;261,02;1220,12
(vazio);14019097001124;AAS NKE_61902-2Z-C3-MRO;30/10/2026;29/12/2026;Backorder;China;Dec;2026;NKE;200,57;314
(vazio);14014451001124;AAS NKE_4308-B-TV-MRO;30/10/2026;29/12/2026;Backorder;China;Dec;2026;NKE;192,54;1579,9
(vazio);14010947111001;AAS 6206 2RS;30/10/2026;29/12/2026;Backorder;China;Dec;2026;FERSA;158,27;323,95
(vazio);14010920121001;AAS 6000 2RS/C3;30/10/2026;29/12/2026;Backorder;China;Dec;2026;FERSA;156,88;190,32
(vazio);28113347001113;AAS NKE_29330-E-MB;30/10/2026;29/12/2026;Backorder;China;Dec;2026;NKE;154,05;306,1
(vazio);10010604001190;AAS 32314 BF;30/10/2026;29/12/2026;Backorder;China;Dec;2026;FERSA;148,7;813,96
(vazio);10010608001190;AAS 32317 F;30/10/2026;29/12/2026;Backorder;China;Dec;2026;FERSA;116,45;523,32
(vazio);14010935121190;AAS 6015 2RS/C3;30/10/2026;29/12/2026;Backorder;China;Dec;2026;FERSA;112,6;432,6
(vazio);64010126001124;AAS NKE_KM10-MRO;30/10/2026;29/12/2026;Backorder;China;Dec;2026;NKE;99,81;179,19
(vazio);28013043001113;AAS NKE_22322-E-C3-W33;30/10/2026;29/12/2026;Backorder;China;Dec;2026;NKE;91,46;180,92
(vazio);10010392001190;AAS 15126/15250 X;30/10/2026;29/12/2026;Backorder;China;Dec;2026;FERSA;90,45;218,05
(vazio);10010116001190;AAS 580/572 X;30/10/2026;29/12/2026;Backorder;China;Dec;2026;FERSA;81,32;595,4
(vazio);28013265001113;AAS NKE_24032-CE-C3-W33;30/10/2026;29/12/2026;Backorder;China;Dec;2026;NKE;80,51;159,02
(vazio);10010044131190;AAS 387 A/382 A;30/10/2026;29/12/2026;Backorder;China;Dec;2026;FERSA;74,45;214,2
(vazio);19011480001190;AAS NJ 306 FM;30/10/2026;29/12/2026;Backorder;China;Dec;2026;FERSA;69,36;196,56
(vazio);14010967111190;AAS 63/32 NR/C3;30/10/2026;29/12/2026;Backorder;China;Dec;2026;FERSA;69,28;199,2
(vazio);14514264001124;AAS NKE_3205-B-2RS-TV-C3-MRO;30/10/2026;29/12/2026;Backorder;China;Dec;2026;NKE;66,52;202,12
(vazio);10012429001001;AAS F 15279;30/10/2026;29/12/2026;Backorder;China;Dec;2026;FERSA;65,66;571,55
(vazio);10010633001190;AAS 33112 F;30/10/2026;29/12/2026;Backorder;China;Dec;2026;FERSA;60,09;205,53
(vazio);19011657001190;AAS F 19077;30/10/2026;29/12/2026;Backorder;China;Dec;2026;FERSA;54,2;196,8
(vazio);10010675001190;AAS 34300/34500;30/10/2026;29/12/2026;Backorder;China;Dec;2026;FERSA;50,93;226,2
(vazio);14015309001113;AAS NKE_626-2RSR-C3;30/10/2026;29/12/2026;Backorder;China;Dec;2026;NKE;50,42;71
(vazio);23021265001124;AAS NKE_HK5528-MRO;30/10/2026;29/12/2026;Backorder;China;Dec;2026;NKE;49,78;87,22
(vazio);14010951161190;AAS 6210 ZZ NR;30/10/2026;29/12/2026;Backorder;China;Dec;2026;FERSA;47,01;112,14
(vazio);AS100204001501;LM 501349/10;30/10/2026;29/12/2026;Backorder;China;Dec;2026;A&S;45,33;102,52
(vazio);14010973141001;AAS 6312 NR/C3;30/10/2026;29/12/2026;Backorder;China;Dec;2026;FERSA;45,24;190,68
(vazio);14010935121001;AAS 6015 2RS/C3;30/10/2026;29/12/2026;Backorder;China;Dec;2026;FERSA;42,87;254,19
(vazio);19011806001190;AAS NUP 308 FMNR/C3;30/10/2026;29/12/2026;Backorder;China;Dec;2026;FERSA;42,15;110,66
(vazio);10010072001190;AAS 469/453 X;30/10/2026;29/12/2026;Backorder;China;Dec;2026;FERSA;41,48;209,96
(vazio);14010957121190;AAS 6216 2RS/C3;30/10/2026;29/12/2026;Backorder;China;Dec;2026;FERSA;35,28;96,4
(vazio);10010757001190;AAS M 84249/M 84210;30/10/2026;29/12/2026;Backorder;China;Dec;2026;FERSA;34,89;95,37
(vazio);14010957141190;AAS 6216 C4;30/10/2026;29/12/2026;Backorder;China;Dec;2026;FERSA;34,24;115,52
(vazio);10010283001190;AAS 14131/14276;30/10/2026;29/12/2026;Backorder;China;Dec;2026;FERSA;33,88;75,64
(vazio);14010950171001;AAS 6209 ZZ/C3;30/10/2026;29/12/2026;Backorder;China;Dec;2026;FERSA;31,89;71,01
(vazio);14014348001124;AAS NKE_16006-2Z-C3-MRO;30/10/2026;29/12/2026;Backorder;China;Dec;2026;NKE;30,1;57,4
(vazio);10010572111124;AAS NKE_32215-MRO;30/10/2026;29/12/2026;Backorder;China;Dec;2026;NKE;29,59;158,16
(vazio);14010925101190;AAS 6005;30/10/2026;29/12/2026;Backorder;China;Dec;2026;FERSA;28,96;40,23
(vazio);10012315001190;AAS F 15266;30/10/2026;29/12/2026;Backorder;China;Dec;2026;FERSA;27,16;67,2
(vazio);19011505001190;AAS NUP 2212 FMNR/C3;30/10/2026;29/12/2026;Backorder;China;Dec;2026;FERSA;27,08;102,48
(vazio);14015187001113;AAS NKE_6216-2RSR-C3;30/10/2026;29/12/2026;Backorder;China;Dec;2026;NKE;26,33;158,27
(vazio);15011311001001;AAS F 16019;30/10/2026;29/12/2026;Backorder;China;Dec;2026;FERSA;26,14;70,08
(vazio);10010212001190;AAS JW 5549/10;30/10/2026;29/12/2026;Backorder;China;Dec;2026;FERSA;26,1;153,9
(vazio);19011453001190;AAS NU 2306 FM/C3;30/10/2026;29/12/2026;Backorder;China;Dec;2026;FERSA;25,28;48,2
(vazio);14516469001124;AAS NKE_3212-B-2RS-TV-C3-MRO;30/10/2026;29/12/2026;Backorder;China;Dec;2026;NKE;23,09;145,08
(vazio);14221014001124;AAS NKE_NATR20-PP-MRO;30/10/2026;29/12/2026;Backorder;China;Dec;2026;NKE;22,7;74
(vazio);14222562111124;AAS NKE_NATR6-PP-MRO;30/10/2026;29/12/2026;Backorder;China;Dec;2026;NKE;21,45;49
(vazio);10010379001001;AAS 15112/15245;30/10/2026;29/12/2026;Backorder;China;Dec;2026;FERSA;20,35;27,55
(vazio);14010934151190;AAS 6014 ZZ/C3;30/10/2026;29/12/2026;Backorder;China;Dec;2026;FERSA;20,19;57,42
(vazio);19011432001190;AAS F 19030;30/10/2026;29/12/2026;Backorder;China;Dec;2026;FERSA;20,06;55,08
(vazio);14010953181190;AAS 6212 ZZ/C3;30/10/2026;29/12/2026;Backorder;China;Dec;2026;FERSA;18,3;37,2
(vazio);10010492001190;AAS 30222 F;30/10/2026;29/12/2026;Backorder;China;Dec;2026;FERSA;18,09;84,63
(vazio);10010437001190;AAS 26882/26820;30/10/2026;29/12/2026;Backorder;China;Dec;2026;FERSA;17,98;36,6
(vazio);14010968101001;AAS 6307;30/10/2026;29/12/2026;Backorder;China;Dec;2026;FERSA;17,04;35,28
(vazio);10015752001113;AAS NKE_32312;30/10/2026;29/12/2026;Backorder;China;Dec;2026;NKE;16,98;79,8
(vazio);14010927101001;AAS 6007;30/10/2026;29/12/2026;Backorder;China;Dec;2026;FERSA;16,74;27,84
(vazio);14010973171190;AAS 6312 ZZ/C3;30/10/2026;29/12/2026;Backorder;China;Dec;2026;FERSA;16,24;40,96
(vazio);14010974131190;AAS 6313 C4;30/10/2026;29/12/2026;Backorder;China;Dec;2026;FERSA;15,42;34,26
(vazio);10010670001190;AAS 33889/33822;30/10/2026;29/12/2026;Backorder;China;Dec;2026;FERSA;15,39;52,68
(vazio);15115910001190;AAS 2309;30/10/2026;29/12/2026;Backorder;China;Dec;2026;FERSA;14,86;32,58
(vazio);10010651001190;AAS 33211 F;30/10/2026;29/12/2026;Backorder;China;Dec;2026;FERSA;14,77;45,24
(vazio);14216903001124;AAS NKE_NUTR3580-MRO;30/10/2026;29/12/2026;Backorder;China;Dec;2026;NKE;14,76;57,6
(vazio);10010026001190;AAS 368 A/362 X;30/10/2026;29/12/2026;Backorder;China;Dec;2026;FERSA;14,58;42,96
(vazio);14010927151001;AAS 6007 ZZ/C3;30/10/2026;29/12/2026;Backorder;China;Dec;2026;FERSA;14,4;21,6
(vazio);14014872001124;AAS NKE_61824-2RSR-C3-MRO;30/10/2026;29/12/2026;Backorder;China;Dec;2026;NKE;13,65;34,95
(vazio);23022717001124;AAS NKE_NKIA59/22-MRO;30/10/2026;29/12/2026;Backorder;China;Dec;2026;NKE;13,25;42,5
(vazio);10010848001190;AAS M 804049/10;30/10/2026;29/12/2026;Backorder;China;Dec;2026;FERSA;12,79;37,9
(vazio);14011397001190;AAS F 18019;30/10/2026;29/12/2026;Backorder;China;Dec;2026;FERSA;12,54;35,4
(vazio);14221012001124;AAS NKE_NATR17-PP-MRO;30/10/2026;29/12/2026;Backorder;China;Dec;2026;NKE;12,22;32,2
(vazio);23012916001001;AAS F 17106 K;30/10/2026;29/12/2026;Backorder;China;Dec;2026;FERSA;12,02;30,2
(vazio);10010291001190;AAS 14585/14525;30/10/2026;29/12/2026;Backorder;China;Dec;2026;FERSA;11,28;21,12
(vazio);23022618001124;AAS NKE_RNA69/22-MRO;30/10/2026;29/12/2026;Backorder;China;Dec;2026;NKE;11,25;22,5
(vazio);14014862001124;AAS NKE_61821-2RSR-C3-MRO;30/10/2026;29/12/2026;Backorder;China;Dec;2026;NKE;10,67;26,01
(vazio);23021216001124;AAS NKE_HK1522-MRO;30/10/2026;29/12/2026;Backorder;China;Dec;2026;NKE;10,26;12,6
(vazio);14019202001124;AAS NKE_62212-2RSR-MRO;30/10/2026;29/12/2026;Backorder;China;Dec;2026;NKE;10,15;18,3
(vazio);10010056001190;AAS 390/394 A;30/10/2026;29/12/2026;Backorder;China;Dec;2026;FERSA;9,54;9,54
(vazio);10010825001190;AAS L 713049/10;30/10/2026;29/12/2026;Backorder;China;Dec;2026;FERSA;9,53;27,65
(vazio);10010147001190;AAS 1780/1729;30/10/2026;29/12/2026;Backorder;China;Dec;2026;FERSA;9,18;22,26
(vazio);14010964181001;AAS 6304 ZZ/C3;30/10/2026;29/12/2026;Backorder;China;Dec;2026;FERSA;8,78;14,24
(vazio);10011743001190;AAS F 15196;30/10/2026;29/12/2026;Backorder;China;Dec;2026;FERSA;8,66;8,66
(vazio);14014368001124;AAS NKE_16009-2RSR-MRO;30/10/2026;29/12/2026;Backorder;China;Dec;2026;NKE;8,6;18,2
(vazio);14010966151190;AAS 6306 NR/C3;30/10/2026;29/12/2026;Backorder;China;Dec;2026;FERSA;8,33;16,31
(vazio);14014988001124;AAS NKE_61920-2RSR-C3-MRO;30/10/2026;29/12/2026;Backorder;China;Dec;2026;NKE;8;8
(vazio);14022153001124;AAS NKE_6405-2Z-C3-MRO;30/10/2026;29/12/2026;Backorder;China;Dec;2026;NKE;7,89;17,34
(vazio);10010483001001;AAS 30213 F;30/10/2026;29/12/2026;Backorder;China;Dec;2026;FERSA;7,5;18
(vazio);18011512001190;AAS QJ 211 FM;30/10/2026;29/12/2026;Backorder;China;Dec;2026;FERSA;7,1;12,2
(vazio);14010934101190;AAS 6014;30/10/2026;29/12/2026;Backorder;China;Dec;2026;FERSA;7,06;15,3
(vazio);14014373111124;AAS NKE_16010-C3-MRO;30/10/2026;29/12/2026;Backorder;China;Dec;2026;NKE;7,04;12,24
(vazio);14019086001124;AAS NKE_61918-2RSR-C3-MRO;30/10/2026;29/12/2026;Backorder;China;Dec;2026;NKE;6,48;10,96
(vazio);14014964111124;AAS NKE_61913-2Z-C3-MRO;30/10/2026;29/12/2026;Backorder;China;Dec;2026;NKE;6,29;13,16
(vazio);10010217001190;AAS A 6075/A 6157;30/10/2026;29/12/2026;Backorder;China;Dec;2026;FERSA;6,18;12,54
(vazio);15115914001124;AAS NKE_1208-K-TV-C3-MRO;30/10/2026;29/12/2026;Backorder;China;Dec;2026;NKE;6,11;12,44
(vazio);14316334001113;AAS NKE_RALE20-NPP;30/10/2026;29/12/2026;Backorder;China;Dec;2026;NKE;5,99;11,96
(vazio);14010933151190;AAS 6013 ZZ;30/10/2026;29/12/2026;Backorder;China;Dec;2026;FERSA;5,84;5,84
(vazio);10010594001001;AAS 32309 F;30/10/2026;29/12/2026;Backorder;China;Dec;2026;FERSA;5,15;5,15
(vazio);21010086001190;AAS U 497/U 460 L-C;30/10/2026;29/12/2026;Backorder;China;Dec;2026;FERSA;5,14;8,28
(vazio);10012718001190;AAS F 15316;30/10/2026;29/12/2026;Backorder;China;Dec;2026;FERSA;5,1;5,1
(vazio);23021231001124;AAS NKE_HK2014-MRO;30/10/2026;29/12/2026;Backorder;China;Dec;2026;NKE;4,47;5,88
(vazio);10020664001124;AAS NKE_32222-MRO;30/10/2026;29/12/2026;Backorder;China;Dec;2026;NKE;4,22;6,44
(vazio);14010946101001;AAS 6205;30/10/2026;29/12/2026;Backorder;China;Dec;2026;FERSA;4,05;4,05
(vazio);14010926181190;AAS 6006/32 2RS/C3;30/10/2026;29/12/2026;Backorder;China;Dec;2026;FERSA;2,78;3,56
(vazio);14010931141190;AAS 6011 ZZ;30/10/2026;29/12/2026;Backorder;China;Dec;2026;FERSA;2,52;2,52
(vazio);AS200014001501;6009 2RS/C3;05/11/2026;04/01/2027;Backorder;China;Jan;2027;A&S;139,86;266,34
(vazio);10011894001190;AAS F 15193;05/11/2026;04/01/2027;Backorder;China;Jan;2027;FERSA;106,04;1067,64
(vazio);14010920121001;AAS 6000 2RS/C3;05/11/2026;04/01/2027;Backorder;China;Jan;2027;FERSA;63,22;76,86
(vazio);10011702001001;AAS F 15159;05/11/2026;04/01/2027;Backorder;China;Jan;2027;FERSA;60,54;477,72
(vazio);19011441001001;AAS F 19042;05/11/2026;04/01/2027;Backorder;China;Jan;2027;FERSA;56,82;432,18
(vazio);14010947111001;AAS 6206 2RS;05/11/2026;04/01/2027;Backorder;China;Jan;2027;FERSA;56,09;114,95
(vazio);15022017001001;AAS 3308 DP;05/11/2026;04/01/2027;Backorder;China;Jan;2027;FERSA;36,82;234,6
(vazio);10010600001001;AAS 32312 BF;05/11/2026;04/01/2027;Backorder;China;Jan;2027;FERSA;36,04;287,04
(vazio);AS600029001501;GE20 DO;05/11/2026;04/01/2027;Backorder;China;Jan;2027;A&S;31,46;45,26
(vazio);AS650850001501;HB88510;05/11/2026;04/01/2027;Backorder;China;Jan;2027;A&S;30,81;202,63
(vazio);23012917001001;AAS F 17107 K;05/11/2026;04/01/2027;Backorder;China;Jan;2027;FERSA;29,48;93,96
(vazio);18011508001001;AAS QJ 208 FM;05/11/2026;04/01/2027;Backorder;China;Jan;2027;FERSA;27,9;165,9
(vazio);AS660020001501;TP00020;05/11/2026;04/01/2027;Backorder;China;Jan;2027;A&S;27,77;78,26
(vazio);14011022101001;AAS 62208 2RS;05/11/2026;04/01/2027;Backorder;China;Jan;2027;FERSA;26,37;80,88
(vazio);AS100244001501;39590/20;05/11/2026;04/01/2027;Backorder;China;Jan;2027;A&S;26,2;114,4
(vazio);10010552001001;AAS 32019 XF;05/11/2026;04/01/2027;Backorder;China;Jan;2027;FERSA;25,64;88,2
(vazio);10010627001001;AAS 33022 F;05/11/2026;04/01/2027;Backorder;China;Jan;2027;FERSA;24,5;162,5
(vazio);23012818001001;AAS F 17081 K;05/11/2026;04/01/2027;Backorder;China;Jan;2027;FERSA;24,45;93,45
(vazio);23012456001001;AAS F 17079 K;05/11/2026;04/01/2027;Backorder;China;Jan;2027;FERSA;23,56;91,2
(vazio);10010608001190;AAS 32317 F;05/11/2026;04/01/2027;Backorder;China;Jan;2027;FERSA;22,69;93,45
(vazio);10010470001001;AAS 30205 F;05/11/2026;04/01/2027;Backorder;China;Jan;2027;FERSA;21,95;40,95
(vazio);14010954121001;AAS 6213 2RS/C3;05/11/2026;04/01/2027;Backorder;China;Jan;2027;FERSA;21,16;98,56
(vazio);10010848001190;AAS M 804049/10;05/11/2026;04/01/2027;Backorder;China;Jan;2027;FERSA;20,58;56,85
(vazio);23012334001001;AAS F 17043 K;05/11/2026;04/01/2027;Backorder;China;Jan;2027;FERSA;19,15;38,7
(vazio);10010563001001;AAS 32208 F;05/11/2026;04/01/2027;Backorder;China;Jan;2027;FERSA;19,13;53,21
(vazio);14010951161190;AAS 6210 ZZ NR;05/11/2026;04/01/2027;Backorder;China;Jan;2027;FERSA;17,67;42,72
(vazio);10010670001190;AAS 33889/33822;05/11/2026;04/01/2027;Backorder;China;Jan;2027;FERSA;17,39;61,46
(vazio);10010603001001;AAS 32313 F;05/11/2026;04/01/2027;Backorder;China;Jan;2027;FERSA;16,69;70,14
(vazio);10010633001190;AAS 33112 F;05/11/2026;04/01/2027;Backorder;China;Jan;2027;FERSA;15,03;48,36
(vazio);AS100663001501;JM 718149/10;05/11/2026;04/01/2027;Backorder;China;Jan;2027;A&S;14,49;56,94
(vazio);19011657001190;AAS F 19077;05/11/2026;04/01/2027;Backorder;China;Jan;2027;FERSA;14,1;45,1
(vazio);14010973141001;AAS 6312 NR/C3;05/11/2026;04/01/2027;Backorder;China;Jan;2027;FERSA;14,08;54,48
(vazio);AS650849001501;HB88509A;05/11/2026;04/01/2027;Backorder;China;Jan;2027;A&S;11,81;35,24
(vazio);AS640027001501;G206 V22 3L;05/11/2026;04/01/2027;Backorder;China;Jan;2027;A&S;11,5;25
(vazio);10010675001190;AAS 34300/34500;05/11/2026;04/01/2027;Backorder;China;Jan;2027;FERSA;11,31;11,31
(vazio);14010922151001;AAS 6002 ZZ/C3;05/11/2026;04/01/2027;Backorder;China;Jan;2027;FERSA;11;32
(vazio);14010951101001;AAS 6210;05/11/2026;04/01/2027;Backorder;China;Jan;2027;FERSA;10,99;26,91
(vazio);AS100203001501;32005/26;05/11/2026;04/01/2027;Backorder;China;Jan;2027;A&S;10,73;17,3
(vazio);14010950171001;AAS 6209 ZZ/C3;05/11/2026;04/01/2027;Backorder;China;Jan;2027;FERSA;10,63;23,67
(vazio);10010643001001;AAS 33205 F;05/11/2026;04/01/2027;Backorder;China;Jan;2027;FERSA;10,51;22,59
(vazio);10010825001190;AAS L 713049/10;05/11/2026;04/01/2027;Backorder;China;Jan;2027;FERSA;9,53;27,65
(vazio);19021977001190;AAS F 19116;05/11/2026;04/01/2027;Backorder;China;Jan;2027;FERSA;9,14;21,42
(vazio);10010721001190;AAS 55187 C/55437;05/11/2026;04/01/2027;Backorder;China;Jan;2027;FERSA;9,06;21,18
(vazio);14010956121001;AAS 6215 2RS/C3;05/11/2026;04/01/2027;Backorder;China;Jan;2027;FERSA;9,03;16,06
(vazio);14010968101001;AAS 6307;05/11/2026;04/01/2027;Backorder;China;Jan;2027;FERSA;8,52;17,64
(vazio);14010973171190;AAS 6312 ZZ/C3;05/11/2026;04/01/2027;Backorder;China;Jan;2027;FERSA;8,12;20,48
(vazio);AS640016001501;GY 1108 KRRB;05/11/2026;04/01/2027;Backorder;China;Jan;2027;A&S;7,97;17,82
(vazio);14010974131190;AAS 6313 C4;05/11/2026;04/01/2027;Backorder;China;Jan;2027;FERSA;7,71;17,13
(vazio);14021096001001;AAS F 18066;05/11/2026;04/01/2027;Backorder;China;Jan;2027;FERSA;7,1;7,1
(vazio);AS100735001501;13687/20;05/11/2026;04/01/2027;Backorder;China;Jan;2027;A&S;7,07;12,42
(vazio);10010217001190;AAS A 6075/A 6157;05/11/2026;04/01/2027;Backorder;China;Jan;2027;FERSA;6,18;12,54
(vazio);11010310001001;AAS F 15041;05/11/2026;04/01/2027;Backorder;China;Jan;2027;FERSA;6;12
(vazio);23012302001001;AAS F 17033 K;05/11/2026;04/01/2027;Backorder;China;Jan;2027;FERSA;4,98;7,96
(vazio);10010291001190;AAS 14585/14525;05/11/2026;04/01/2027;Backorder;China;Jan;2027;FERSA;4,64;7,92
(vazio);14010953181190;AAS 6212 ZZ/C3;05/11/2026;04/01/2027;Backorder;China;Jan;2027;FERSA;4,1;6,2
(vazio);10010651001190;AAS 33211 F;05/11/2026;04/01/2027;Backorder;China;Jan;2027;FERSA;3,77;3,77
(vazio);14010931141190;AAS 6011 ZZ;05/11/2026;04/01/2027;Backorder;China;Jan;2027;FERSA;3,52;5,04
(vazio);14010946101001;AAS 6205;05/11/2026;04/01/2027;Backorder;China;Jan;2027;FERSA;1,35;1,35
(vazio);AS200031001501;6204 2RS/C3;06/11/2026;05/01/2027;Backorder;China;Jan;2027;A&S;1655,33;2201,15
(vazio);10011524001001;AAS F 15119;10/11/2026;09/01/2027;Backorder;China;Jan;2027;FERSA;741,48;8342,4
(vazio);11026205001001;AAS F 15526;10/11/2026;09/01/2027;Backorder;China;Jan;2027;FERSA;647,12;12216,54
(vazio);10010398001001;AAS 17887/17831;10/11/2026;09/01/2027;Backorder;China;Jan;2027;FERSA;75,82;242,11
(vazio);14015142001113;AAS NKE_6211;10/11/2026;09/01/2027;Backorder;China;Jan;2027;NKE;8,98;20,86
(vazio);10021940001113;AAS NKE_32018-X;10/11/2026;09/01/2027;Backorder;China;Jan;2027;NKE;6,25;6,25
(vazio);12011609001195;AAS F 200004;15/11/2026;14/01/2027;Backorder;China;Jan;2027;FERSA;1207,1;33293,7
(vazio);AS200107001501;6906 2RS/C3;20/11/2026;19/01/2027;Backorder;China;Jan;2027;A&S;2169,23;3056,88
(vazio);AS660013001501;TP00013;20/11/2026;19/01/2027;Backorder;China;Jan;2027;A&S;232,06;1993,66
(vazio);14015471111124;AAS NKE_6315-MRO;20/11/2026;19/01/2027;Backorder;China;Jan;2027;NKE;178,72;1652,4
(vazio);14014675111124;AAS NKE_6024-MRO;20/11/2026;19/01/2027;Backorder;China;Jan;2027;NKE;177,68;1475,6
(vazio);14015202131124;AAS NKE_6218-C3-MRO;20/11/2026;19/01/2027;Backorder;China;Jan;2027;NKE;107,18;818
(vazio);23021218001124;AAS NKE_HK1612-MRO;20/11/2026;19/01/2027;Backorder;China;Jan;2027;NKE;99,26;124,74
(vazio);14015461121124;AAS NKE_6313-2Z-MRO;20/11/2026;19/01/2027;Backorder;China;Jan;2027;NKE;94,78;684,64
(vazio);14015465111124;AAS NKE_6314-MRO;20/11/2026;19/01/2027;Backorder;China;Jan;2027;NKE;74,97;541,96
(vazio);AS650851001501;HB88508B;20/11/2026;19/01/2027;Backorder;China;Jan;2027;A&S;64,7;324,3
(vazio);AS200801001501;6205 1'' 2RS;20/11/2026;19/01/2027;Backorder;China;Jan;2027;A&S;50,69;84,5
(vazio);AS600023001501;GE30 DO 2RS;20/11/2026;19/01/2027;Backorder;China;Jan;2027;A&S;48,16;95,68
(vazio);53010100001124;AAS NKE_MB6-MRO;20/11/2026;19/01/2027;Backorder;China;Jan;2027;NKE;48,06;50,88
(vazio);14014890161124;AAS NKE_61840-2RS-MRO;20/11/2026;19/01/2027;Backorder;China;Jan;2027;NKE;44,89;239,34
(vazio);14014890171124;AAS NKE_61840-2RS-C3-MRO;20/11/2026;19/01/2027;Backorder;China;Jan;2027;NKE;44,89;239,34
(vazio);AS120053001501;WB55900060RB;20/11/2026;19/01/2027;Backorder;China;Jan;2027;A&S;43,14;253,68
(vazio);14014598111124;AAS NKE_6012-2Z-C3-MRO;20/11/2026;19/01/2027;Backorder;China;Jan;2027;NKE;41,92;116,8
(vazio);15120137001124;AAS NKE_2209-2RS-TV-C3-MRO;20/11/2026;19/01/2027;Backorder;China;Jan;2027;NKE;24,88;117,6
(vazio);19013682001124;AAS NKE_NJ2309-E-TVP3-C3-MRO;20/11/2026;19/01/2027;Backorder;China;Jan;2027;NKE;23,2;68,8
(vazio);14014566111124;AAS NKE_6009-2Z-C3-MRO;20/11/2026;19/01/2027;Backorder;China;Jan;2027;NKE;21,36;47,2
(vazio);14221028001124;AAS NKE_NATV10-PP-MRO;20/11/2026;19/01/2027;Backorder;China;Jan;2027;NKE;21,34;46,8
(vazio);19013964001124;AAS NKE_NJ206-E-TVP3-MRO;20/11/2026;19/01/2027;Backorder;China;Jan;2027;NKE;20;20
(vazio);AS400072001501;SN 1816;20/11/2026;19/01/2027;Backorder;China;Jan;2027;A&S;19,61;30,59
(vazio);14015542151124;AAS NKE_6407-2Z-C3-MRO;20/11/2026;19/01/2027;Backorder;China;Jan;2027;NKE;15,73;56,76
(vazio);23022183001124;AAS NKE_NKIA5907-MRO;20/11/2026;19/01/2027;Backorder;China;Jan;2027;NKE;14,22;52,2
(vazio);17020748001124;AAS NKE_51101-MRO;20/11/2026;19/01/2027;Backorder;China;Jan;2027;NKE;13,53;19,89
(vazio);17012980001124;AAS NKE_51310-MRO;20/11/2026;19/01/2027;Backorder;China;Jan;2027;NKE;13,21;49,68
(vazio);AS200093001501;6903 2RS/C3;20/11/2026;19/01/2027;Backorder;China;Jan;2027;A&S;9,22;10,98
(vazio);AS640008001501;UC211;20/11/2026;19/01/2027;Backorder;China;Jan;2027;A&S;5,06;8,12
(vazio);14010929131001;AAS 6009 C3;20/11/2026;19/01/2027;Backorder;China;Jan;2027;FERSA;4,38;7,14
(vazio);23021204001124;AAS NKE_HK1010-MRO;20/11/2026;19/01/2027;Backorder;China;Jan;2027;NKE;4,18;4,72
(vazio);14014590111124;AAS NKE_6011-2Z-C3-MRO;20/11/2026;19/01/2027;Backorder;China;Jan;2027;NKE;2,72;2,72
(vazio);AS660013001501;TP00013;24/11/2026;23/01/2027;Backorder;China;Jan;2027;A&S;44,02;264,22
(vazio);AS100651001501;681/672;24/11/2026;23/01/2027;Backorder;China;Jan;2027;A&S;35,88;95,64
(vazio);AS200093001501;6903 2RS/C3;24/11/2026;23/01/2027;Backorder;China;Jan;2027;A&S;17,22;20,74
(vazio);AS640011001501;UC214;24/11/2026;23/01/2027;Backorder;China;Jan;2027;A&S;6,86;6,86
(vazio);AS200107001501;6906 2RS/C3;27/11/2026;26/01/2027;Backorder;China;Jan;2027;A&S;1669,64;2351,88
(vazio);AS600023001501;GE30 DO 2RS;27/11/2026;26/01/2027;Backorder;China;Jan;2027;A&S;53,16;106,08
(vazio);AS640046001501;GE 30 KRRB 3L;27/11/2026;26/01/2027;Backorder;China;Jan;2027;A&S;37,94;86,45
(vazio);AS200139001501;607 2Z;27/11/2026;26/01/2027;Backorder;China;Jan;2027;A&S;15,12;16,8
(vazio);AS200333001501;88107 2RS;27/11/2026;26/01/2027;Backorder;China;Jan;2027;A&S;9,33;18,64
(vazio);AS640219001501;S 205 KRR2;27/11/2026;26/01/2027;Backorder;China;Jan;2027;A&S;5,3;9,2
(vazio);10010654001001;AAS 33214 F;30/11/2026;29/01/2027;Backorder;China;Jan;2027;FERSA;164,61;1133,28
(vazio);11011721001001;AAS F 15121;30/11/2026;29/01/2027;Backorder;China;Jan;2027;FERSA;80,15;351,05
(vazio);10010209001001;AAS JW 5049/JW 5010;30/11/2026;29/01/2027;Backorder;China;Jan;2027;FERSA;63,88;320,16
(vazio);14010964181001;AAS 6304 ZZ/C3;30/11/2026;29/01/2027;Backorder;China;Jan;2027;FERSA;49,56;85,44
(vazio);14015316111124;AAS NKE_627-2Z-MRO;30/11/2026;29/01/2027;Backorder;China;Jan;2027;NKE;44,27;55,88
(vazio);10010657001001;AAS 33217 F;30/11/2026;29/01/2027;Backorder;China;Jan;2027;FERSA;42,7;116,1
(vazio);10011977001001;AAS 32226 F;30/11/2026;29/01/2027;Backorder;China;Jan;2027;FERSA;40,03;40,03
(vazio);10010521001001;AAS 31314 F;30/11/2026;29/01/2027;Backorder;China;Jan;2027;FERSA;36,16;177,28
(vazio);10010160001190;AAS 2780/2729;30/11/2026;29/01/2027;Backorder;China;Jan;2027;FERSA;34,96;60,58
(vazio);10010495001001;AAS 30303 F;30/11/2026;29/01/2027;Backorder;China;Jan;2027;FERSA;34,04;64,64
(vazio);19011441001001;AAS F 19042;30/11/2026;29/01/2027;Backorder;China;Jan;2027;FERSA;31,82;211,68
(vazio);10010604001190;AAS 32314 BF;30/11/2026;29/01/2027;Backorder;China;Jan;2027;FERSA;30,94;191,52
(vazio);14022230001124;AAS NKE_61903-2Z-C3-MRO;30/11/2026;29/01/2027;Backorder;China;Jan;2027;NKE;30,59;47,7
(vazio);14514152001124;AAS NKE_3306-B-2RS-TV-MRO;30/11/2026;29/01/2027;Backorder;China;Jan;2027;NKE;22,76;75,68
(vazio);10010374001001;AAS 15103 S/15243;30/11/2026;29/01/2027;Backorder;China;Jan;2027;FERSA;22,6;53,2
(vazio);10010490001001;AAS 30220 F;30/11/2026;29/01/2027;Backorder;China;Jan;2027;FERSA;21,72;127,2
(vazio);23012456001001;AAS F 17079 K;30/11/2026;29/01/2027;Backorder;China;Jan;2027;FERSA;21,56;82,08
(vazio);23021249001124;AAS NKE_HK3018-MRO;30/11/2026;29/01/2027;Backorder;China;Jan;2027;NKE;19,35;25,65
(vazio);17012937111124;AAS NKE_51218-MRO;30/11/2026;29/01/2027;Backorder;China;Jan;2027;NKE;19,2;102
(vazio);10010639001001;AAS 33117 F;30/11/2026;29/01/2027;Backorder;China;Jan;2027;FERSA;18,75;96,25
(vazio);14015259111124;AAS NKE_62301-2RSR-MRO;30/11/2026;29/01/2027;Backorder;China;Jan;2027;NKE;17;0
(vazio);10015696001113;AAS NKE_30220;30/11/2026;29/01/2027;Backorder;China;Jan;2027;NKE;14,25;36,75
(vazio);14022231001124;AAS NKE_62306-2RSR-MRO;30/11/2026;29/01/2027;Backorder;China;Jan;2027;NKE;12,32;33,2
(vazio);10010529001001;AAS 32005 XF;30/11/2026;29/01/2027;Backorder;China;Jan;2027;FERSA;11,21;22,1
(vazio);10010585001001;AAS 32305 F;30/11/2026;29/01/2027;Backorder;China;Jan;2027;FERSA;8,9;14,75
(vazio);14514059001124;AAS NKE_3202-B-TV-MRO;30/11/2026;29/01/2027;Backorder;China;Jan;2027;NKE;8,58;18,06
(vazio);15011788001190;AAS F 16189;30/11/2026;29/01/2027;Backorder;China;Jan;2027;FERSA;6;6
(vazio);14010934141190;AAS 6014 ZZ;30/11/2026;29/01/2027;Backorder;China;Jan;2027;FERSA;4;4
(vazio);14021889001190;AAS 61915 C3;30/11/2026;29/01/2027;Backorder;China;Jan;2027;FERSA;4;4
(vazio);10010772001001;AAS HM 89443/10;30/11/2026;29/01/2027;Backorder;China;Jan;2027;FERSA;3,4;3,4
(vazio);10010617001001;AAS 33013 F;30/11/2026;29/01/2027;Backorder;China;Jan;2027;FERSA;3;3
(vazio);14011025101001;AAS 62304 2RS/C3;30/11/2026;29/01/2027;Backorder;China;Jan;2027;FERSA;2,1;2,1
(vazio);19017183111124;AAS NKE_NUP2307-E-TVP3-C3-MRO;30/11/2026;29/01/2027;Backorder;China;Jan;2027;NKE;2;0
(vazio);19018030131124;AAS NKE_NJ314-E-TVP3-C4-MRO;30/11/2026;29/01/2027;Backorder;China;Jan;2027;NKE;1;0
(vazio);19018030131124;FJXN002930349;30/11/2026;29/01/2027;Backorder;China;Jan;2027;FERSA;0;1
(vazio);19017183111124;FJXN002930890;30/11/2026;29/01/2027;Backorder;China;Jan;2027;FERSA;0;2
(vazio);14015259111124;FJXN002929609;30/11/2026;29/01/2027;Backorder;China;Jan;2027;FERSA;0;17
(vazio);15022017001001;AAS 3308 DP;05/12/2026;03/02/2027;Backorder;China;Feb;2027;FERSA;61,82;430,1
(vazio);23012456001001;AAS F 17079 K;05/12/2026;03/02/2027;Backorder;China;Feb;2027;FERSA;60,56;259,92
(vazio);10010392001190;AAS 15126/15250 X;05/12/2026;03/02/2027;Backorder;China;Feb;2027;FERSA;49,45;117,6
(vazio);14010935121190;AAS 6015 2RS/C3;05/12/2026;03/02/2027;Backorder;China;Feb;2027;FERSA;38,2;147
(vazio);14010946181001;AAS 6205 ZZ/C3;05/12/2026;03/02/2027;Backorder;China;Feb;2027;FERSA;31,73;53,63
(vazio);AS640016001501;GY 1108 KRRB;05/12/2026;03/02/2027;Backorder;China;Feb;2027;A&S;30,97;86,13
(vazio);14012055001001;AAS F 18051;05/12/2026;03/02/2027;Backorder;China;Feb;2027;FERSA;30,46;141,96
(vazio);AS600029001501;GE20 DO;05/12/2026;03/02/2027;Backorder;China;Feb;2027;A&S;27,46;39,42
(vazio);AS660012001501;TP00012;05/12/2026;03/02/2027;Backorder;China;Feb;2027;A&S;26,4;182,4
(vazio);10010603001001;AAS 32313 F;05/12/2026;03/02/2027;Backorder;China;Feb;2027;FERSA;26,38;58,45
(vazio);23012459001001;AAS F 17076 K;05/12/2026;03/02/2027;Backorder;China;Feb;2027;FERSA;25,85;106,7
(vazio);10022490001001;AAS HM 624749/10;05/12/2026;03/02/2027;Backorder;China;Feb;2027;FERSA;25,5;70,5
(vazio);AS650850001501;HB88510;05/12/2026;03/02/2027;Backorder;China;Feb;2027;A&S;22,81;132,15
(vazio);10010470001001;AAS 30205 F;05/12/2026;03/02/2027;Backorder;China;Feb;2027;FERSA;21,95;40,95
(vazio);AS660014001501;TP00014;05/12/2026;03/02/2027;Backorder;China;Feb;2027;A&S;20,94;120,34
(vazio);10010608001190;AAS 32317 F;05/12/2026;03/02/2027;Backorder;China;Feb;2027;FERSA;20,69;56,07
(vazio);10010521001001;AAS 31314 F;05/12/2026;03/02/2027;Backorder;China;Feb;2027;FERSA;19,08;99,72
(vazio);14010944111190;AAS 6204 2RS;05/12/2026;03/02/2027;Backorder;China;Feb;2027;FERSA;17,54;26,18
(vazio);14010922151001;AAS 6002 ZZ/C3;05/12/2026;03/02/2027;Backorder;China;Feb;2027;FERSA;17;56
(vazio);10010637001001;AAS 33115 F;05/12/2026;03/02/2027;Backorder;China;Feb;2027;FERSA;16,43;75,87
(vazio);10010423001190;AAS 25581/25520;05/12/2026;03/02/2027;Backorder;China;Feb;2027;FERSA;15,85;39,9
(vazio);18011512001190;AAS QJ 211 FM;05/12/2026;03/02/2027;Backorder;China;Feb;2027;FERSA;15,1;61
(vazio);11011721001001;AAS F 15121;05/12/2026;03/02/2027;Backorder;China;Feb;2027;FERSA;15,03;60,18
(vazio);10010721001190;AAS 55187 C/55437;05/12/2026;03/02/2027;Backorder;China;Feb;2027;FERSA;14,12;14,12
(vazio);14010950171001;AAS 6209 ZZ/C3;05/12/2026;03/02/2027;Backorder;China;Feb;2027;FERSA;13,63;31,56
(vazio);19012311001001;AAS F 19087;05/12/2026;03/02/2027;Backorder;China;Feb;2027;FERSA;13,62;52,96
(vazio);19011505001190;AAS NUP 2212 FMNR/C3;05/12/2026;03/02/2027;Backorder;China;Feb;2027;FERSA;13,54;51,24
(vazio);14010973171190;AAS 6312 ZZ/C3;05/12/2026;03/02/2027;Backorder;China;Feb;2027;FERSA;12,24;20,48
(vazio);10010633001190;AAS 33112 F;05/12/2026;03/02/2027;Backorder;China;Feb;2027;FERSA;12,03;36,27
(vazio);14010951161190;AAS 6210 ZZ NR;05/12/2026;03/02/2027;Backorder;China;Feb;2027;FERSA;11,67;26,7
(vazio);10010675001190;AAS 34300/34500;05/12/2026;03/02/2027;Backorder;China;Feb;2027;FERSA;11,31;11,31
(vazio);19011470001190;AAS NU 309 FMNR/C3;05/12/2026;03/02/2027;Backorder;China;Feb;2027;FERSA;10,73;33,65
(vazio);14010956121001;AAS 6215 2RS/C3;05/12/2026;03/02/2027;Backorder;China;Feb;2027;FERSA;10,03;24,09
(vazio);10010552001001;AAS 32019 XF;05/12/2026;03/02/2027;Backorder;China;Feb;2027;FERSA;9,82;17,64
(vazio);14010957121190;AAS 6216 2RS/C3;05/12/2026;03/02/2027;Backorder;China;Feb;2027;FERSA;9,82;28,92
(vazio);10010825001190;AAS L 713049/10;05/12/2026;03/02/2027;Backorder;China;Feb;2027;FERSA;9,53;27,65
(vazio);14010932121001;AAS 6012 2RS/C3;05/12/2026;03/02/2027;Backorder;China;Feb;2027;FERSA;9,52;24,64
(vazio);10010643001001;AAS 33205 F;05/12/2026;03/02/2027;Backorder;China;Feb;2027;FERSA;9,51;20,08
(vazio);14010975131001;AAS 6314 NR/C3;05/12/2026;03/02/2027;Backorder;China;Feb;2027;FERSA;9,22;9,22
(vazio);19021977001190;AAS F 19116;05/12/2026;03/02/2027;Backorder;China;Feb;2027;FERSA;9,14;21,42
(vazio);10010212001190;AAS JW 5549/10;05/12/2026;03/02/2027;Backorder;China;Feb;2027;FERSA;9,1;16,2
(vazio);14010973141001;AAS 6312 NR/C3;05/12/2026;03/02/2027;Backorder;China;Feb;2027;FERSA;9,08;9,08
(vazio);10010374001001;AAS 15103 S/15243;05/12/2026;03/02/2027;Backorder;China;Feb;2027;FERSA;8,8;19,6
(vazio);AS100203001501;32005/26;05/12/2026;03/02/2027;Backorder;China;Feb;2027;A&S;8,73;13,84
(vazio);10010772001001;AAS HM 89443/10;05/12/2026;03/02/2027;Backorder;China;Feb;2027;FERSA;8,4;20,4
(vazio);10010044131190;AAS 387 A/382 A;05/12/2026;03/02/2027;Backorder;China;Feb;2027;FERSA;8,15;18,9
(vazio);11010310001001;AAS F 15041;05/12/2026;03/02/2027;Backorder;China;Feb;2027;FERSA;8;20
(vazio);23012302001001;AAS F 17033 K;05/12/2026;03/02/2027;Backorder;China;Feb;2027;FERSA;7,96;7,96
(vazio);10012315001190;AAS F 15266;05/12/2026;03/02/2027;Backorder;China;Feb;2027;FERSA;7,72;13,44
(vazio);14010974131190;AAS 6313 C4;05/12/2026;03/02/2027;Backorder;China;Feb;2027;FERSA;7,71;17,13
(vazio);15115910001190;AAS 2309;05/12/2026;03/02/2027;Backorder;China;Feb;2027;FERSA;7,43;16,29
(vazio);10010160001190;AAS 2780/2729;05/12/2026;03/02/2027;Backorder;China;Feb;2027;FERSA;6,66;13,98
(vazio);14010946161190;AAS 6205 ZZ;05/12/2026;03/02/2027;Backorder;China;Feb;2027;FERSA;6,62;9,72
(vazio);AS100401001501;13685/20;05/12/2026;03/02/2027;Backorder;China;Feb;2027;A&S;6,53;12,65
(vazio);14010968101001;AAS 6307;05/12/2026;03/02/2027;Backorder;China;Feb;2027;FERSA;6,52;12,6
(vazio);AS600025001501;GE35 DO 2RS;05/12/2026;03/02/2027;Backorder;China;Feb;2027;A&S;6,38;11,9
(vazio);AS310094001501;CR00093;05/12/2026;03/02/2027;Backorder;China;Feb;2027;A&S;6,36;11,8
(vazio);10010848001190;AAS M 804049/10;05/12/2026;03/02/2027;Backorder;China;Feb;2027;FERSA;4,79;7,58
(vazio);10010291001190;AAS 14585/14525;05/12/2026;03/02/2027;Backorder;China;Feb;2027;FERSA;4,64;7,92
(vazio);15011311001001;AAS F 16019;05/12/2026;03/02/2027;Backorder;China;Feb;2027;FERSA;4,38;4,38
(vazio);10010217001190;AAS A 6075/A 6157;05/12/2026;03/02/2027;Backorder;China;Feb;2027;FERSA;4,18;4,18
(vazio);14010953181190;AAS 6212 ZZ/C3;05/12/2026;03/02/2027;Backorder;China;Feb;2027;FERSA;4,1;6,2
(vazio);10010233011190;AAS 02872/02820;05/12/2026;03/02/2027;Backorder;China;Feb;2027;FERSA;3,93;5,86
(vazio);10010651001190;AAS 33211 F;05/12/2026;03/02/2027;Backorder;China;Feb;2027;FERSA;3,77;3,77
(vazio);14010931141190;AAS 6011 ZZ;05/12/2026;03/02/2027;Backorder;China;Feb;2027;FERSA;3,52;5,04
(vazio);14010925101190;AAS 6005;05/12/2026;03/02/2027;Backorder;China;Feb;2027;FERSA;3,49;4,47
(vazio);10010393001190;AAS 15578/15520;05/12/2026;03/02/2027;Backorder;China;Feb;2027;FERSA;3,41;4,82
(vazio);AS210063001501;BB00063;05/12/2026;03/02/2027;Backorder;China;Feb;2027;A&S;3,04;4,08
(vazio);14010927151001;AAS 6007 ZZ/C3;05/12/2026;03/02/2027;Backorder;China;Feb;2027;FERSA;1,8;1,8
(vazio);14011016101190;AAS 62202 2RS/C3;05/12/2026;03/02/2027;Backorder;China;Feb;2027;FERSA;1,49;1,49
(vazio);14010946101001;AAS 6205;05/12/2026;03/02/2027;Backorder;China;Feb;2027;FERSA;1,35;1,35
(vazio);15011365001001;AAS F 16074;10/12/2026;08/02/2027;Backorder;China;Feb;2027;FERSA;1087,64;6612,34
(vazio);23012462001001;AAS F 17080 K;10/12/2026;08/02/2027;Backorder;China;Feb;2027;FERSA;112,87;529
(vazio);14015324001113;AAS NKE_629-2RSR-C3;10/12/2026;08/02/2027;Backorder;China;Feb;2027;NKE;100,36;136
(vazio);14010969131001;AAS 6308 2RS/C3;10/12/2026;08/02/2027;Backorder;China;Feb;2027;FERSA;69,12;208,27
(vazio);10110275001001;CEM F 15110;10/12/2026;08/02/2027;Backorder;China;Feb;2027;FERSA;37,4;119
(vazio);14015241001113;AAS NKE_6222-2RSR-C3;10/12/2026;08/02/2027;Backorder;China;Feb;2027;NKE;26,57;129,42
(vazio);10010554001001;AAS 32021 XF;10/12/2026;08/02/2027;Backorder;China;Feb;2027;FERSA;15,61;58,05
(vazio);41410173001113;AAS NKE_SHE05-N;10/12/2026;08/02/2027;Backorder;China;Feb;2027;NKE;6,1;12,4
(vazio);41410089001113;AAS NKE_LCTE07;10/12/2026;08/02/2027;Backorder;China;Feb;2027;NKE;5,99;11,96
(vazio);41410111001113;AAS NKE_CJ10-N;10/12/2026;08/02/2027;Backorder;China;Feb;2027;NKE;5,8;9,6
(vazio);14010948111001;AAS 6207 2RS;10/12/2026;08/02/2027;Backorder;China;Feb;2027;FERSA;3,31;4,62
(vazio);14010927151001;AAS 6007 ZZ/C3;10/12/2026;08/02/2027;Backorder;China;Feb;2027;FERSA;1,8;1,8
(vazio);28013178001124;AAS NKE_23220-MB-W33-MRO;20/12/2026;18/02/2027;Backorder;China;Feb;2027;NKE;50,3;271,8
(vazio);10010621001001;AAS 33017 F;20/12/2026;18/02/2027;Backorder;China;Feb;2027;FERSA;32,78;219,5
(vazio);28020332121124;AAS NKE_22216-E-C3-W33-MRO;20/12/2026;18/02/2027;Backorder;China;Feb;2027;NKE;31;0
(vazio);23012585001001;AAS F 17062 K;20/12/2026;18/02/2027;Backorder;China;Feb;2027;FERSA;22,55;99,9
(vazio);11011825001001;AAS F 15187;20/12/2026;18/02/2027;Backorder;China;Feb;2027;FERSA;7,92;13,84
(vazio);28020332121124;FJXN002924352;20/12/2026;18/02/2027;Backorder;China;Feb;2027;FERSA;0;31
(vazio);AS660019001501;TP00019;25/12/2026;23/02/2027;Backorder;China;Feb;2027;A&S;9,34;16,68
(vazio);15011365001001;AAS F 16074;30/12/2026;28/02/2027;Backorder;China;Feb;2027;FERSA;239,47;1513,98
(vazio);15011854001001;AAS F 16200;30/12/2026;28/02/2027;Backorder;China;Feb;2027;FERSA;140,64;629,52
(vazio);14012328001001;AAS F 18059;30/12/2026;28/02/2027;Backorder;China;Feb;2027;FERSA;115,48;779,22
(vazio);10010604001190;AAS 32314 BF;30/12/2026;28/02/2027;Backorder;China;Feb;2027;FERSA;54,88;215,46
(vazio);10010506001001;AAS 30312 F;30/12/2026;28/02/2027;Backorder;China;Feb;2027;FERSA;43,93;293,41
(vazio);10010264001001;AAS JP 12049 A/10;30/12/2026;28/02/2027;Backorder;China;Feb;2027;FERSA;18,1;60,4
(vazio);10010569001001;AAS 32212 F;30/12/2026;28/02/2027;Backorder;China;Feb;2027;FERSA;17,3;25,5
(vazio);10010507001001;AAS 30313 F;30/12/2026;28/02/2027;Backorder;China;Feb;2027;FERSA;9,16;9,16
(vazio);10010482001001;AAS 30212 F;30/12/2026;28/02/2027;Backorder;China;Feb;2027;FERSA;4,35;4,35
(vazio);AS200010001501;6004 2RS/C3;05/01/2027;06/03/2027;Backorder;China;Mar;2027;A&S;250,28;320
(vazio);14010964111001;AAS 6304 2RS;05/01/2027;06/03/2027;Backorder;China;Mar;2027;FERSA;129,79;230,91
(vazio);11026205001001;AAS F 15526;05/01/2027;06/03/2027;Backorder;China;Mar;2027;FERSA;124,06;2106,3
(vazio);10010523001001;AAS 31318 F;05/01/2027;06/03/2027;Backorder;China;Mar;2027;FERSA;40,28;312,8
(vazio);10010635001001;AAS 33113 F;05/01/2027;06/03/2027;Backorder;China;Mar;2027;FERSA;28,27;126,48
(vazio);14012055001001;AAS F 18051;05/01/2027;06/03/2027;Backorder;China;Mar;2027;FERSA;24,46;109,2
(vazio);11011721001001;AAS F 15121;05/01/2027;06/03/2027;Backorder;China;Mar;2027;FERSA;23,03;140,42
(vazio);10010470001001;AAS 30205 F;05/01/2027;06/03/2027;Backorder;China;Mar;2027;FERSA;21,95;40,95
(vazio);10010283001190;AAS 14131/14276;05/01/2027;06/03/2027;Backorder;China;Mar;2027;FERSA;20,44;46,36
(vazio);14010951161190;AAS 6210 ZZ NR;05/01/2027;06/03/2027;Backorder;China;Mar;2027;FERSA;17,67;42,72
(vazio);10010392001190;AAS 15126/15250 X;05/01/2027;06/03/2027;Backorder;China;Mar;2027;FERSA;17,45;39,2
(vazio);10010563001001;AAS 32208 F;05/01/2027;06/03/2027;Backorder;China;Mar;2027;FERSA;17,13;46,95
(vazio);10010212001190;AAS JW 5549/10;05/01/2027;06/03/2027;Backorder;China;Mar;2027;FERSA;17,1;81
(vazio);23012456001001;AAS F 17079 K;05/01/2027;06/03/2027;Backorder;China;Mar;2027;FERSA;14,56;50,16
(vazio);10010521001001;AAS 31314 F;05/01/2027;06/03/2027;Backorder;China;Mar;2027;FERSA;14,08;44,32
(vazio);14010949201001;AAS 6208 ZZ/C3;05/01/2027;06/03/2027;Backorder;China;Mar;2027;FERSA;11,67;26,7
(vazio);19011505001190;AAS NUP 2212 FMNR/C3;05/01/2027;06/03/2027;Backorder;China;Mar;2027;FERSA;10,54;25,62
(vazio);14010975131001;AAS 6314 NR/C3;05/01/2027;06/03/2027;Backorder;China;Mar;2027;FERSA;10,22;18,44
(vazio);19011480001190;AAS NJ 306 FM;05/01/2027;06/03/2027;Backorder;China;Mar;2027;FERSA;10,12;24,96
(vazio);14010966151190;AAS 6306 NR/C3;05/01/2027;06/03/2027;Backorder;China;Mar;2027;FERSA;9,33;18,64
(vazio);19021977001190;AAS F 19116;05/01/2027;06/03/2027;Backorder;China;Mar;2027;FERSA;9,14;21,42
(vazio);14010956121001;AAS 6215 2RS/C3;05/01/2027;06/03/2027;Backorder;China;Mar;2027;FERSA;8,03;8,03
(vazio);18011508001001;AAS QJ 208 FM;05/01/2027;06/03/2027;Backorder;China;Mar;2027;FERSA;7,9;7,9
(vazio);14010974131190;AAS 6313 C4;05/01/2027;06/03/2027;Backorder;China;Mar;2027;FERSA;7,71;17,13
(vazio);15011294001001;AAS F 16002;05/01/2027;06/03/2027;Backorder;China;Mar;2027;FERSA;7,61;18,44
(vazio);10010097001190;AAS 529 X/522;05/01/2027;06/03/2027;Backorder;China;Mar;2027;FERSA;7,47;7,47
(vazio);15115910001190;AAS 2309;05/01/2027;06/03/2027;Backorder;China;Mar;2027;FERSA;7,43;16,29
(vazio);14010954161001;AAS 6213 ZZ/C3;05/01/2027;06/03/2027;Backorder;China;Mar;2027;FERSA;6,69;11,38
(vazio);23012818001001;AAS F 17081 K;05/01/2027;06/03/2027;Backorder;China;Mar;2027;FERSA;6,45;13,35
(vazio);19011461001190;AAS NU 208 FMN/C3;05/01/2027;06/03/2027;Backorder;China;Mar;2027;FERSA;6,19;12,57
(vazio);10010557001001;AAS 32204 F;05/01/2027;06/03/2027;Backorder;China;Mar;2027;FERSA;6,12;10,6
(vazio);14010967111190;AAS 63/32 NR/C3;05/01/2027;06/03/2027;Backorder;China;Mar;2027;FERSA;5,32;9,96
(vazio);10010291001190;AAS 14585/14525;05/01/2027;06/03/2027;Backorder;China;Mar;2027;FERSA;4,64;7,92
(vazio);10010760001001;AAS M 86649/M 86610;05/01/2027;06/03/2027;Backorder;China;Mar;2027;FERSA;3,84;5,68
(vazio);23012917001001;AAS F 17107 K;05/01/2027;06/03/2027;Backorder;China;Mar;2027;FERSA;3,48;3,48
(vazio);10010156001190;AAS 2580/2523;05/01/2027;06/03/2027;Backorder;China;Mar;2027;FERSA;3,13;3,13
(vazio);10010458001190;AAS 29590/29520;05/01/2027;06/03/2027;Backorder;China;Mar;2027;FERSA;3,07;3,07
(vazio);14010962121001;AAS 6302 2RS/C3;05/01/2027;06/03/2027;Backorder;China;Mar;2027;FERSA;1,67;1,67
(vazio);14010946161190;AAS 6205 ZZ;05/01/2027;06/03/2027;Backorder;China;Mar;2027;FERSA;1,62;1,62
(vazio);14010946101001;AAS 6205;05/01/2027;06/03/2027;Backorder;China;Mar;2027;FERSA;1,35;1,35
(vazio);10010580001001;AAS 32221 F;10/01/2027;11/03/2027;Backorder;China;Mar;2027;FERSA;74,63;296,94
(vazio);25110056001001;FTRK 511 OB;29/01/2027;30/03/2027;Backorder;China;Mar;2027;FERSA;4;4
(vazio);19012754001001;AAS F 19096;29/01/2027;30/03/2027;Backorder;China;Mar;2027;FERSA;9,84;29,2
(vazio);19011626001001;AAS F 19069;29/01/2027;30/03/2027;Backorder;China;Mar;2027;FERSA;9,41;27,05
(vazio);14010950121001;AAS 6209 2RS/C3;29/01/2027;30/03/2027;Backorder;China;Mar;2027;FERSA;5,84;11,36
(vazio);14010983151001;AAS 6406 ZZ/C3;29/01/2027;30/03/2027;Backorder;China;Mar;2027;FERSA;4,12;6,24
(vazio);10011804001001;AAS F 15183;30/01/2027;31/03/2027;Backorder;China;Mar;2027;FERSA;54,54;361,49
(vazio);10010577001001;AAS 32219 F;30/01/2027;31/03/2027;Backorder;China;Mar;2027;FERSA;19,97;97,79
(vazio);21010061001001;AAS U 399/U 360 L;30/01/2027;31/03/2027;Backorder;China;Mar;2027;FERSA;6,35;13,05
(vazio);14514249001124;AAS NKE_3306-B-2Z-TV-MRO;01/02/2027;02/04/2027;Backorder;China;Apr;2027;NKE;10,68;34,08
(vazio);19011440001190;AAS F 19039;01/02/2027;02/04/2027;Backorder;China;Apr;2027;FERSA;27,85;206,05
(vazio);23012303001001;AAS F 17034 K;01/02/2027;02/04/2027;Backorder;China;Apr;2027;FERSA;6,77;6,77
(vazio);23012303001001;AAS F 17034 K;01/02/2027;02/04/2027;Backorder;China;Apr;2027;FERSA;10,77;33,85
(vazio);25110056001001;FTRK 511 OB;01/02/2027;02/04/2027;Backorder;China;Apr;2027;FERSA;1;1
(vazio);25110056001001;FTRK 511 OB;01/02/2027;02/04/2027;Backorder;China;Apr;2027;FERSA;1;1
(vazio);23012567001001;AAS F 17095 K;01/02/2027;02/04/2027;Backorder;China;Apr;2027;FERSA;4,5;7
(vazio);15011331001190;AAS F 16039;01/02/2027;02/04/2027;Backorder;China;Apr;2027;FERSA;3,73;3,73
(vazio);19022471001001;AAS F 19166;01/02/2027;02/04/2027;Backorder;China;Apr;2027;FERSA;7,76;19,04
(vazio);19011626001001;AAS F 19069;01/02/2027;02/04/2027;Backorder;China;Apr;2027;FERSA;8,41;21,64
(vazio);19011626001001;AAS F 19069;01/02/2027;02/04/2027;Backorder;China;Apr;2027;FERSA;9,41;27,05
(vazio);AS660016001501;TP00016;03/02/2027;04/04/2027;Backorder;China;Apr;2027;A&S;105,18;977,28
(vazio);10010072001190;AAS 469/453 X;05/02/2027;06/04/2027;Backorder;China;Apr;2027;FERSA;20,24;101,36
(vazio);14010951161190;AAS 6210 ZZ NR;05/02/2027;06/04/2027;Backorder;China;Apr;2027;FERSA;11,67;26,7
(vazio);14010964181001;AAS 6304 ZZ/C3;05/02/2027;06/04/2027;Backorder;China;Apr;2027;FERSA;10,78;17,8
(vazio);19021977001190;AAS F 19116;05/02/2027;06/04/2027;Backorder;China;Apr;2027;FERSA;9,14;21,42
(vazio);23012334001001;AAS F 17043 K;05/02/2027;06/04/2027;Backorder;China;Apr;2027;FERSA;8,15;15,05
(vazio);15011294001001;AAS F 16002;05/02/2027;06/04/2027;Backorder;China;Apr;2027;FERSA;5,61;9,22
(vazio);14010967111190;AAS 63/32 NR/C3;05/02/2027;06/04/2027;Backorder;China;Apr;2027;FERSA;4,32;6,64
(vazio);10010201001001;AAS JF 4049/JF 4010;12/02/2027;13/04/2027;Backorder;China;Apr;2027;FERSA;12,71;42,39
(vazio);19011440001190;AAS F 19039;12/02/2027;13/04/2027;Backorder;China;Apr;2027;FERSA;16,85;31,7
(vazio);10010337001001;AAS F 15071;12/02/2027;13/04/2027;Backorder;China;Apr;2027;FERSA;54,79;777,33
(vazio);10010337001001;AAS F 15071;12/02/2027;13/04/2027;Backorder;China;Apr;2027;FERSA;54,79;777,33
(vazio);10010080001190;AAS 495/492 A;12/02/2027;13/04/2027;Backorder;China;Apr;2027;FERSA;3;3
(vazio);14021889001190;AAS 61915 C3;12/02/2027;13/04/2027;Backorder;China;Apr;2027;FERSA;8;8
(vazio);AS200014001501;6009 2RS/C3;12/02/2027;13/04/2027;Backorder;China;Apr;2027;A&S;30,93;57,9
(vazio);10010594001001;AAS 32309 F;12/02/2027;13/04/2027;Backorder;China;Apr;2027;FERSA;9,15;25,75
(vazio);12012080001195;AAS F 200013;12/02/2027;13/04/2027;Backorder;China;Apr;2027;FERSA;147,44;3845,6
(vazio);12012080001195;AAS F 200013;12/02/2027;13/04/2027;Backorder;China;Apr;2027;FERSA;207,44;5852
(vazio);12011609001195;AAS F 200004;12/02/2027;13/04/2027;Backorder;China;Apr;2027;FERSA;79,7;1514,7
(vazio);12011609001195;AAS F 200004;12/02/2027;13/04/2027;Backorder;China;Apr;2027;FERSA;213,7;5494,5
(vazio);10012737001190;AAS F 15322;12/02/2027;13/04/2027;Backorder;China;Apr;2027;FERSA;7,31;15,93
(vazio);10012737001190;AAS F 15322;12/02/2027;13/04/2027;Backorder;China;Apr;2027;FERSA;7,31;15,93
(vazio);23012303001001;AAS F 17034 K;12/02/2027;13/04/2027;Backorder;China;Apr;2027;FERSA;8,77;20,31
(vazio);10010519001001;AAS 31312 F;12/02/2027;13/04/2027;Backorder;China;Apr;2027;FERSA;7,51;7,51
(vazio);25110397001001;FWRK VOLVO 001;12/02/2027;13/04/2027;Backorder;China;Apr;2027;FERSA;21,67;121,38
(vazio);12012081001195;AAS F 200014;12/02/2027;13/04/2027;Backorder;China;Apr;2027;FERSA;72,72;1341,52
(vazio);AS660016001501;TP00016;12/02/2027;13/04/2027;Backorder;China;Apr;2027;A&S;56,18;478,46
(vazio);25110311001001;FDRK MS18X OB;12/02/2027;13/04/2027;Backorder;China;Apr;2027;FERSA;41;41
(vazio);10010201001001;AAS JF 4049/JF 4010;12/02/2027;13/04/2027;Backorder;China;Apr;2027;FERSA;43,71;188,4
(vazio);10010135001001;AAS 687/672;20/02/2027;21/04/2027;Backorder;China;Apr;2027;FERSA;88,76;536,36
(vazio);14012500001001;AAS F 18036;20/02/2027;21/04/2027;Backorder;China;Apr;2027;FERSA;82,02;82,02
(vazio);10010562001001;AAS 32207 F;20/02/2027;21/04/2027;Backorder;China;Apr;2027;FERSA;81,42;235,5
(vazio);10011980001001;AAS F 15265;20/02/2027;21/04/2027;Backorder;China;Apr;2027;FERSA;54,46;243,58
(vazio);10011805001001;AAS F 15184;20/02/2027;21/04/2027;Backorder;China;Apr;2027;FERSA;46,76;561,96
(vazio);10010637001001;AAS 33115 F;20/02/2027;21/04/2027;Backorder;China;Apr;2027;FERSA;33,86;160,17
(vazio);14514125001124;AAS NKE_3203-B-2Z-TV-MRO;20/02/2027;21/04/2027;Backorder;China;Apr;2027;NKE;283,85;803,7
(vazio);10011601001001;AAS JM 720249/10;21/02/2027;22/04/2027;Backorder;China;Apr;2027;FERSA;18,59;81,54
(vazio);10011804001001;AAS F 15183;21/02/2027;22/04/2027;Backorder;China;Apr;2027;FERSA;19,77;107,47
(vazio);10011805001001;AAS F 15184;21/02/2027;22/04/2027;Backorder;China;Apr;2027;FERSA;27,76;53,52
(vazio);10011702001001;AAS F 15159;21/02/2027;22/04/2027;Backorder;China;Apr;2027;FERSA;15,27;39,81
(vazio);14012328001001;AAS F 18059;21/02/2027;22/04/2027;Backorder;China;Apr;2027;FERSA;17,62;86,58
(vazio);19022739001001;AAS F 19159;21/02/2027;22/04/2027;Backorder;China;Apr;2027;FERSA;15,71;69,39
(vazio);25110087001001;FTRK VT2214B OB;21/02/2027;22/04/2027;Backorder;China;Apr;2027;FERSA;3;3
(vazio);25110087001001;FTRK VT2214B OB;21/02/2027;22/04/2027;Backorder;China;Apr;2027;FERSA;2;2
(vazio);AS220009001501;BAC305523;21/02/2027;22/04/2027;Backorder;China;Apr;2027;A&S;85,14;260,62
(vazio);10010500001001;AAS 30307 F;21/02/2027;22/04/2027;Backorder;China;Apr;2027;FERSA;3,3;3,3
(vazio);10010489001190;AAS 30219 F;21/02/2027;22/04/2027;Backorder;China;Apr;2027;FERSA;7,29;12,58
(vazio);AS200107001501;6906 2RS/C3;21/02/2027;22/04/2027;Backorder;China;Apr;2027;A&S;258,41;363,78
(vazio);AS200107001501;6906 2RS/C3;21/02/2027;22/04/2027;Backorder;China;Apr;2027;A&S;477,41;672,57
(vazio);AS200107001501;6906 2RS/C3;21/02/2027;22/04/2027;Backorder;China;Apr;2027;A&S;365,41;514,65
(vazio);AS200085001501;6802 2RS/C3;21/02/2027;22/04/2027;Backorder;China;Apr;2027;A&S;558,18;658,44
(vazio);AS200085001501;6802 2RS/C3;21/02/2027;22/04/2027;Backorder;China;Apr;2027;A&S;592,18;698,56
(vazio);10010848001190;AAS M 804049/10;21/02/2027;22/04/2027;Backorder;China;Apr;2027;FERSA;3,79;3,79
(vazio);14010929131001;AAS 6009 C3;21/02/2027;22/04/2027;Backorder;China;Apr;2027;FERSA;3,38;4,76
(vazio);14010932121001;AAS 6012 2RS/C3;21/02/2027;22/04/2027;Backorder;China;Apr;2027;FERSA;3,52;3,52
(vazio);14010932121001;AAS 6012 2RS/C3;21/02/2027;22/04/2027;Backorder;China;Apr;2027;FERSA;8,52;21,12
(vazio);14010927151001;AAS 6007 ZZ/C3;21/02/2027;22/04/2027;Backorder;China;Apr;2027;FERSA;2,8;3,6
(vazio);AS410139001501;NB0139;21/02/2027;22/04/2027;Backorder;China;Apr;2027;A&S;256,31;335,36
(vazio);AS410092001501;NB0092;21/02/2027;22/04/2027;Backorder;China;Apr;2027;A&S;7,9;13,3
(vazio);AS410092001501;NB0092;21/02/2027;22/04/2027;Backorder;China;Apr;2027;A&S;8,9;15,2
(vazio);AS600013001501;GE25 ZO;21/02/2027;22/04/2027;Backorder;China;Apr;2027;A&S;3,98;5,94
(vazio);AS600013001501;GE25 ZO;21/02/2027;22/04/2027;Backorder;China;Apr;2027;A&S;7,98;13,86
(vazio);AS410144001501;NB0144;21/02/2027;22/04/2027;Backorder;China;Apr;2027;A&S;2,25;2,25
(vazio);AS410144001501;NB0144;21/02/2027;22/04/2027;Backorder;China;Apr;2027;A&S;20,25;42,75
(vazio);10010604001190;AAS 32314 BF;21/02/2027;22/04/2027;Backorder;China;Apr;2027;FERSA;24,94;47,88
(vazio);10010600001001;AAS 32312 BF;21/02/2027;22/04/2027;Backorder;China;Apr;2027;FERSA;11,04;11,04
(vazio);10010623001001;AAS 33019 F;21/02/2027;22/04/2027;Backorder;China;Apr;2027;FERSA;11,19;32,76
(vazio);10010621001001;AAS 33017 F;21/02/2027;22/04/2027;Backorder;China;Apr;2027;FERSA;10,78;26,34
(vazio);15011365001001;AAS F 16074;21/02/2027;22/04/2027;Backorder;China;Apr;2027;FERSA;37,47;207,04
(vazio);15011311001001;AAS F 16019;21/02/2027;22/04/2027;Backorder;China;Apr;2027;FERSA;5,38;8,76
(vazio);AS100071001501;33205;21/02/2027;22/04/2027;Backorder;China;Apr;2027;A&S;21,06;41,2
(vazio);AS100080001501;33214;21/02/2027;22/04/2027;Backorder;China;Apr;2027;A&S;10,35;32,1
(vazio);10010670001190;AAS 33889/33822;21/02/2027;22/04/2027;Backorder;China;Apr;2027;FERSA;7,39;17,56
(vazio);10010657001001;AAS 33217 F;21/02/2027;22/04/2027;Backorder;China;Apr;2027;FERSA;22,35;77,4
(vazio);19011626001001;AAS F 19069;21/02/2027;22/04/2027;Backorder;China;Apr;2027;FERSA;32,41;151,48
(vazio);19011806001190;AAS NUP 308 FMNR/C3;21/02/2027;22/04/2027;Backorder;China;Apr;2027;FERSA;5,03;5,03
(vazio);19011806001190;AAS NUP 308 FMNR/C3;21/02/2027;22/04/2027;Backorder;China;Apr;2027;FERSA;7,03;15,09
(vazio);AS660020001501;TP00020;21/02/2027;22/04/2027;Backorder;China;Apr;2027;A&S;11,59;39,13
(vazio);AS650850001501;HB88510;21/02/2027;22/04/2027;Backorder;China;Apr;2027;A&S;11,81;35,24
(vazio);AS650849001501;HB88509A;21/02/2027;22/04/2027;Backorder;China;Apr;2027;A&S;188,81;1594,61
(vazio);AS650849001501;HB88509A;21/02/2027;22/04/2027;Backorder;China;Apr;2027;A&S;90,81;731,23
(vazio);AS650849001501;HB88509A;21/02/2027;22/04/2027;Backorder;China;Apr;2027;A&S;63,81;493,36
(vazio);AS660015001501;TP00015;21/02/2027;22/04/2027;Backorder;China;Apr;2027;A&S;34,4;273,6
(vazio);AS660012001501;TP00012;21/02/2027;22/04/2027;Backorder;China;Apr;2027;A&S;24,4;159,6
(vazio);AS650851001501;HB88508B;21/02/2027;22/04/2027;Backorder;China;Apr;2027;A&S;7,9;13,8
(vazio);AS640048001501;GE 40 KRRB 3L;21/02/2027;22/04/2027;Backorder;China;Apr;2027;A&S;8,52;21,12
(vazio);AS640046001501;GE 30 KRRB 3L;21/02/2027;22/04/2027;Backorder;China;Apr;2027;A&S;27,47;64,22
(vazio);AS640046001501;GE 30 KRRB 3L;21/02/2027;22/04/2027;Backorder;China;Apr;2027;A&S;45,47;108,68
(vazio);AS640069001501;GSK104-207KRRB;21/02/2027;22/04/2027;Backorder;China;Apr;2027;A&S;22,37;67,4
(vazio);AS660013001501;TP00013;21/02/2027;22/04/2027;Backorder;China;Apr;2027;A&S;27,01;192,16
(vazio);10011894001190;AAS F 15193;21/02/2027;22/04/2027;Backorder;China;Apr;2027;FERSA;28,02;208,32
(vazio);19011461001190;AAS NU 208 FMN/C3;21/02/2027;22/04/2027;Backorder;China;Apr;2027;FERSA;9,19;25,14
(vazio);19011443001190;AAS F 19044;21/02/2027;22/04/2027;Backorder;China;Apr;2027;FERSA;27,17;118,91
(vazio);19011440001190;AAS F 19039;21/02/2027;22/04/2027;Backorder;China;Apr;2027;FERSA;26,85;190,2
(vazio);AS660033001501;TP00033;21/02/2027;22/04/2027;Backorder;China;Apr;2027;A&S;23,63;151,19
(vazio);10010506001001;AAS 30312 F;21/02/2027;22/04/2027;Backorder;China;Apr;2027;FERSA;18,93;95,16
(vazio);14021096001001;AAS F 18066;21/02/2027;22/04/2027;Backorder;China;Apr;2027;FERSA;7,1;7,1
(vazio);14021096001001;AAS F 18066;21/02/2027;22/04/2027;Backorder;China;Apr;2027;FERSA;10,1;28,4
(vazio);14021096001001;AAS F 18066;21/02/2027;22/04/2027;Backorder;China;Apr;2027;FERSA;9,1;21,3
(vazio);AS200213001501;R8 2RS;21/02/2027;22/04/2027;Backorder;China;Apr;2027;A&S;10,23;12,3
(vazio);AS200418001501;6310 Z/NR;21/02/2027;22/04/2027;Backorder;China;Apr;2027;A&S;7,36;17,44
(vazio);AS200418001501;6310 Z/NR;21/02/2027;22/04/2027;Backorder;China;Apr;2027;A&S;9,36;26,16
(vazio);AS200139001501;607 2Z;21/02/2027;22/04/2027;Backorder;China;Apr;2027;A&S;6,12;6,72
(vazio);AS110004001501;TR00004;21/02/2027;22/04/2027;Backorder;China;Apr;2027;A&S;92,48;720,8
(vazio);AS100893001501;JLM 704649/10;21/02/2027;22/04/2027;Backorder;China;Apr;2027;A&S;37,25;113,75
(vazio);AS640011001501;UC214;21/02/2027;22/04/2027;Backorder;China;Apr;2027;A&S;7,86;13,72
(vazio);AS640039001501;GRAE 30 NPPB 3L;21/02/2027;22/04/2027;Backorder;China;Apr;2027;A&S;7,45;14,7
(vazio);AS640039001501;GRAE 30 NPPB 3L;21/02/2027;22/04/2027;Backorder;China;Apr;2027;A&S;5,45;9,8
(vazio);14012207001001;AAS F 18052;21/02/2027;22/04/2027;Backorder;China;Apr;2027;FERSA;26,86;190,32
(vazio);14011627001001;AAS F 18042;21/02/2027;22/04/2027;Backorder;China;Apr;2027;FERSA;23,96;113,24
(vazio);14011627001001;AAS F 18042;21/02/2027;22/04/2027;Backorder;China;Apr;2027;FERSA;71,96;399,32
(vazio);14011026101001;AAS 62305 2RS/C3;21/02/2027;22/04/2027;Backorder;China;Apr;2027;FERSA;23,6;57,2
(vazio);14011025101001;AAS 62304 2RS/C3;21/02/2027;22/04/2027;Backorder;China;Apr;2027;FERSA;2,1;2,1
(vazio);AS200632001501;62204 2RS;21/02/2027;22/04/2027;Backorder;China;Apr;2027;A&S;6,89;11,34
(vazio);AS200632001501;62204 2RS;21/02/2027;22/04/2027;Backorder;China;Apr;2027;A&S;4,89;7,56
(vazio);AS201195001501;3211 2RS/C3;21/02/2027;22/04/2027;Backorder;China;Apr;2027;A&S;36,72;155,76
(vazio);AS201195001501;3211 2RS/C3;21/02/2027;22/04/2027;Backorder;China;Apr;2027;A&S;34,72;146,32
(vazio);AS201194001501;3210 B 2RS TV;21/02/2027;22/04/2027;Backorder;China;Apr;2027;A&S;12,07;36,63
(vazio);AS201194001501;3210 B 2RS TV;21/02/2027;22/04/2027;Backorder;China;Apr;2027;A&S;27,07;97,68
(vazio);AS100249001501;JM 716649/10;21/02/2027;22/04/2027;Backorder;China;Apr;2027;A&S;14,7;60,9
(vazio);AS100243001501;33895/22;21/02/2027;22/04/2027;Backorder;China;Apr;2027;A&S;6,36;13,08
(vazio);AS100214001501;M 84548/10;21/02/2027;22/04/2027;Backorder;China;Apr;2027;A&S;151,24;336
(vazio);AS100261001501;JF 7049 A/10;21/02/2027;22/04/2027;Backorder;China;Apr;2027;A&S;9,77;27,08
(vazio);AS100263001501;HM 89440/10;21/02/2027;22/04/2027;Backorder;China;Apr;2027;A&S;10,45;27,6
(vazio);AS100264001501;31312;21/02/2027;22/04/2027;Backorder;China;Apr;2027;A&S;9,41;25,64
(vazio);10010398001001;AAS 17887/17831;21/02/2027;22/04/2027;Backorder;China;Apr;2027;FERSA;3,41;3,41
(vazio);AS640006001501;UC209;21/02/2027;22/04/2027;Backorder;China;Apr;2027;A&S;22,99;62,79
(vazio);AS600022001501;GE25 ZO 2RS;21/02/2027;22/04/2027;Backorder;China;Apr;2027;A&S;5,1;8,4
(vazio);AS600022001501;GE25 ZO 2RS;21/02/2027;22/04/2027;Backorder;China;Apr;2027;A&S;10,1;18,9
(vazio);AS600022001501;GE25 ZO 2RS;21/02/2027;22/04/2027;Backorder;China;Apr;2027;A&S;8,1;14,7
(vazio);AS200013001501;6008 2RS/C3;21/02/2027;22/04/2027;Backorder;China;Apr;2027;A&S;54,65;89,1
(vazio);AS200013001501;6008 2RS/C3;21/02/2027;22/04/2027;Backorder;China;Apr;2027;A&S;126,65;207,9
(vazio);AS120037001501;WB45800048RB;21/02/2027;22/04/2027;Backorder;China;Apr;2027;A&S;9,05;16,1
(vazio);AS200014001501;6009 2RS/C3;21/02/2027;22/04/2027;Backorder;China;Apr;2027;A&S;68,93;131,24
(vazio);10010466001190;AAS LM 29749/11;21/02/2027;22/04/2027;Backorder;China;Apr;2027;FERSA;2,1;2,1
(vazio);10010459001190;AAS 29590/29522;21/02/2027;22/04/2027;Backorder;China;Apr;2027;FERSA;4,49;6,98
(vazio);18011514001001;AAS QJ 212 FM;21/02/2027;22/04/2027;Backorder;China;Apr;2027;FERSA;18,94;98,46
(vazio);10010580001001;AAS 32221 F;21/02/2027;22/04/2027;Backorder;China;Apr;2027;FERSA;23,21;63,63
(vazio);10010575001001;AAS 32217 F;21/02/2027;22/04/2027;Backorder;China;Apr;2027;FERSA;14,69;58,14
(vazio);10010575001001;AAS 32217 F;21/02/2027;22/04/2027;Backorder;China;Apr;2027;FERSA;27,69;184,11
(vazio);10010577001001;AAS 32219 F;21/02/2027;22/04/2027;Backorder;China;Apr;2027;FERSA;16,97;55,88
(vazio);11011728001190;AAS F 15149;21/02/2027;22/04/2027;Backorder;China;Apr;2027;FERSA;25,37;127,4
(vazio);11011825001001;AAS F 15187;21/02/2027;22/04/2027;Backorder;China;Apr;2027;FERSA;6,92;6,92
(vazio);11011825001001;AAS F 15187;21/02/2027;22/04/2027;Backorder;China;Apr;2027;FERSA;8,92;20,76
(vazio);23012577001001;AAS F 17096 K;21/02/2027;22/04/2027;Backorder;China;Apr;2027;FERSA;10,94;35,64
(vazio);23012304001001;AAS F 17035 K;21/02/2027;22/04/2027;Backorder;China;Apr;2027;FERSA;60,81;374,55
(vazio);23012304001001;AAS F 17035 K;21/02/2027;22/04/2027;Backorder;China;Apr;2027;FERSA;23,81;122,58
(vazio);23012304001001;AAS F 17035 K;21/02/2027;22/04/2027;Backorder;China;Apr;2027;FERSA;19,81;95,34
(vazio);23012567001001;AAS F 17095 K;21/02/2027;22/04/2027;Backorder;China;Apr;2027;FERSA;3,5;3,5
(vazio);23012302001001;AAS F 17033 K;21/02/2027;22/04/2027;Backorder;China;Apr;2027;FERSA;4,98;7,96
(vazio);23012302001001;AAS F 17033 K;21/02/2027;22/04/2027;Backorder;China;Apr;2027;FERSA;4,98;7,96
(vazio);12012080001195;AAS F 200013;21/02/2027;22/04/2027;Backorder;China;Apr;2027;FERSA;76,44;1471,36
(vazio);AS100122001501;31594/20;21/02/2027;22/04/2027;Backorder;China;Apr;2027;A&S;13,71;40,81
(vazio);AS100147001501;3780/20;21/02/2027;22/04/2027;Backorder;China;Apr;2027;A&S;12,24;32,4
(vazio);AS100107001501;25877/21;21/02/2027;22/04/2027;Backorder;China;Apr;2027;A&S;37,79;100,44
(vazio);AS100107001501;25877/21;21/02/2027;22/04/2027;Backorder;China;Apr;2027;A&S;38,79;103,23
(vazio);AS100108001501;27687/20;21/02/2027;22/04/2027;Backorder;China;Apr;2027;A&S;18,41;66,15
(vazio);10010209001001;AAS JW 5049/JW 5010;21/02/2027;22/04/2027;Backorder;China;Apr;2027;FERSA;10,96;34,8
(vazio);AS100359001501;2689/31;21/02/2027;22/04/2027;Backorder;China;Apr;2027;A&S;8,6;21,6
(vazio);AS100359001501;2689/31;21/02/2027;22/04/2027;Backorder;China;Apr;2027;A&S;12,6;36
(vazio);AS100296001501;33018;21/02/2027;22/04/2027;Backorder;China;Apr;2027;A&S;14,26;55,56
(vazio);AS100277001501;JLM 104948/10;21/02/2027;22/04/2027;Backorder;China;Apr;2027;A&S;6,41;6,41
(vazio);AS100277001501;JLM 104948/10;21/02/2027;22/04/2027;Backorder;China;Apr;2027;A&S;14,41;57,69
(vazio);AS100271001501;33116;21/02/2027;22/04/2027;Backorder;China;Apr;2027;A&S;28,22;125,28
(vazio);AS100317001501;HM 89449/10;21/02/2027;22/04/2027;Backorder;China;Apr;2027;A&S;14,41;40,92
(vazio);AS100317001501;HM 89449/10;21/02/2027;22/04/2027;Backorder;China;Apr;2027;A&S;22,41;68,2
(vazio);AS100317001501;HM 89449/10;21/02/2027;22/04/2027;Backorder;China;Apr;2027;A&S;17,41;51,15
(vazio);10010337001001;AAS F 15071;21/02/2027;22/04/2027;Backorder;China;Apr;2027;FERSA;41,79;403,06
(vazio);AS410020001501;NB0020;21/02/2027;22/04/2027;Backorder;China;Apr;2027;A&S;6,88;11,76
(vazio);AS410020001501;NB0020;21/02/2027;22/04/2027;Backorder;China;Apr;2027;A&S;8,88;23,52
(vazio);10010637001001;AAS 33115 F;21/02/2027;22/04/2027;Backorder;China;Apr;2027;FERSA;12,43;42,15
(vazio);10010627001001;AAS 33022 F;21/02/2027;22/04/2027;Backorder;China;Apr;2027;FERSA;12,5;12,5
(vazio);14010973141001;AAS 6312 NR/C3;21/02/2027;22/04/2027;Backorder;China;Apr;2027;FERSA;10,08;18,16
(vazio);15011854001001;AAS F 16200;21/02/2027;22/04/2027;Backorder;China;Apr;2027;FERSA;47,88;214,72
(vazio);15011854001001;AAS F 16200;21/02/2027;22/04/2027;Backorder;China;Apr;2027;FERSA;67,88;312,32
(vazio);AS100010001501;30211;21/02/2027;22/04/2027;Backorder;China;Apr;2027;A&S;14,15;37,8
(vazio);AS100008001501;30209;21/02/2027;22/04/2027;Backorder;China;Apr;2027;A&S;70,56;176,64
(vazio);AS100008001501;30209;21/02/2027;22/04/2027;Backorder;China;Apr;2027;A&S;72,56;181,76
(vazio);AS100007001501;30208;21/02/2027;22/04/2027;Backorder;China;Apr;2027;A&S;41,34;93,6
(vazio);AS100025001501;30312;21/02/2027;22/04/2027;Backorder;China;Apr;2027;A&S;15,42;59,62
(vazio);10010774001190;AAS HM 89448/10;21/02/2027;22/04/2027;Backorder;China;Apr;2027;FERSA;17,12;66,56
(vazio);AS100197001501;LM 12749/10;21/02/2027;22/04/2027;Backorder;China;Apr;2027;A&S;3,73;5,19
(vazio);AS100177001501;HM 212049/11;21/02/2027;22/04/2027;Backorder;China;Apr;2027;A&S;14,37;53,7
(vazio);AS100195001501;LM 11949/10;21/02/2027;22/04/2027;Backorder;China;Apr;2027;A&S;65,6;104
(vazio);AS100181001501;HM 807046/10;21/02/2027;22/04/2027;Backorder;China;Apr;2027;A&S;9,94;29,7
(vazio);10010554001001;AAS 32021 XF;21/02/2027;22/04/2027;Backorder;China;Apr;2027;FERSA;16,61;69,66
(vazio);AS400019001501;HK 2520;21/02/2027;22/04/2027;Backorder;China;Apr;2027;A&S;1,32;1,32
(vazio);AS310091001501;CR00090;21/02/2027;22/04/2027;Backorder;China;Apr;2027;A&S;22,75;57,75
(vazio);10010872001190;AAS JL 819349/10;21/02/2027;22/04/2027;Backorder;China;Apr;2027;FERSA;6,97;15,88
(vazio);AS100638001501;42368/42584;21/02/2027;22/04/2027;Backorder;China;Apr;2027;A&S;17,49;84,9
(vazio);AS100451001501;368 A/362 X;21/02/2027;22/04/2027;Backorder;China;Apr;2027;A&S;3,41;3,41
(vazio);AS100394001501;32018 X;21/02/2027;22/04/2027;Backorder;China;Apr;2027;A&S;19,74;86,1
(vazio);AS100396001501;JL 819349/10;21/02/2027;22/04/2027;Backorder;China;Apr;2027;A&S;128,67;583,75
(vazio);AS100396001501;JL 819349/10;21/02/2027;22/04/2027;Backorder;China;Apr;2027;A&S;278,67;1284,25
(vazio);15011365001001;AAS F 16074;22/02/2027;23/04/2027;Backorder;China;Apr;2027;FERSA;15,47;64,7
(vazio);15011365001001;AAS F 16074;22/02/2027;23/04/2027;Backorder;China;Apr;2027;FERSA;242,47;1533,39
(vazio);11026205001001;AAS F 15526;22/02/2027;23/04/2027;Backorder;China;Apr;2027;FERSA;71,06;1043,12
(vazio);10011524001001;AAS F 15119;22/02/2027;23/04/2027;Backorder;China;Apr;2027;FERSA;74,64;796,32
(vazio);AS660012001501;TP00012;22/02/2027;23/04/2027;Backorder;China;Apr;2027;A&S;48,4;433,2
(vazio);AS660013001501;TP00013;22/02/2027;23/04/2027;Backorder;China;Apr;2027;A&S;38,01;324,27
(vazio);AS100099001501;18590/20;22/02/2027;23/04/2027;Backorder;China;Apr;2027;A&S;351,29;1148,21
(vazio);10010785001001;AAS JM 205149/10;22/02/2027;23/04/2027;Backorder;China;Apr;2027;FERSA;123,92;590,4
(vazio);10011805001001;AAS F 15184;22/02/2027;23/04/2027;Backorder;China;Apr;2027;FERSA;30,76;133,8
(vazio);10011805001001;AAS F 15184;22/02/2027;23/04/2027;Backorder;China;Apr;2027;FERSA;63,76;1016,88
(vazio);14011625001190;AAS F 18041;05/03/2027;04/05/2027;Backorder;China;May;2027;FERSA;11,72;27,2
(vazio);23012334001001;AAS F 17043 K;05/03/2027;04/05/2027;Backorder;China;May;2027;FERSA;2,15;2,15
(vazio);AS100563001501;30217;06/03/2027;05/05/2027;Backorder;China;May;2027;A&S;27,52;75,92
(vazio);AS300269001501;NU 308 EM;06/03/2027;05/05/2027;Backorder;China;May;2027;A&S;5,44;5,44
(vazio);AS400005001501;SCH 2020;07/03/2027;06/05/2027;Backorder;China;May;2027;A&S;42,84;78,72
(vazio);AS100152001501;395/394 A;07/03/2027;06/05/2027;Backorder;China;May;2027;A&S;40,1;83,46
(vazio);14316375001001;AAS GRAE30-NPPB;10/03/2027;09/05/2027;Backorder;China;May;2027;FERSA;24;66
(vazio);10010774001190;AAS HM 89448/10;10/03/2027;09/05/2027;Backorder;China;May;2027;FERSA;15,12;56,32
(vazio);10110275001001;CEM F 15110;05/04/2027;04/06/2027;Backorder;China;Jun;2027;FERSA;37,4;119
(vazio);10110275001001;CEM F 15110;05/05/2027;04/07/2027;Backorder;China;Jul;2027;FERSA;48,4;156,4
(vazio);14011397001190;AAS F 18019;05/07/2027;03/09/2027;Backorder;China;Sep;2027;FERSA;4,54;7,08
(vazio);AS200085001501;6802 2RS/C3;24/07/2027;22/09/2027;Backorder;China;Sep;2027;A&S;874,18;1031,32
(vazio);AS640219001501;S 205 KRR2;24/07/2027;22/09/2027;Backorder;China;Sep;2027;A&S;168,3;384,1
(vazio);AS200035001501;6208 2RS/C3;30/07/2027;28/09/2027;Backorder;China;Sep;2027;A&S;2929;5856
(vazio);AS200085001501;6802 2RS/C3;30/07/2027;28/09/2027;Backorder;China;Sep;2027;A&S;592,18;698,56
(vazio);AS110111001501;TR00111;30/07/2027;28/09/2027;Backorder;China;Sep;2027;A&S;17,53;52,95
(vazio);14011397001190;AAS F 18019;05/08/2027;04/10/2027;Backorder;China;Oct;2027;FERSA;4,54;7,08
(vazio);28020458111124;AAS NKE_22340-K-MB-C3-W33-MRO;02/11/2027;01/01/2028;Backorder;China;Jan;2028;NKE;929,78;929,78
(vazio);28013059111124;AAS NKE_22334-MB-W33-MRO;02/11/2027;01/01/2028;Backorder;China;Jan;2028;NKE;782,91;2330,73
(vazio);10012779001001;AAS F 15326;02/11/2027;01/01/2028;Backorder;China;Jan;2028;FERSA;625,47;6825,06
(vazio);10010201001001;AAS JF 4049/JF 4010;02/11/2027;01/01/2028;Backorder;China;Jan;2028;FERSA;434,13;1992,33
(vazio);28020371111124;AAS NKE_22238-K-MB-C3-W33-MRO;02/11/2027;01/01/2028;Backorder;China;Jan;2028;NKE;362,64;1075,92
(vazio);19022304001001;AAS F 19141;02/11/2027;01/01/2028;Backorder;China;Jan;2028;FERSA;354,27;1863,27
(vazio);10010708001001;AAS 47686/47620;02/11/2027;01/01/2028;Backorder;China;Jan;2028;FERSA;343,6;3444,88
(vazio);28020448121124;AAS NKE_22330-MB-C3-W33-MRO-OBSOLETE;02/11/2027;01/01/2028;Backorder;China;Jan;2028;NKE;237,4;472,8
(vazio);19011445001001;AAS F 19047;02/11/2027;01/01/2028;Backorder;China;Jan;2028;FERSA;219,92;2348,64
(vazio);19012754001001;AAS F 19096;02/11/2027;01/01/2028;Backorder;China;Jan;2028;FERSA;198,2;1016,16
(vazio);10010337001001;AAS F 15071;02/11/2027;01/01/2028;Backorder;China;Jan;2028;FERSA;179,37;2763,84
(vazio);10010638001001;AAS 33116 F;02/11/2027;01/01/2028;Backorder;China;Jan;2028;FERSA;164,3;1168,86
(vazio);19011440001190;AAS F 19039;02/11/2027;01/01/2028;Backorder;China;Jan;2028;FERSA;162,55;1870,3
(vazio);10010226001001;AAS JF 7049 A/10;02/11/2027;01/01/2028;Backorder;China;Jan;2028;FERSA;156,52;1408,96
(vazio);10010533001001;AAS 320/32 XF;02/11/2027;01/01/2028;Backorder;China;Jan;2028;FERSA;138,42;269,86
(vazio);23012578001001;AAS F 17097 K;02/11/2027;01/01/2028;Backorder;China;Jan;2028;FERSA;131,44;568,32
(vazio);19011436001001;AAS F 19034;02/11/2027;01/01/2028;Backorder;China;Jan;2028;FERSA;115,94;559,2
(vazio);28020419001113;AAS NKE_22316-MA2-C4-SQ34;02/11/2027;01/01/2028;Backorder;China;Jan;2028;NKE;79;156
(vazio);10010844001001;AAS HM 803146/10;02/11/2027;01/01/2028;Backorder;China;Jan;2028;FERSA;77,96;228,89
(vazio);10010134001001;AAS 683/672;02/11/2027;01/01/2028;Backorder;China;Jan;2028;FERSA;77,44;307,2
(vazio);AS250108001501;WH30108BB;02/11/2027;01/01/2028;Backorder;China;Jan;2028;A&S;73,76;123,83
(vazio);10010499001001;AAS 30306 F;02/11/2027;01/01/2028;Backorder;China;Jan;2028;FERSA;65,7;147,32
(vazio);25110086001001;FTRK GRS 900 OB;02/11/2027;01/01/2028;Backorder;China;Jan;2028;FERSA;64;64
(vazio);23012301001001;AAS F 17032 K;02/11/2027;01/01/2028;Backorder;China;Jan;2028;FERSA;62,08;272,16
(vazio);23012843001001;AAS F 17105 K;02/11/2027;01/01/2028;Backorder;China;Jan;2028;FERSA;58,59;116,13
(vazio);10010519001001;AAS 31312 F;02/11/2027;01/01/2028;Backorder;China;Jan;2028;FERSA;56,04;225,3
(vazio);28020588001113;AAS NKE_24024-CE-C3-W33;02/11/2027;01/01/2028;Backorder;China;Jan;2028;NKE;53,95;203,8
(vazio);14015527001113;AAS NKE_634-2RSR;02/11/2027;01/01/2028;Backorder;China;Jan;2028;NKE;50;50
(vazio);23012815001001;AAS F 17085 K;02/11/2027;01/01/2028;Backorder;China;Jan;2028;FERSA;48,85;126,85
(vazio);25110117001001;FDRK RBP835 OB;02/11/2027;01/01/2028;Backorder;China;Jan;2028;FERSA;46;46
(vazio);19011485001190;AAS NJ 210 FM/C3;02/11/2027;01/01/2028;Backorder;China;Jan;2028;FERSA;44,58;213,86
(vazio);10010138001001;AAS 749/742;02/11/2027;01/01/2028;Backorder;China;Jan;2028;FERSA;44,28;80,56
(vazio);10012063001001;AAS 59175/59412;02/11/2027;01/01/2028;Backorder;China;Jan;2028;FERSA;44;44
(vazio);25110053001001;FDRK RB660 OB;02/11/2027;01/01/2028;Backorder;China;Jan;2028;FERSA;42;42
(vazio);25110057001001;FTRK 511A OB;02/11/2027;01/01/2028;Backorder;China;Jan;2028;FERSA;42;42
(vazio);19011412001001;AAS F 19006;02/11/2027;01/01/2028;Backorder;China;Jan;2028;FERSA;41,68;268,8
(vazio);23012303001001;AAS F 17034 K;02/11/2027;01/01/2028;Backorder;China;Jan;2028;FERSA;40,31;155,71
(vazio);21012624001001;AAS U 399/U 365 L-C;02/11/2027;01/01/2028;Backorder;China;Jan;2028;FERSA;39,85;96,66
(vazio);10010754001001;AAS 78225 C/78551;02/11/2027;01/01/2028;Backorder;China;Jan;2028;FERSA;39,76;107,01
(vazio);23012822001001;AAS F 17088 K;02/11/2027;01/01/2028;Backorder;China;Jan;2028;FERSA;30,76;61,9
(vazio);10012737001190;AAS F 15322;02/11/2027;01/01/2028;Backorder;China;Jan;2028;FERSA;29,93;90,27
(vazio);14316381001113;AAS NKE_GAY20-NPPB;02/11/2027;01/01/2028;Backorder;China;Jan;2028;NKE;27,56;66,56
(vazio);14010949201001;AAS 6208 ZZ/C3;02/11/2027;01/01/2028;Backorder;China;Jan;2028;FERSA;27,34;64,08
(vazio);14316309001113;AAS NKE_GAY40-NPPB;02/11/2027;01/01/2028;Backorder;China;Jan;2028;NKE;27,12;98,88
(vazio);23012450001001;AAS F 17053 K;02/11/2027;01/01/2028;Backorder;China;Jan;2028;FERSA;26,68;80,64
(vazio);19013520001113;AAS NKE_NU206-E-TVP3-C3;02/11/2027;01/01/2028;Backorder;China;Jan;2028;NKE;23,42;88,4
(vazio);14522378001124;AAS NKE_7312-BECB-J-MRO-OBSOLETE;02/11/2027;01/01/2028;Backorder;China;Jan;2028;NKE;22,37;77,48
(vazio);15011332001001;AAS F 16040;02/11/2027;01/01/2028;Backorder;China;Jan;2028;FERSA;21,31;47,7
(vazio);23012310001001;AAS F 17041 K;02/11/2027;01/01/2028;Backorder;China;Jan;2028;FERSA;18,8;36,4
(vazio);23012309001001;AAS F 17040 K;02/11/2027;01/01/2028;Backorder;China;Jan;2028;FERSA;17;17
(vazio);14514296001124;AAS NKE_3208-B-2RS-TV-C3-MRO;02/11/2027;01/01/2028;Backorder;China;Jan;2028;NKE;11,39;38,34
(vazio);14516611001113;AAS NKE_7210-BECB-TVP;02/11/2027;01/01/2028;Backorder;China;Jan;2028;NKE;11,36;36,8
(vazio);19022471001001;AAS F 19166;02/11/2027;01/01/2028;Backorder;China;Jan;2028;FERSA;10,76;33,32
(vazio);14010983151001;AAS 6406 ZZ/C3;02/11/2027;01/01/2028;Backorder;China;Jan;2028;FERSA;10,12;24,96
(vazio);19013820001113;AAS NKE_NCF2938-V-C3;02/11/2027;01/01/2028;Backorder;China;Jan;2028;NKE;10;10
(vazio);25110116001001;FDRK RP835 OB;02/11/2027;01/01/2028;Backorder;China;Jan;2028;FERSA;10;10
(vazio);41410131111113;AAS NKE_GLCTE06;02/11/2027;01/01/2028;Backorder;China;Jan;2028;NKE;10;10
(vazio);14014779001113;AAS NKE_61805-2Z-C3;02/11/2027;01/01/2028;Backorder;China;Jan;2028;NKE;9,76;15,84
(vazio);14014962001113;AAS NKE_61913-2RSR-C3;02/11/2027;01/01/2028;Backorder;China;Jan;2028;NKE;9,62;27,72
(vazio);14516569001113;AAS NKE_7306-BECB-MP;02/11/2027;01/01/2028;Backorder;China;Jan;2028;NKE;9,37;25,48
(vazio);25110089001001;FDRK MS140 OB;02/11/2027;01/01/2028;Backorder;China;Jan;2028;FERSA;9;9
(vazio);14516587001113;AAS NKE_QJ307-MPA;02/11/2027;01/01/2028;Backorder;China;Jan;2028;NKE;8;8
(vazio);14011400001190;AAS F 18022;02/11/2027;01/01/2028;Backorder;China;Jan;2028;FERSA;7;7
(vazio);25110087001001;FTRK VT2214B OB;02/11/2027;01/01/2028;Backorder;China;Jan;2028;FERSA;7;7
(vazio);14011396001190;AAS F 18018;02/11/2027;01/01/2028;Backorder;China;Jan;2028;FERSA;6,57;11,14
(vazio);19013580001113;AAS NKE_NJ2306-E-TVP3-C3;02/11/2027;01/01/2028;Backorder;China;Jan;2028;NKE;6,25;10,5
(vazio);14516643001113;AAS NKE_QJ309-MPA;02/11/2027;01/01/2028;Backorder;China;Jan;2028;NKE;6;6
(vazio);17012966001113;AAS NKE_51205;02/11/2027;01/01/2028;Backorder;China;Jan;2028;NKE;5,98;11,92
(vazio);14014804001113;AAS NKE_61809-2Z-C3;02/11/2027;01/01/2028;Backorder;China;Jan;2028;NKE;5,81;11,24
(vazio);14516669001113;AAS NKE_QJ311-MPA;02/11/2027;01/01/2028;Backorder;China;Jan;2028;NKE;5;5
(vazio);14516679001113;AAS NKE_7213-BECB-TVP;02/11/2027;01/01/2028;Backorder;China;Jan;2028;NKE;4;4
(vazio);19013453001113;AAS NKE_NU206-E-TVP3;02/11/2027;01/01/2028;Backorder;China;Jan;2028;NKE;4;4
(vazio);19017136001113;AAS NKE_NJ2305-E-TVP3;02/11/2027;01/01/2028;Backorder;China;Jan;2028;NKE;4;4
(vazio);25110054001001;FTRK 510 OB;02/11/2027;01/01/2028;Backorder;China;Jan;2028;FERSA;3;3
(vazio);19017585001113;AAS NKE_NJ310-E-TVP3;02/11/2027;01/01/2028;Backorder;China;Jan;2028;NKE;2;2
(vazio);28013177001113;AAS NKE_23220-MB-C3-W33;02/11/2027;01/01/2028;Backorder;China;Jan;2028;NKE;2;2
(vazio);28020405121113;AAS NKE_22314-MA2-C4-SQ34;02/11/2027;01/01/2028;Backorder;China;Jan;2028;NKE;2;2
(vazio);14514202001113;AAS NKE_3208-B-J;02/11/2027;01/01/2028;Backorder;China;Jan;2028;NKE;1;1
(vazio);19017138001113;AAS NKE_NNF5007-A-2LS-V-2NR;02/11/2027;01/01/2028;Backorder;China;Jan;2028;NKE;1;1
(vazio);19022227001001;AAS F 19134;02/11/2027;01/01/2028;Backorder;China;Jan;2028;FERSA;1;1
