Item ID;Catalog Nr.;Brand;Qty
10010025001190;AAS 368 A/362 A;FERSA;1448
10010039001190;AAS 386 A/382 A;FERSA;5
10010046001001;AAS 387 A/383 A;FERSA;6
10010051001190;AAS 387 AS/382 A;FERSA;10
10010052001001;AAS 388 A/382;FERSA;7
10010054001001;AAS 389 A/383 A;FERSA;87
10010065001190;AAS 399 A/394 A;FERSA;9
10010067001190;AAS 418/414;FERSA;5
10010068001001;AAS 419/414;FERSA;49
10010071001190;AAS 462 A/453 X;FERSA;80
10010073001001;AAS 482/472;FERSA;8
10010083001001;AAS 495 A/493;FERSA;1
10010087001001;AAS 497/492 A;FERSA;12
10010089001190;AAS 498/492 A;FERSA;12
10010094001001;AAS 528/522;FERSA;7
10010100001190;AAS 537/532 X;FERSA;11
10010105001001;AAS 555 S/552 A;FERSA;19
10010113001001;AAS 575/572 X;FERSA;134
10010116001190;AAS 580/572 X;FERSA;134
10010121001001;AAS 594 A/592 A;FERSA;410
10010130001190;AAS 663/653;FERSA;23
10010132001190;AAS 681/672;FERSA;7
10010134001001;AAS 683/672;FERSA;1
10010142001190;AAS 759/752;FERSA;156
10010144001190;AAS 1380/1328;FERSA;39
10010155001001;AAS 2580/2520;FERSA;62
10010156001190;AAS 2580/2523;FERSA;4
10010158001001;AAS 2689/2631;FERSA;1737
10010159001190;AAS 2780/2720;FERSA;41
10010163001001;AAS 2789/2720;FERSA;133
10010164001001;AAS 2789/2729;FERSA;1
10010167001190;AAS 3381/3320;FERSA;40
10010178001190;AAS 3578/3525;FERSA;923
10010185121190;AAS 3780/3720;FERSA;145
10010187001001;AAS 3782/3720;FERSA;803
10010190001001;AAS 3877/3820;FERSA;3
10010193001190;AAS 3980/3920;FERSA;6
10010194001001;AAS 3982/3920;FERSA;48
10010201001001;AAS JF 4049/JF 4010;FERSA;2
10010206001001;AAS JF 4549/JF 4510;FERSA;7
10010208001001;AAS JW 4549/10;FERSA;144
10010216001190;AAS JW 6049/10;FERSA;3
10010220001190;AAS 6386/6320;FERSA;6
10010222001001;AAS JD 6549/6510;FERSA;893
10010225001001;AAS JW 7049/10;FERSA;98
10010228001001;AAS 9278/9220;FERSA;10
10010250001001;AAS JF 10049/10;FERSA;119
10010251001001;AAS JP 10049/10;FERSA;41
10010259001190;AAS 11590/11520;FERSA;10
10010266001001;AAS M 12649/M 12610;FERSA;143
10010277001001;AAS 14125 A/14274;FERSA;41
10010283001190;AAS 14131/14276;FERSA;7
10010288001001;AAS 14138 A/14274;FERSA;19
10010306001001;AAS F 15029;FERSA;26
10010308001190;AAS F 15036;FERSA;8
10010320001003;AAS F 15051 C;FERSA;40
10010342001001;AAS F 15082;FERSA;1544
10010347001190;AAS F 15090;FERSA;29
10010360001001;AAS F 15109;FERSA;36
10010371001190;AAS 15101/15245;FERSA;80
10010376001001;AAS 15106/15245;FERSA;81
10010393001190;AAS 15578/15520;FERSA;7
10010398001001;AAS 17887/17831;FERSA;18
10010401001001;AAS 18790/18720;FERSA;2572
10010406001190;AAS 24780/24720;FERSA;7
10010411001001;AAS 25577/25520;FERSA;2
10010414001001;AAS 25577/25523;FERSA;29
10010421001190;AAS 25580/25522;FERSA;10
10010425001190;AAS 25584/25547 RB;FERSA;40
10010427001001;AAS 25590/25520;FERSA;128
10010429001001;AAS 25590/25522;FERSA;194
10010430001001;AAS 25590/25523;FERSA;217
10010434001190;AAS 25880/25820;FERSA;16
10010441001001;AAS 27687/27620;FERSA;108
10010442001190;AAS 27690/27620;FERSA;90
10010446001001;AAS 28580/28521;FERSA;143
10010447001001;AAS 28584/28521;FERSA;1
10010447001190;AAS 28584/28521;FERSA;1
10010452001001;AAS 28985/28921;FERSA;1
10010461001001;AAS 29685/29620;FERSA;6
10010466001190;AAS LM 29749/11;FERSA;16
10010468001001;AAS 30203 F;FERSA;19
10010478001001;AAS 30209 F;FERSA;210
10010481001001;AAS 30211 F;FERSA;12
10010490001001;AAS 30220 F;FERSA;3
10010491001190;AAS 30221 F;FERSA;2
10010499001113;AAS NKE_30306;NKE;124
10010499131124;AAS NKE_30306-MRO;NKE;76
10010503001001;AAS 30309 F;FERSA;3
10010504001001;AAS 30310 F;FERSA;6
10010505001113;AAS NKE_30311;NKE;4
10010506001113;AAS NKE_30312;NKE;3
10010511001001;AAS 31303 F;FERSA;6
10010511001190;AAS 31303 F;FERSA;4
10010513001001;AAS 31306 F;FERSA;13
10010514001001;AAS 31307 F;FERSA;1
10010515001001;AAS 31308 F;FERSA;46
10010516001001;AAS 31309 F;FERSA;1
10010517001001;AAS 31310 F;FERSA;49
10010525001001;AAS 31594/31520;FERSA;37
10010526001001;AAS 32004 XF;FERSA;14
10010531001190;AAS 320/28 XF;FERSA;9
10010532001001;AAS 32006 XF;FERSA;50
10010545001001;AAS 32012 XF;FERSA;51
10010552001001;AAS 32019 XF;FERSA;9
10010555001001;AAS 32022 XF;FERSA;232
10010562131124;AAS NKE_32207-MRO;NKE;6
10010566001113;AAS NKE_32210;NKE;38
10010567001001;AAS 32211 F;FERSA;13
10010570001001;AAS 32213 F;FERSA;192
10010571001001;AAS 32214 F;FERSA;59
10010572001001;AAS 32215 F;FERSA;158
10010574001001;AAS 32216 F;FERSA;442
10010578001001;AAS 32220 F;FERSA;18
10010581001001;AAS 32222 F;FERSA;4
10010584001001;AAS 32304 F;FERSA;1724
10010586001190;AAS 32306 F;FERSA;281
10010589001001;AAS 32307 F;FERSA;236
10010591001001;AAS 32308 F;FERSA;598
10010593001190;AAS 32308 C;FERSA;97
10010599001001;AAS 32311 F;FERSA;318
10010599001113;AAS NKE_32311;NKE;10
10010600001001;AAS 32312 BF;FERSA;47
10010601001001;AAS 32312 F;FERSA;161
10010602001001;AAS 32313 BF;FERSA;8
10010606001190;AAS 32315 F;FERSA;3
10010608121124;AAS NKE_32317 F-MRO;NKE;16
10010614001001;AAS 33010 F;FERSA;22
10010615001190;AAS 33011 F;FERSA;217
10010618001190;AAS 33014 F;FERSA;2
10010619001001;AAS 33015 F;FERSA;71
10010622001001;AAS 33018 F;FERSA;265
10010630001001;AAS 33109 F;FERSA;522
10010631001190;AAS 33110 F;FERSA;18
10010632001190;AAS 33111 F;FERSA;21
10010636001001;AAS 33114 F;FERSA;1288
10010647001001;AAS 33208 F;FERSA;620
10010650001001;AAS 33210 F;FERSA;13
10010652001001;AAS 33212 F;FERSA;248
10010653001001;AAS 33213 F;FERSA;509
10010662001001;AAS 33275/33462;FERSA;6
10010666001001;AAS 33287/33462;FERSA;30
10010677001001;AAS 34306/34478;FERSA;8
10010681001190;AAS 37431/37625;FERSA;25
10010684001001;AAS 39580/39520;FERSA;17
10010692001190;AAS 42368/42584;FERSA;45
10010697001001;AAS L 44643/L 44610;FERSA;3
10010706001001;AAS 47487/47420;FERSA;28
10010707001001;AAS 47490/47420;FERSA;59
10010710001190;AAS 48190/48120;FERSA;66
10010711001001;AAS LM 48548/10;FERSA;269
10010719001001;AAS 53178/53377;FERSA;9
10010720001003;AAS 55175 C/55437;FERSA;46
10010722001003;AAS 55200 C/55437;FERSA;76
10010723001003;AAS 55206 C/55437;FERSA;85
10010727001001;AAS 64450/64700;FERSA;45
10010729001001;AAS 65237/65500 B;FERSA;206
10010731001001;AAS LM 67048/10;FERSA;813
10010752001003;AAS 72200 C/72487;FERSA;27
10010756001190;AAS HM 81649/10;FERSA;6
10010758001001;AAS M 84548/M 84510;FERSA;366
10010759001190;AAS M 86647/M 86610;FERSA;12
10010765001001;AAS M 88048/M 88010;FERSA;333
10010771001190;AAS HM 88649/10;FERSA;93
10010772001001;AAS HM 89443/10;FERSA;19
10010775001001;AAS HM 89449/10;FERSA;43
10010778001001;AAS JLM 104948/10;FERSA;102
10010780001001;AAS LM 104949/JLM 10;FERSA;49
10010781001001;AAS LM 104949/11;FERSA;162
10010787001001;AAS JH 211749/10;FERSA;91
10010788001190;AAS HM 212044/11;FERSA;2
10010790001001;AAS HM 212049/10;FERSA;32
10010791001001;AAS HM 212049/11;FERSA;985
10010797001001;AAS HM 220149/10;FERSA;210
10010802001190;AAS LL 319349/10;FERSA;20
10010805001001;AAS LM 501349/10;FERSA;44
10010810001001;AAS JLM 508748/10;FERSA;3
10010811001001;AAS JM 511946/10;FERSA;3
10010815001001;AAS HM 518445/10;FERSA;237
10010817001001;AAS JHM 522649/10;FERSA;93
10010820001001;AAS LM 603049/11;FERSA;2
10010821001001;AAS LM 603049/12;FERSA;60
10010823001190;AAS JM 612949/10;FERSA;40
10010826001001;AAS JLM 714149/10;FERSA;113
10010829001001;AAS H 715334/11;FERSA;34
10010833001003;AAS H 715343/11;FERSA;2
10010834001003;AAS H 715345/11;FERSA;33
10010835001190;AAS JM 716649/10;FERSA;203
10010838001190;AAS JM 719149/13;FERSA;8
10010839001001;AAS JHM 720249/10;FERSA;37
10010842001001;AAS M 802048/11;FERSA;298
10010845001190;AAS JHM 803148/13 B;FERSA;10
10010852001001;AAS LM 806649/10;FERSA;93
10010853001001;AAS HM 807040/10;FERSA;34
10010854001190;AAS HM 807044/10;FERSA;39
10010855001001;AAS JHM 807045/12;FERSA;102
10010855001190;AAS JHM 807045/12;FERSA;9
10010859001001;AAS HM 807049/10;FERSA;28
10010861001001;AAS JLM 813049/10;FERSA;101
10010863001001;AAS HM 813841/10;FERSA;5
10010865001190;AAS HM 813842/10;FERSA;54
10010875001001;AAS HM 903249/10;FERSA;41
10010877001001;AAS HM 905843/10;FERSA;162
10010879001001;AAS HM 911244/10;FERSA;69
10010880001001;AAS HM 911244/16;FERSA;242
10010883001001;AAS H 913843/10;FERSA;163
10011594001001;AAS 28580/28527 RB;FERSA;22
10011641001003;AAS 72212 C/72487;FERSA;146
10011650001001;AAS JM 511945/10;FERSA;24
10011703001001;AAS 37431 A/37625;FERSA;205
10011708001001;AAS F 15156;FERSA;465
10011724001190;AAS JP 13049/10;FERSA;102
10011803001001;AAS 34300/34478 B;FERSA;12
10011804001001;AAS F 15183;FERSA;51
10011805001001;AAS F 15184;FERSA;265
10011873001001;AAS F 15190;FERSA;1
10011875001001;AAS F 15192;FERSA;1190
10011891001190;AAS F 15197;FERSA;1
10011916121124;AAS NKE_30224-MRO;NKE;83
10011919001003;AAS F 15208;FERSA;45
10011945001190;AAS F 15201;FERSA;25
10011946001190;AAS F 15202;FERSA;24
10012154001003;AAS F 15255;FERSA;39
10012155001001;AAS F 15256;FERSA;1
10012158001001;AAS F 15245;FERSA;80
10012164001001;AAS F 15253;FERSA;124
10012165001003;AAS F 15239;FERSA;114
10012168001003;AAS F 15254;FERSA;111
10012193001001;AAS 32028 XF;FERSA;142
10012209001001;AAS JLM 704649/10;FERSA;27
10012284001003;AAS F 15257;FERSA;69
10012318001001;AAS F 15267;FERSA;21
10012448001001;AAS 3775/3720;FERSA;101
10012538001001;AAS F 15298;FERSA;293
10012761001023;AAS F 15321;FERSA;2
10012790001001;AAS F 15329;FERSA;78
10012796001001;AAS F 15334;FERSA;18
10012806001001;AAS F 15341;FERSA;17
10012836001190;AAS JP 13049 A/10;FERSA;4
10012880001001;AAS HM 813844/10;FERSA;6
10015648121124;AAS NKE_30216-MRO;NKE;18
10015650121124;AAS NKE_32016-X-MRO;NKE;6
10015663001113;AAS NKE_32015-X;NKE;22
10015664001113;AAS NKE_30214;NKE;12
10015665001124;AAS NKE_31310-MRO;NKE;97
10015668001124;AAS NKE_32232-MRO;NKE;12
10015671111124;AAS NKE_30314-MRO;NKE;21
10015672001124;AAS NKE_31305-MRO;NKE;19
10015673001113;AAS NKE_32004-X;NKE;17
10015676001113;AAS NKE_32012-X;NKE;2
10015676001124;AAS NKE_32012-X-MRO;NKE;70
10015684001113;AAS NKE_32006-X;NKE;75
10015688001113;AAS NKE_31308;NKE;27
10015689001113;AAS NKE_32007-X;NKE;592
10015693001124;AAS NKE_32209-MRO;NKE;78
10015697001113;AAS NKE_31306;NKE;4
10015699001124;AAS NKE_31320-MRO;NKE;11
10015700001124;AAS NKE_32026-X-MRO;NKE;2
10015706001113;AAS NKE_32005-X;NKE;266
10015710001113;AAS NKE_31307;NKE;52
10015736001113;AAS NKE_32228;NKE;3
10015737001113;AAS NKE_32030-X;NKE;17
10015738001113;AAS NKE_32309;NKE;19
10015739001113;AAS NKE_32206;NKE;22
10015741111124;AAS NKE_32320-MRO;NKE;16
10015768001113;AAS NKE_33207;NKE;53
10015768001117;AAS NKE_33207;NKE;137
10015788001124;AAS NKE_31322-MRO;NKE;6
10015803001124;AAS NKE_31324-MRO;NKE;3
10015807001124;AAS NKE_33013-MRO;NKE;6
10015808001124;AAS NKE_32221-MRO;NKE;4
10015814001113;AAS NKE_IKOS025;NKE;7
10016416001023;AAS F 15370;FERSA;3
10020654001124;AAS NKE_30222-MRO;NKE;5
10020655111124;AAS NKE_30228-MRO;NKE;4
10020656001113;AAS NKE_30230;NKE;2
10020658001113;AAS NKE_30313;NKE;10
10020659001124;AAS NKE_30316-MRO;NKE;30
10020660001124;AAS NKE_30317-MRO;NKE;21
10020662001124;AAS NKE_31316-MRO;NKE;6
10020666001113;AAS NKE_32226;NKE;4
10020670001113;AAS NKE_32313;NKE;6
10020671001124;AAS NKE_32315-MRO;NKE;60
10020675111124;AAS NKE_33012-MRO;NKE;4
10020676001124;AAS NKE_33014-MRO;NKE;154
10020677001113;AAS NKE_33016;NKE;4
10020677111124;AAS NKE_33016-MRO;NKE;2
10020680111124;AAS NKE_33021-MRO;NKE;7
10020684001113;AAS NKE_33109;NKE;478
10020685001124;AAS NKE_33112-MRO;NKE;52
10020687111124;AAS NKE_33118-MRO;NKE;2
10020688001113;AAS NKE_33205;NKE;96
10020689001113;AAS NKE_33214;NKE;21
10020690111124;AAS NKE_33217-MRO;NKE;1
10020714001113;AAS NKE_32014-X;NKE;6
10020717001113;AAS NKE_32028-X;NKE;6
10020717111124;AAS NKE_32028-X-MRO;NKE;4
10020719111124;AAS NKE_32034-X-MRO;NKE;2
10020725001124;AAS NKE_32219-MRO;NKE;3
10020730001124;AAS NKE_32938-MRO;NKE;12
10020734001124;AAS NKE_33212-MRO;NKE;7
10020818001001;AAS 32026 XF;FERSA;403
10021786001124;AAS NKE_30219-MRO;NKE;11
10021787001124;AAS NKE_30221-MRO;NKE;12
10021789001124;AAS NKE_30234-MRO;NKE;4
10021790131113;AAS NKE_30244;NKE;8
10021791001124;AAS NKE_30318-MRO;NKE;6
10021792001124;AAS NKE_30319-MRO;NKE;16
10021797001124;AAS NKE_31319-MRO;NKE;4
10021798001124;AAS NKE_32303-MRO;NKE;20
10021799001124;AAS NKE_32319-MRO;NKE;20
10021801001124;AAS NKE_32322-MRO;NKE;1
10021802001124;AAS NKE_33122-MRO;NKE;6
10021803001124;AAS NKE_33220-MRO;NKE;2
10021937121124;AAS NKE_30307-MRO;NKE;182
10021939001113;AAS NKE_31314;NKE;3
10021942001124;AAS NKE_33111-MRO;NKE;10
10021946001113;AAS NKE_33215;NKE;6
10022000001113;AAS NKE_30303;NKE;3
10022022001113;AAS NKE_30315;NKE;11
10022022001124;AAS NKE_30315-MRO;NKE;11
10022047001124;AAS NKE_31309-MRO;NKE;6
10022048001113;AAS NKE_31311;NKE;17
10022103001124;AAS NKE_32316-MRO;NKE;2
10022267001013;AAS 32314 F P6X;FERSA;33
10022290001124;AAS NKE_32220-MRO;NKE;24
10022362001190;AAS 3994/JM511910;FERSA;34
10022451001001;AAS 32038 XF;FERSA;4
10022489001003;AAS F 15426;FERSA;307
10022490001001;AAS HM 624749/10;FERSA;5
10022760001001;AAS M 238849/10;FERSA;36
10025233001124;AAS NKE_32326-MRO;NKE;4
10025244001124;AAS NKE_32924-MRO;NKE;6
10025246001124;AAS NKE_32928-MRO;NKE;1
10025298001124;AAS NKE_30218-MRO;NKE;16
10110136001190;CEM 3994;FERSA;10
10110139001001;CEM JF 4049;FERSA;267
10110140001001;CEM 4367 X;FERSA;2055
10110142001001;CEM 4395;FERSA;391
10110143001001;CEM JF 4549;FERSA;4
10110276001001;CEM F 15111;FERSA;1067
10110278001001;CEM F 15113;FERSA;3353
10110657001109;CEM HM 518445;FERSA;140
10111104001001;CEM F 15249;FERSA;6
10111197001001;CEM F 15269;FERSA;9
10210012001190;AEM 13 C;FERSA;8
11010312001001;AAS F 15043;FERSA;20
11011782001023;AAS F 15122;FERSA;15
11011895001195;AAS F 15097;FERSA;2
11011939001001;AAS F 15174;FERSA;9
11011953001190;AAS F 15168;FERSA;8
11012481001001;AAS F 15120;FERSA;5
11022526001149;AAS F 15434;FERSA;2248
11026147001190;AAS F 15524;FERSA;10
11026181101190;AAS F 15525;FERSA;104
12011624001023;AAS F 200005;FERSA;4
12011898001023;AAS F 200018;FERSA;46
12012095001023;AAS F 200015;FERSA;174
12012108001023;AAS F 200016;FERSA;92
12012109001023;AAS F 200017;FERSA;5
12012403001023;AAS F 200023;FERSA;55
12012447001001;AAS F 15295;FERSA;116
12012703001023;AAS F 200031;FERSA;1
12012915001023;AAS F 200012;FERSA;1
12022080001023;AAS F 200035;FERSA;8
12022880001023;AAS F 200037;FERSA;2
13011692001023;AAS F 300007;FERSA;202
13012533001023;AAS F 300010;FERSA;3
13512738001108;AAS F 400010;FERSA;6
13512749001108;AAS F 400009;FERSA;5
13512749101108;AAS F 400009;FERSA;12
13512757001108;AAS F 400007;FERSA;5
13512758001108;AAS F 400008;FERSA;24
13512758101108;AAS F 400008 + STUDS/SCREWS;FERSA;33
13512834001108;AAS F 400013;FERSA;5
13512835001108;AAS F 400014;FERSA;3
13512847001108;AAS F 400015;FERSA;52
13512851001108;AAS F 400018;FERSA;7
13512859001108;AAS F 400019;FERSA;6
13512861001108;AAS F 400021;FERSA;61
13512870001108;AAS F 400022;FERSA;17
13521905001108;AAS F 400029;FERSA;5
13521964001108;AAS F 400030;FERSA;4
13521965001108;AAS F 400031;FERSA;6
13521968001108;AAS F 400034;FERSA;2
13522092001108;AAS F 400032;FERSA;28
13522127001108;AAS F 400021 ABS;FERSA;5
13522510001108;AAS F 400042;FERSA;2
13526959001108;AAH F 400030 FE;FERSA;6
13526960001108;AAH F 400031 FE;FERSA;2
14010904111190;AAS RMS 9 2RS/C4;FERSA;1067
14010923111001;AAS 6003 2RS;FERSA;67
14010923121001;AAS 6003 2RS/C3;FERSA;2250
14010923151001;AAS 6003 ZZ/C3;FERSA;431
14010924181001;AAS 6004 ZZ/C3;FERSA;41
14010925111149;AAS 6005 2RS;FERSA;684
14010925131001;AAS 6005 2RS/C3;FERSA;52
14010926111001;AAS 6006 2RS;FERSA;2756
14010926111149;AAS 6006 2RS;FERSA;1184
14010926131001;AAS 6006 2RS/C3;FERSA;106
14010926171190;AAS 6006 ZZ/C3;FERSA;30
14010927121001;AAS 6007 2RS/C3;FERSA;214
14010928101001;AAS 6008;FERSA;3
14010928131001;AAS 6008 2RS/C3;FERSA;1603
14010928151001;AAS 6008 ZZ;FERSA;148
14010929121001;AAS 6009 2RS/C3;FERSA;345
14010930121001;AAS 6010 2RS/C3;FERSA;80
14010930151001;AAS 6010 ZZ/C3;FERSA;1
14010931121190;AAS 6011 2RS/C3;FERSA;232
14010932141001;AAS 6012 ZZ;FERSA;43
14010933161190;AAS 6013 ZZ/C3;FERSA;2
14010934121001;AAS 6014 2RS/C3;FERSA;364
14010934161001;AAS 6014 C3;FERSA;48
14010936101001;AAS 6016 2RS/C3;FERSA;30
14010940151001;AAS 6200 ZZ/C3;FERSA;123
14010941121001;AAS 6201 2RS/C3;FERSA;104
14010942101001;AAS 6202;FERSA;7769
14010942101149;AAS 6202;FERSA;4916
14010942121001;AAS 6202 2RS/C3;FERSA;150
14010943131001;AAS 6203 2RS/C3;FERSA;146
14010943171001;AAS 6203 ZZ/C3;FERSA;116
14010944101001;AAS 6204;FERSA;2715
14010944101149;AAS 6204;FERSA;4671
14010944111149;AAS 6204 2RS;FERSA;9975
14010944141149;AAS 6204 ZZ;FERSA;64
14010946131001;AAS 6205 2RS/C3;FERSA;693
14010946181001;AAS 6205 ZZ/C3;FERSA;23
14010947101001;AAS 6206;FERSA;12159
14010947101149;AAS 6206;FERSA;553
14010947121001;AAS 6206 2RS/C3;FERSA;754
14010948131190;AAS 6207 C3;FERSA;110
14010948191001;AAS 6207 ZZ/C3;FERSA;13
14010949131001;AAS 6208 2RS/C3;FERSA;956
14010951121001;AAS 6210 2RS/C3;FERSA;46
14010951141190;AAS 6210 Z NR;FERSA;19
14010952121190;AAS 6211 2RS/C3;FERSA;21
14010952151190;AAS 6211 ZZ;FERSA;10
14010952161190;AAS 6211 ZZ/C3;FERSA;85
14010952171001;AAS 6211 C3;FERSA;451
14010953131001;AAS 6212 2RS/C3;FERSA;2
14010954101001;AAS 6213;FERSA;2
14010954111190;AAS 6213 2RS;FERSA;6
14010957111190;AAS 6216 2RS;FERSA;2
14010959101001;AAS 6218 C3;FERSA;565
14010961121001;AAS 6301 2RS/C3;FERSA;136
14010962121001;AAS 6302 2RS/C3;FERSA;41
14010963121001;AAS 6303 2RS/C3;FERSA;606
14010963151001;AAS 6303 ZZ/C3;FERSA;4
14010964131001;AAS 6304 2RS/C3;FERSA;915
14010964191190;AAS 6304/17 2RS;FERSA;27
14010964211001;AAS 6304/17 B17 2RS;FERSA;7
14010965101001;AAS 6305;FERSA;319
14010968191001;AAS 6307 ZZ/C3;FERSA;16
14010969161190;AAS 6308 Z NR;FERSA;1
14010970121001;AAS 6309 2RS/C3;FERSA;1547
14010971111190;AAS 6310 2RS;FERSA;3
14010971121001;AAS 6310 2RS/C3;FERSA;6
14010971181190;AAS 6310 NR/C3;FERSA;39
14010973111001;AAS 6312 2RS;FERSA;16
14010973121001;AAS 6312 2RS/C3;FERSA;42
14010973161190;AAS 6312 ZZ;FERSA;80
14010975111190;AAS 6314 2RS;FERSA;23
14010975121001;AAS 6314 2RS/C3;FERSA;4
14010975161190;AAS 6314 ZZ/C3;FERSA;3
14010980121190;AAS 6403 2RS/C3;FERSA;6
14010983101001;AAS 6406;FERSA;23
14010984151190;AAS 6407 ZZ/C3;FERSA;116
14010986121190;AAS 6409 2RS/C3;FERSA;28
14010986151190;AAS 6409 ZZ/C3;FERSA;1
14010986161116;AAS NKE_6409;NKE;2
14010987121190;AAS 6410 2RS/C3;FERSA;6
14011015101001;AAS 62201 2RS/C3;FERSA;15
14011016101190;AAS 62202 2RS/C3;FERSA;2
14011032101190;AAS 63/28 C3;FERSA;12
14011627001001;AAS F 18042;FERSA;250
14011839001001;AAS F 18046 ZZ;FERSA;20
14011912001190;AAS F 18048;FERSA;41
14012444001001;AAS F 18055;FERSA;20
14012445001001;AAS F 18056;FERSA;83
14014315001124;AAS NKE_16001-2Z-MRO;NKE;100
14014317001113;AAS NKE_16002;NKE;8
14014323001113;AAS NKE_16003;NKE;28
14014325001124;AAS NKE_16003-2Z-MRO;NKE;18
14014328001113;AAS NKE_16004;NKE;49
14014328111124;AAS NKE_16004-MRO;NKE;89
14014331111124;AAS NKE_16004-2Z-MRO;NKE;70
14014337001113;AAS NKE_16005;NKE;13
14014340111124;AAS NKE_16005-2Z-MRO;NKE;41
14014341001124;AAS NKE_16005-2Z-C3-MRO;NKE;44
14014345001113;AAS NKE_16006;NKE;46
14014347001124;AAS NKE_16006-2Z-MRO;NKE;40
14014352001124;AAS NKE_16007-MRO;NKE;133
14014363001124;AAS NKE_16008-2Z-MRO;NKE;27
14014372001113;AAS NKE_16010;NKE;124
14014372001124;AAS NKE_16010-MRO;NKE;88
14014376001124;AAS NKE_16011-MRO;NKE;76
14014380001113;AAS NKE_16012;NKE;38
14014380001124;AAS NKE_16012-MRO;NKE;50
14014380111124;AAS NKE_16012-MRO;NKE;40
14014381001124;AAS NKE_16012-C3-MRO;NKE;88
14014384111124;AAS NKE_16013-MRO;NKE;17
14014387111124;AAS NKE_16014-MRO;NKE;46
14014393001124;AAS NKE_16016-MRO;NKE;29
14014395111124;AAS NKE_16017-MRO;NKE;4
14014396001124;AAS NKE_16017-C3-MRO;NKE;7
14014398001124;AAS NKE_16018-C3-MRO;NKE;12
14014401001124;AAS NKE_16020-MRO;NKE;3
14014404111124;AAS NKE_16021-MRO;NKE;10
14014406001124;AAS NKE_16022-MRO;NKE;4
14014412111124;AAS NKE_16038-MRO;NKE;2
14014426001124;AAS NKE_4200-B-TV-MRO;NKE;234
14014429001124;AAS NKE_4201-B-TV-MRO;NKE;190
14014431001124;AAS NKE_4203-B-TV-MRO;NKE;277
14014432001124;AAS NKE_4204-B-TV-MRO;NKE;46
14014435111124;AAS NKE_4205-B-TV-MRO;NKE;188
14014436111124;AAS NKE_4206-B-TV-MRO;NKE;122
14014438001124;AAS NKE_4208-B-TV-MRO;NKE;20
14014440001124;AAS NKE_4210-B-TV-MRO;NKE;91
14014441001124;AAS NKE_4211-B-TV-MRO;NKE;66
14014442001124;AAS NKE_4212-B-TV-MRO;NKE;4
14014446001124;AAS NKE_4303-B-TV-MRO;NKE;1
14014447001124;AAS NKE_4304-B-TV-MRO;NKE;109
14014448001124;AAS NKE_4305-B-TV-MRO;NKE;39
14014450001124;AAS NKE_4307-B-TV-MRO;NKE;6
14014453001124;AAS NKE_4309-B-TV-MRO;NKE;13
14014454111124;AAS NKE_4310-B-TV-MRO;NKE;3
14014456001113;AAS NKE_4312-B-TV;NKE;2
14014467001113;AAS NKE_6000-2Z-C3;NKE;110
14014467111124;AAS NKE_6000-2Z-C3-MRO;NKE;77
14014474111124;AAS NKE_6001-2RS2-MRO;NKE;3435
14014479001113;AAS NKE_6001-2Z-C3;NKE;80
14014485111124;AAS NKE_6002-2RS2-MRO;NKE;2468
14014486111124;AAS NKE_6002-2RS2-C3-MRO;NKE;970
14014489111124;AAS NKE_6002-2Z-C3-MRO;NKE;433
14014505001113;AAS NKE_6004-2RS2-C3;NKE;573
14014505111124;AAS NKE_6004-2RS2-C3-MRO;NKE;1
14014509001113;AAS NKE_6004-2Z-C3;NKE;838
14014509111124;AAS NKE_6004-2Z-C3-MRO;NKE;1077
14014514001113;AAS NKE_6005-2RS2;NKE;129
14014525001113;AAS NKE_6006-2RS2;NKE;124
14014525111124;AAS NKE_6006-2RS2-MRO;NKE;70
14014530001113;AAS NKE_6006-2Z;NKE;163
14014531001113;AAS NKE_6006-2Z-C3;NKE;304
14014531001117;AAS NKE_6006-2Z-C3;NKE;155
14014542001113;AAS NKE_6007-2RS2-C3;NKE;179
14014542111124;AAS NKE_6007-2RS2-C3-MRO;NKE;1008
14014545001113;AAS NKE_6007-2Z-C3;NKE;126
14014545111124;AAS NKE_6007-2Z-C3-MRO;NKE;229
14014549001113;AAS NKE_6008;NKE;1
14014551001113;AAS NKE_6008-2RS2-C3;NKE;463
14014551111124;AAS NKE_6008-2RS2-C3-MRO;NKE;530
14014556001113;AAS NKE_6008-C3;NKE;3
14014559001113;AAS NKE_6009;NKE;87
14014562001113;AAS NKE_6009-2RS2-C3;NKE;369
14014562111124;AAS NKE_6009-2RS2-C3-MRO;NKE;468
14014565001113;AAS NKE_6009-2Z;NKE;324
14014565111124;AAS NKE_6009-2Z-MRO;NKE;286
14014566001113;AAS NKE_6009-2Z-C3;NKE;10
14014566111124;AAS NKE_6009-2Z-C3-MRO;NKE;108
14014571001113;AAS NKE_6010;NKE;141
14014573001113;AAS NKE_6010-2RS2-C3;NKE;350
14014573111124;AAS NKE_6010-2RS2-C3-MRO;NKE;576
14014577001113;AAS NKE_6010-2Z;NKE;90
14014578001113;AAS NKE_6010-2Z-C3;NKE;60
14014578111124;AAS NKE_6010-2Z-C3-MRO;NKE;128
14014581001113;AAS NKE_6010-C3;NKE;6
14014590001113;AAS NKE_6011-2Z-C3;NKE;6
14014590111124;AAS NKE_6011-2Z-C3-MRO;NKE;39
14014591001113;AAS NKE_6011-C3;NKE;14
14014603121113;AAS NKE_6013-2RS2-C3;NKE;23
14014621001113;AAS NKE_6015-2RSR;NKE;28
14014622001113;AAS NKE_6015-2RSR-C3;NKE;11
14014629001113;AAS NKE_6016-2RSR;NKE;10
14014630001113;AAS NKE_6016-2RSR-C3;NKE;57
14014637001113;AAS NKE_6017-2RSR;NKE;3
14014645001113;AAS NKE_6018-2RSR;NKE;8
14014652001113;AAS NKE_6019-2RSR;NKE;23
14014653001113;AAS NKE_6019-2RSR-C3;NKE;15
14014655001113;AAS NKE_6020;NKE;12
14014656001113;AAS NKE_6020-2RSR;NKE;14
14014657001113;AAS NKE_6020-2RSR-C3;NKE;38
14014657001124;AAS NKE_6020-2RSR-C3-MRO;NKE;10
14014658001113;AAS NKE_6020-2Z;NKE;14
14014659001113;AAS NKE_6020-2Z-C3;NKE;4
14014665001113;AAS NKE_6021-2RSR-C3;NKE;8
14014668001113;AAS NKE_6021-C3;NKE;3
14014675001113;AAS NKE_6024;NKE;46
14014677111124;AAS NKE_6024-2RSR-C3-MRO;NKE;2
14014678111124;AAS NKE_6024-2Z-MRO;NKE;34
14014681001113;AAS NKE_6024-C3;NKE;2
14014684001124;AAS NKE_6026-C3-MRO;NKE;34
14014704001113;AAS NKE_607-2Z-C3;NKE;10
14014704001124;AAS NKE_607-2Z-C3-MRO;NKE;30
14014717001113;AAS NKE_608-2Z-C3;NKE;610
14014717111124;AAS NKE_608-2Z-C3-MRO;NKE;1180
14014725001124;AAS NKE_609-2RSR-C3-MRO;NKE;2667
14014726001113;AAS NKE_609-2Z;NKE;1099
14014726111124;AAS NKE_609-2Z-MRO;NKE;1100
14014759001113;AAS NKE_61801-2RSR;NKE;77
14014759001124;AAS NKE_61801-2RSR-MRO;NKE;220
14014760001113;AAS NKE_61801-2Z;NKE;100
14014760001124;AAS NKE_61801-2Z-MRO;NKE;350
14014761001113;AAS NKE_61801-2Z-C3;NKE;49
14014763001124;AAS NKE_61802-2RSR-MRO;NKE;254
14014765001124;AAS NKE_61803-2RSR-MRO;NKE;441
14014771001113;AAS NKE_61804-2RSR;NKE;402
14014771001124;AAS NKE_61804-2RSR-MRO;NKE;710
14014772001124;AAS NKE_61804-2Z-MRO;NKE;540
14014780001113;AAS NKE_61805-C3;NKE;5
14014780111124;AAS NKE_61805-C3-MRO;NKE;1
14014786121113;AAS NKE_61806-2Z;NKE;4
14014803001124;AAS NKE_61809-2Z-MRO;NKE;10
14014806001113;AAS NKE_61810-2RSR;NKE;4
14014806001124;AAS NKE_61810-2RSR-MRO;NKE;114
14014809001124;AAS NKE_61811-MRO;NKE;69
14014810001124;AAS NKE_61811-2RSR-MRO;NKE;42
14014812001124;AAS NKE_61811-2Z-C3-MRO;NKE;8
14014817111124;AAS NKE_61813-2RSR-MRO;NKE;42
14014826001124;AAS NKE_61815-2RSR-MRO;NKE;27
14014832001124;AAS NKE_61816-2RSR-MRO;NKE;2
14014837001124;AAS NKE_61817-2RSR-MRO;NKE;35
14014842111124;AAS NKE_61818-2Z-MRO;NKE;26
14014861001124;AAS NKE_61821-2RSR-MRO;NKE;4
14014877111124;AAS NKE_61826-2RSR-MRO;NKE;54
14014880001113;AAS NKE_61828;NKE;4
14014883001113;AAS NKE_61830-MA;NKE;4
14014886001113;AAS NKE_61836-C3;NKE;1
14014904001124;AAS NKE_61900-2Z-MRO;NKE;1244
14014906121124;AAS NKE_61901-2RSR-MRO;NKE;95
14014907001113;AAS NKE_61901-2Z;NKE;30
14014909001113;AAS NKE_61902;NKE;8
14014915001113;AAS NKE_61903-2RSR;NKE;189
14014918001124;AAS NKE_61903-2Z-MRO;NKE;50
14014923001124;AAS NKE_61904-2Z-C3-MRO;NKE;20
14014926111124;AAS NKE_61905-2RSR-MRO;NKE;152
14014927001113;AAS NKE_61905-2Z;NKE;10
14014929001113;AAS NKE_61906;NKE;11
14014930001113;AAS NKE_61906-2RSR;NKE;311
14014930001124;AAS NKE_61906-2RSR-MRO;NKE;600
14014931001124;AAS NKE_61906-2Z-MRO;NKE;50
14014934001113;AAS NKE_61906-C3;NKE;8
14014935121124;AAS NKE_61907-2Z-MRO;NKE;54
14014936001113;AAS NKE_61907-2RSR;NKE;250
14014936001124;AAS NKE_61907-2RSR-MRO;NKE;562
14014938001124;AAS NKE_61907-2Z-C3-MRO;NKE;39
14014939001113;AAS NKE_61908-2RSR;NKE;90
14014939001124;AAS NKE_61908-2RSR-MRO;NKE;10
14014940001113;AAS NKE_61908-2Z;NKE;8
14014944001113;AAS NKE_61909;NKE;4
14014946001124;AAS NKE_61909-2Z-MRO;NKE;73
14014947001124;AAS NKE_61910-MRO;NKE;69
14014949121124;AAS NKE_61910-2RSR-MRO;NKE;82
14014950001124;AAS NKE_61910-2Z-C3-MRO;NKE;6
14014951001124;AAS NKE_61910-C3-MRO;NKE;3
14014952001124;AAS NKE_61911-2RSR-MRO;NKE;14
14014955001124;AAS NKE_61911-2Z-MRO;NKE;26
14014957111124;AAS NKE_61912-2RSR-MRO;NKE;40
14014959001124;AAS NKE_61912-C3-MRO;NKE;4
14014969001124;AAS NKE_61914-2Z-C3-MRO;NKE;4
14014971111124;AAS NKE_61915-2RSR-MRO;NKE;6
14014972001124;AAS NKE_61915-2RSR-C3-MRO;NKE;9
14014976001124;AAS NKE_61916-2RSR-C3-MRO;NKE;5
14014981001124;AAS NKE_61918-2RSR-MRO;NKE;3
14015010001113;AAS NKE_6200-2RS2-C3;NKE;94
14015010111124;AAS NKE_6200-2RS2-C3-MRO;NKE;927
14015012121124;AAS NKE_6200-2Z-C3-MRO;NKE;96
14015016001113;AAS NKE_6201;NKE;80
14015018111124;AAS NKE_6201-2RS2-MRO;NKE;2540
14015034001113;AAS NKE_6202-2Z-C3;NKE;500
14015040001113;AAS NKE_6203;NKE;9
14015046001113;AAS NKE_6203-2Z;NKE;211
14015064001113;AAS NKE_6204-C3;NKE;50
14015106001113;AAS NKE_6207-2RS2;NKE;42
14015107001113;AAS NKE_6207-2RS2-C3;NKE;330
14015110001113;AAS NKE_6207-2Z;NKE;67
14015120001113;AAS NKE_6208-2RS2-C3;NKE;296
14015123001113;AAS NKE_6208-2Z-C3;NKE;100
14015124001113;AAS NKE_6208-C3;NKE;10
14015128001113;AAS NKE_6209-2RS2-C3;NKE;61
14015136001113;AAS NKE_6210-2RS2-C3;NKE;50
14015148001113;AAS NKE_6211-2Z-C3;NKE;22
14015157001113;AAS NKE_6212-2Z-C3;NKE;23
14015163001113;AAS NKE_6213;NKE;8
14015164001113;AAS NKE_6213-2RSR;NKE;2
14015169111124;AAS NKE_6214-MRO;NKE;26
14015193121124;AAS NKE_6217-2RSR-C3-MRO;NKE;4
14015195001113;AAS NKE_6217-2Z-C3;NKE;10
14015205111124;AAS NKE_6219-2RSR-C3-MRO;NKE;3
14015209001124;AAS NKE_62200-2RSR-MRO;NKE;130
14015213001113;AAS NKE_6220-2RSR;NKE;2
14015217001113;AAS NKE_62203-2RSR;NKE;33
14015219001124;AAS NKE_62205-2RSR-MRO;NKE;6
14015220001113;AAS NKE_62206-2RSR;NKE;27
14015221111124;AAS NKE_62207-2RSR-MRO;NKE;2
14015222001124;AAS NKE_62208-2RSR-MRO;NKE;6
14015224121124;AAS NKE_6220-C3-MRO;NKE;18
14015226111124;AAS NKE_6221-MRO;NKE;1
14015227001124;AAS NKE_62210-2RSR-C3-MRO;NKE;14
14015228001124;AAS NKE_62210-2RSR-MRO;NKE;10
14015243001113;AAS NKE_6222-2Z-C3;NKE;11
14015244141124;AAS NKE_6222-C3-MRO;NKE;68
14015245121124;AAS NKE_6224-MRO;NKE;136
14015250001113;AAS NKE_6224-C3;NKE;7
14015250151124;AAS NKE_6224-C3-MRO;NKE;34
14015260001124;AAS NKE_62302-2RSR-MRO;NKE;8
14015261001124;AAS NKE_62303-2RSR-MRO;NKE;10
14015263001124;AAS NKE_62305-2RSR-MRO;NKE;37
14015264001124;AAS NKE_62306-2RS-MRO;NKE;22
14015269111124;AAS NKE_62308-2RSR-C3-MRO;NKE;12
14015270001124;AAS NKE_62309-2RSR-C3-MRO;NKE;16
14015272001124;AAS NKE_62310-2RSR-MRO;NKE;10
14015290001113;AAS NKE_624-2RSR-C3;NKE;36
14015299001124;AAS NKE_625-2RS-MRO;NKE;948
14015300001113;AAS NKE_625-2RSR;NKE;10
14015301001124;AAS NKE_625-2RSR-C3-MRO;NKE;9
14015311001113;AAS NKE_626-2Z;NKE;782
14015311111124;AAS NKE_626-2Z-MRO;NKE;989
14015320001124;AAS NKE_628-2RSR-C3-MRO;NKE;101
14015321001113;AAS NKE_628-2Z;NKE;10
14015322001124;AAS NKE_628-2Z-C3-MRO;NKE;307
14015330001124;AAS NKE_63000-2RSR-MRO;NKE;46
14015335001113;AAS NKE_6300-2RS2-C3;NKE;264
14015338001124;AAS NKE_63004-2RSR-MRO;NKE;40
14015339001124;AAS NKE_63005-2RSR-MRO;NKE;18
14015340001113;AAS NKE_63006-2RSR;NKE;20
14015340001124;AAS NKE_63006-2RSR-MRO;NKE;6
14015346001113;AAS NKE_6301;NKE;44
14015347001124;AAS NKE_63010-2RSR-MRO;NKE;1
14015349001113;AAS NKE_6301-2RS2-C3;NKE;563
14015349111124;AAS NKE_6301-2RS2-C3-MRO;NKE;735
14015358001113;AAS NKE_6302-2Z-C3;NKE;20
14015358111124;AAS NKE_6302-2Z-C3-MRO;NKE;100
14015363001113;AAS NKE_6303-2RS2;NKE;486
14015364111124;AAS NKE_6303-2RS2-C3-MRO;NKE;1246
14015372001113;AAS NKE_6304-2RS2-C3;NKE;348
14015372111124;AAS NKE_6304-2RS2-C3-MRO;NKE;293
14015374001113;AAS NKE_6304-2Z-C3;NKE;11
14015392001113;AAS NKE_6306;NKE;3
14015395001113;AAS NKE_6306-2Z;NKE;3
14015398001113;AAS NKE_6306-C3;NKE;10
14015401001113;AAS NKE_6307;NKE;1
14015408001113;AAS NKE_6307-2Z;NKE;11
14015417001113;AAS NKE_6308-2RS2-C3;NKE;238
14015428001117;AAS NKE_6309;NKE;170
14015431001113;AAS NKE_6309-2RS2-C3;NKE;174
14015442001113;AAS NKE_6310-C3;NKE;102
14015445121124;AAS NKE_6311-2RSR-MRO;NKE;15
14015446001113;AAS NKE_6311-2RSR-C3;NKE;18
14015453001113;AAS NKE_6312-2RSR-C3;NKE;64
14015469001113;AAS NKE_6314-2Z-C3;NKE;5
14015470001113;AAS NKE_6314-C3;NKE;47
14015474001113;AAS NKE_6315-2Z;NKE;4
14015475001113;AAS NKE_6315-2Z-C3;NKE;17
14015484001113;AAS NKE_6317-2RSR;NKE;2
14015485001113;AAS NKE_6317-2RSR-C3;NKE;3
14015487001113;AAS NKE_6317-2Z-C3;NKE;13
14015487151124;AAS NKE_6317-2Z-C3-MRO;NKE;22
14015488001113;AAS NKE_6317-C3;NKE;8
14015495001113;AAS NKE_6318-C3;NKE;4
14015496001113;AAS NKE_6319;NKE;6
14015498001113;AAS NKE_6319-2RSR-C3;NKE;24
14015498111124;AAS NKE_6319-2RSR-C3-MRO;NKE;6
14015500001113;AAS NKE_6319-2Z-C3;NKE;29
14015500001124;AAS NKE_6319-2Z-C3-MRO;NKE;129
14015501001113;AAS NKE_6319-C3;NKE;8
14015506001113;AAS NKE_6320-2Z-C3;NKE;2
14015523121115;AAS NKE_6334-M-C3-SQ77;NKE;20
14015529001113;AAS NKE_635-2RSR;NKE;28
14015536001124;AAS NKE_6405-MRO;NKE;25
14015540001124;AAS NKE_6406-C3-MRO;NKE;14
14015542001124;AAS NKE_6407-C3-MRO;NKE;9
14015544001124;AAS NKE_6408-MRO;NKE;8
14015545001124;AAS NKE_6409-MRO;NKE;3
14015546001124;AAS NKE_6409-C3-MRO;NKE;75
14015548001124;AAS NKE_6410-C3-MRO;NKE;77
14015549111124;AAS NKE_6411-MRO;NKE;3
14015550001124;AAS NKE_6411-C3-MRO;NKE;133
14015552001124;AAS NKE_6412-C3-MRO;NKE;21
14015554001124;AAS NKE_6413-C3-MRO;NKE;1
14019000001124;AAS NKE_63007-2RSR-MRO;NKE;40
14019081001124;AAS NKE_16002-C3-MRO;NKE;4
14019092001124;AAS NKE_61916-2Z-C3-MRO;NKE;3
14019096001124;AAS NKE_61806-C3-MRO;NKE;16
14019102001124;AAS NKE_16019-MRO;NKE;6
14019120001124;AAS NKE_61802-2Z-MRO;NKE;190
14019124001124;AAS NKE_61812-2Z-C3-MRO;NKE;2
14019129001124;AAS NKE_61904-C3-MRO;NKE;11
14019134001124;AAS NKE_6214-M-C3-MRO;NKE;3
14019151001124;AAS NKE_6415-C3-MRO;NKE;9
14019153001124;AAS NKE_6416-C3-MRO;NKE;1
14019159001124;AAS NKE_4214-B-TV-MRO;NKE;4
14019160001124;AAS NKE_4215-B-TV-MRO;NKE;1
14019161001124;AAS NKE_4216-B-TV-MRO;NKE;4
14019168001124;AAS NKE_6026-2Z-MRO;NKE;18
14019172001124;AAS NKE_6028-2Z-C3-MRO;NKE;3
14019173001124;AAS NKE_6028-2Z-MRO;NKE;26
14019174001124;AAS NKE_6028-M-C3-MRO;NKE;5
14019179001124;AAS NKE_6040-M-C3-MRO;NKE;1
14019182001124;AAS NKE_61804-C3-MRO;NKE;16
14019183001124;AAS NKE_61807-C3-MRO;NKE;10
14019197121124;AAS NKE_62202-2RSR-MRO;NKE;29
14019201001124;AAS NKE_62208-2RSR-C3-MRO;NKE;35
14019201211124;AAS NKE_62208-2RS-MRO;NKE;3
14019204001124;AAS NKE_6226-C3-MRO;NKE;20
14019205001124;AAS NKE_6228-C3-MRO;NKE;34
14019207001124;AAS NKE_62302-2RSR-C3-MRO;NKE;60
14019218001124;AAS NKE_63004-2RSR-C3-MRO;NKE;4
14019221171124;AAS NKE_6322-MRO;NKE;25
14019284001124;AAS NKE_16100-2Z-MRO;NKE;12
14019450001124;AAS NKE_6310-M-C3-MRO;NKE;3
14019629001124;AAS NKE_6226-MRO;NKE;15
14019689001113;AAS NKE_6330-M-C3;NKE;10
14019706131113;AAS NKE_6334-C3-HYB;NKE;8
14019746001113;AAS NKE_61832-MA-C3;NKE;4
14019750111124;AAS NKE_16026-MRO;NKE;4
14019751111124;AAS NKE_16026-C3-MRO;NKE;1
14019753111124;AAS NKE_16028-C3-MRO;NKE;1
14019753121124;AAS NKE_16028-MRO;NKE;3
14019755001124;AAS NKE_61834-MA-C3-MRO;NKE;6
14019764001124;AAS NKE_6028-MRO;NKE;6
14019772001124;AAS NKE_16032-C3-MRO;NKE;3
14019781111124;AAS NKE_16034-MRO;NKE;4
14019790001113;AAS NKE_61848-MA;NKE;1
14019825001113;AAS NKE_61808-2RSR;NKE;16
14020827001124;AAS NKE_62204-2RSR-MRO;NKE;42
14020831001124;AAS NKE_16005-C3-MRO;NKE;34
14020922001124;AAS NKE_16100-MRO;NKE;239
14020924001124;AAS NKE_16101-MRO;NKE;120
14020926001124;AAS NKE_16101-2Z-MRO;NKE;69
14021680151124;AAS NKE_6217-2RS2-C3-MRO;NKE;3
14021693001124;AAS NKE_6308-NR-MRO;NKE;61
14021694001124;AAS NKE_6308-2Z-NR-MRO;NKE;105
14021868001124;AAS NKE_6030-2RS-MRO;NKE;4
14021914001124;AAS NKE_16015-MRO;NKE;24
14022230121124;AAS NKE_61903-2Z-MRO;NKE;5
14022279001113;AAS NKE_61910-2RS2;NKE;10
14022910001113;AAS NKE_6330-C3-HYB;NKE;9
14023255001113;AAS NKE_6332-C3 HYB;NKE;20
14028182001124;AAS NKE_6411-2Z-C3-MRO;NKE;33
14028242101113;AAS NKE_6214-C3-SQ77;NKE;5
14216215001124;AAS NKE_305807-2RSR-MRO;NKE;8
14216220001124;AAS NKE_305805-2RSR-MRO;NKE;2
14216222001124;AAS NKE_305701-2Z-MRO;NKE;2
14216227001113;AAS NKE_305805-2Z;NKE;13
14216232001124;AAS NKE_305807-2Z-MRO;NKE;2
14216238001124;AAS NKE_305804-2Z-MRO;NKE;4
14216251001124;AAS NKE_NUTR35-MRO;NKE;1
14216255001124;AAS NKE_NUTR15-MRO;NKE;4
14216259121124;AAS NKE_NUTR20-MRO;NKE;32
14216266001124;AAS NKE_STO17-MRO;NKE;7
14216289121124;AAS NKE_NUTR30-MRO;NKE;2
14216883001124;AAS NKE_361201-R-MRO;NKE;46
14216912001124;AAS NKE_STO17-X-MRO;NKE;2
14216913001124;AAS NKE_NUTR17-X-MRO;NKE;1
14316330001190;AAS GE35-KRRB;FERSA;501
14316346001113;AAS NKE_GSH35-RRB;NKE;2
14316357001113;AAS NKE_RAE25-NPPB;NKE;2
14316365001113;AAS NKE_GYE70-KRRB;NKE;2
14316369001113;AAS NKE_GSH30-RRB;NKE;19
14316374001001;AAS GE25-KRRB;FERSA;27
14316379001190;AAS GRAE25-NPPB;FERSA;13
14514052001113;AAS NKE_3203-B-2RS-TV;NKE;412
14514052001124;AAS NKE_3203-B-2RS-TV-MRO;NKE;231
14514053001113;AAS NKE_3204-B-2RS-TV;NKE;19
14514054001113;AAS NKE_3204-B-2Z-TV;NKE;1
14514058001113;AAS NKE_3202-B-2RS-TV;NKE;485
14514058001124;AAS NKE_3202-B-2RS-TV-MRO;NKE;632
14514061001113;AAS NKE_3207-B-2Z-TV;NKE;134
14514062001124;AAS NKE_3210-B-2RS-TV-MRO;NKE;673
14514066101124;AAS NKE_3209-B-2Z-TV-MRO;NKE;54
14514067001113;AAS NKE_3210-B-2Z-TV;NKE;3
14514072001113;AAS NKE_3205-B-2Z-TV;NKE;6
14514073001124;AAS NKE_3207-B-TV-MRO;NKE;6
14514074001113;AAS NKE_3209-B-TV;NKE;20
14514080001113;AAS NKE_3206-B-2RS-TV;NKE;29
14514081001113;AAS NKE_3206-B-TV;NKE;39
14514082001124;AAS NKE_3206-B-2Z-TV-MRO;NKE;85
14514088121124;AAS NKE_3208-B-2RS-TV-MRO;NKE;87
14514089001124;AAS NKE_3305-B-TV-MRO;NKE;4
14514092001113;AAS NKE_3201-B-2Z-TV;NKE;3
14514093001113;AAS NKE_3212-B-2RS-TV;NKE;9
14514093001124;AAS NKE_3212-B-2RS-TV-MRO;NKE;2
14514097001124;AAS NKE_3302-B-2RS-TV-MRO;NKE;6
14514099001113;AAS NKE_3307-B-TV;NKE;5
14514101001113;AAS NKE_3308-B-TV;NKE;11
14514102001124;AAS NKE_3309-B-2Z-TV-MRO;NKE;11
14514107001124;AAS NKE_3211-B-2RS-TV-MRO;NKE;91
14514108001113;AAS NKE_3208-B-2Z-TV;NKE;70
14514115001124;AAS NKE_3210-B-TV-MRO;NKE;34
14514117001124;AAS NKE_3206-B-2RS-TV-C3-MRO;NKE;257
14514118001124;AAS NKE_3303-B-2RS-TV-MRO;NKE;13
14514119001124;AAS NKE_3309-B-TV-MRO;NKE;13
14514123001113;AAS NKE_7207-BE-TVP-2RSR;NKE;20
14514126001113;AAS NKE_3203-B-TV;NKE;10
14514128001113;AAS NKE_3207-B-2RS-TV;NKE;8
14514128001124;AAS NKE_3207-B-2RS-TV-MRO;NKE;266
14514130001113;AAS NKE_3209-B-2RS-TV;NKE;224
14514131001124;AAS NKE_3306-B-TV-MRO;NKE;108
14514137001124;AAS NKE_3304-B-TV-MRO;NKE;6
14514149001124;AAS NKE_3307-B-2RS-TV-MRO;NKE;77
14514151001113;AAS NKE_3309-B-2RS-TV;NKE;19
14514151001124;AAS NKE_3309-B-2RS-TV-MRO;NKE;23
14514156001124;AAS NKE_3306-B-TV-C3-MRO;NKE;88
14514160001124;AAS NKE_3305-B-2RS-TV-MRO;NKE;387
14514161111124;AAS NKE_3310-B-TV-MRO;NKE;41
14514184001113;AAS NKE_7305-BE-TVP;NKE;40
14514190001124;AAS NKE_3308-B-TV-C3-MRO;NKE;163
14514220001124;AAS NKE_3211-B-TV-C3-MRO;NKE;16
14514222001124;AAS NKE_3201-B-TV-C3-MRO;NKE;7
14514224001124;AAS NKE_3203-B-TV-C3-MRO;NKE;16
14514225001124;AAS NKE_3205-B-TV-C3-MRO;NKE;61
14514226001124;AAS NKE_3208-B-TV-C3-MRO;NKE;18
14514227001124;AAS NKE_3211-B-TV-MRO;NKE;6
14514228001124;AAS NKE_3309-B-TV-C3-MRO;NKE;93
14514246001124;AAS NKE_3212-B-TV-MRO;NKE;54
14514247001124;AAS NKE_3302-B-TV-MRO;NKE;16
14514252001124;AAS NKE_3305-B-2Z-TV-MRO;NKE;5
14514253001124;AAS NKE_3201-B-TV-MRO;NKE;30
14514255001124;AAS NKE_3209-B-TV-C3-MRO;NKE;11
14514256001124;AAS NKE_3210-B-TV-C3-MRO;NKE;15
14514258001124;AAS NKE_3305-B-TV-C3-MRO;NKE;5
14514260001124;AAS NKE_3310-B-TV-C3-MRO;NKE;113
14514261001124;AAS NKE_3311-B-TV-MRO;NKE;4
14514262001124;AAS NKE_7213-BE-TVP-MRO;NKE;4
14514263001124;AAS NKE_3201-B-2RS-TV-C3-MRO;NKE;35
14514288001124;AAS NKE_3220-M-MRO;NKE;4
14514295001124;AAS NKE_3207-B-TV-C3-MRO;NKE;77
14514297001124;AAS NKE_3213-B-TV-C3-MRO;NKE;8
14514298001124;AAS NKE_3214-B-TV-C3-MRO;NKE;2
14514303001124;AAS NKE_3311-B-TV-C3-MRO;NKE;12
14514309001124;AAS NKE_3312-B-2RS-TV-C3-MRO;NKE;26
14516431001124;AAS NKE_3218-M-C3-MRO;NKE;4
14516449001124;AAS NKE_7222-BE-TVP-MRO;NKE;4
14516453001124;AAS NKE_7318-BE-TVP-MRO;NKE;8
14516454001124;AAS NKE_7319-BE-TVP-MRO;NKE;1
14516460001124;AAS NKE_3212-B-2Z-TV-C3-MRO;NKE;3
14516462001124;AAS NKE_3213-B-2RS-TV-MRO;NKE;2
14516463001124;AAS NKE_3214-B-2RS-TV-MRO;NKE;13
14516465001124;AAS NKE_3304-B-TV-C3-MRO;NKE;18
14516466001124;AAS NKE_3306-B-TV-C3-MRO;NKE;273
14516472001124;AAS NKE_3214-B-2RS-TV-C3-MRO;NKE;9
14516474001124;AAS NKE_3311-B-2Z-TV-C3-MRO;NKE;4
14516491001124;AAS NKE_3202-B-2Z-TV-C3-MRO;NKE;8
14516503111124;AAS NKE_7302-BE-TVP-MRO;NKE;1
14516508001113;AAS NKE_7303-BECB-J;NKE;1
14516510001124;AAS NKE_7303-BE-TVP-MRO;NKE;12
14516513001113;AAS NKE_7304-BE-TVP;NKE;117
14516514001113;AAS NKE_7204-BECB-J;NKE;17
14516516111124;AAS NKE_7204-BE-TVP-MRO;NKE;132
14516529001124;AAS NKE_3204-B-2Z-TV-C3-MRO;NKE;5
14516538001113;AAS NKE_7206-BECB-TVP;NKE;70
14516539001113;AAS NKE_7206-BE-TVP;NKE;84
14516539121124;AAS NKE_7206-BE-TVP-MRO;NKE;83
14516553001113;AAS NKE_7207-BECB-MP;NKE;1
14516556001113;AAS NKE_7207-BE-TVP;NKE;34
14516556111124;AAS NKE_7207-BE-TVP-MRO;NKE;146
14516558001113;AAS NKE_7305-BECB-MP;NKE;3
14516571001113;AAS NKE_7306-BE-TVP;NKE;291
14516577001113;AAS NKE_7208-BECB-TVP;NKE;18
14516578001113;AAS NKE_7208-BE-TVP;NKE;37
14516586001113;AAS NKE_7307-BE-TVP;NKE;52
14516603001113;AAS NKE_QJ210-MPA;NKE;3
14516606001113;AAS NKE_7209-BECB-MP;NKE;18
14516608001124;AAS NKE_7209-BE-TVP-MRO;NKE;63
14516612001113;AAS NKE_7210-BE-TVP;NKE;64
14516619001124;AAS NKE_7308-BE-TVP-MRO;NKE;257
14516624001124;AAS NKE_3209-B-2Z-TV-C3-MRO;NKE;8
14516631001113;AAS NKE_7211-BE-TVP;NKE;22
14516640001113;AAS NKE_7309-BECB-MP;NKE;130
14516642001113;AAS NKE_7309-BE-TVP;NKE;37
14516642111124;AAS NKE_7309-BE-TVP-MRO;NKE;76
14516661001113;AAS NKE_7310-BECB-TVP;NKE;140
14516662001113;AAS NKE_7310-BE-TVP;NKE;22
14516671001113;AAS NKE_7311-BECB-J;NKE;1
14516674001113;AAS NKE_7311-BE-TVP;NKE;12
14516678001124;AAS NKE_3311-B-2RS-TV-C3-MRO;NKE;5
14516686001113;AAS NKE_QJ214-N2-MPA-C4;NKE;4
14516698001124;AAS NKE_3215-B-TV-C3-MRO;NKE;13
14516711001113;AAS NKE_7312-BECB-MP;NKE;92
14516714001124;AAS NKE_7312-BE-TVP-MRO;NKE;14
14516716001113;AAS NKE_7313-BECB-J;NKE;1
14516717001113;AAS NKE_7313-BECB-MP;NKE;174
14516718001113;AAS NKE_7313-BECB-TVP;NKE;14
14516719001124;AAS NKE_7313-BE-TVP-MRO;NKE;11
14516726001124;AAS NKE_7217-BE-TVP-MRO;NKE;1
14516738001113;AAS NKE_7314-BECB-MP;NKE;66
14516739001124;AAS NKE_7314-BE-TVP-MRO;NKE;12
14516747001113;AAS NKE_7315-BECB-MP;NKE;4
14516753001124;AAS NKE_3314-B-TV-C3-MRO;NKE;3
14516768001113;AAS NKE_7316-BECB-MP;NKE;30
14516778111124;AAS NKE_3220-M-C3-MRO;NKE;4
14522378111113;AAS NKE_7312-BECB-J;NKE;16
15011278001190;AAS 3207 B 2RS/C3;FERSA;9
15011280001190;AAS 3212 B 2RS/C3;FERSA;187
15011315001001;AAS F 16023;FERSA;1
15011322001001;AAS F 16030;FERSA;8
15011328001001;AAS F 16036;FERSA;1540
15011329001190;AAS F 16037;FERSA;2
15011526001001;AAS F 16079;FERSA;13
15011531001001;AAS F 16081;FERSA;7
15011537001001;AAS F 16082;FERSA;6
15011685001190;AAS 3210 B 2RS/C3;FERSA;406
15011735001001;AAS 3206 B 2RS/C3;FERSA;4
15011737001190;AAS 3208 B 2RS/C3;FERSA;1543
15011765001190;AAS F 16097;FERSA;14
15011766001190;AAS F 16098;FERSA;404
15011767001190;AAS F 16099;FERSA;1
15011768001190;AAS F 16100;FERSA;65
15011772001001;AAS F 16104;FERSA;7
15011772001190;AAS F 16104;FERSA;6
15011857001001;AAS F 16197;FERSA;3
15012015001001;AAS F 16202;FERSA;10
15012278001001;AAS F 16120;FERSA;1
15012734001190;AAS F 16208;FERSA;6
15022285001190;AAS F 16219;FERSA;12
15115848001124;AAS NKE_1211-K-C3-MRO;NKE;1053
15115852001124;AAS NKE_2206-2RS-TV-MRO;NKE;41
15115857001124;AAS NKE_2311-K-C3-MRO;NKE;24
15115859001124;AAS NKE_1206-K-TV-C3-MRO;NKE;293
15115860001113;AAS NKE_1206-TV;NKE;308
15115860001124;AAS NKE_1206-TV-MRO;NKE;218
15115861001124;AAS NKE_1213-K-MRO;NKE;21
15115862001124;AAS NKE_1306-TV-MRO;NKE;322
15115862131124;AAS NKE_1306-TV-C3-MRO;NKE;12
15115866001124;AAS NKE_1316-MRO;NKE;2
15115867001124;AAS NKE_2201-2RS-TV-MRO;NKE;2
15115868001124;AAS NKE_2202-2RS-TV-MRO;NKE;165
15115871001124;AAS NKE_2207-2RS-TV-MRO;NKE;53
15115877111124;AAS NKE_2215-C3-MRO;NKE;5
15115883001124;AAS NKE_1207-TV-MRO;NKE;48
15115884001124;AAS NKE_1207-TV-C3-MRO;NKE;268
15115885001124;AAS NKE_1312-TV-C3-MRO;NKE;11
15115887001124;AAS NKE_1201-TV-MRO;NKE;1
15115888001124;AAS NKE_1202-TV-MRO;NKE;10
15115889001113;AAS NKE_1204-TV-C3;NKE;6
15115889001124;AAS NKE_1204-TV-C3-MRO;NKE;135
15115895001124;AAS NKE_2220-K-M-C3-MRO;NKE;4
15115896001124;AAS NKE_2313-K-C3-MRO;NKE;18
15115899001124;AAS NKE_1311-K-TV-C3-MRO;NKE;61
15115900001124;AAS NKE_2212-C3-MRO;NKE;9
15115907001124;AAS NKE_1208-TV-MRO;NKE;289
15115919001124;AAS NKE_2218-K-C3-MRO;NKE;5
15115922001124;AAS NKE_2211-TV-C3-MRO;NKE;28
15115926001124;AAS NKE_1217-K-C3-MRO;NKE;15
15115926121124;AAS NKE_1217-MRO;NKE;9
15115930001124;AAS NKE_2204-2RS-TV-MRO;NKE;150
15115933001124;AAS NKE_1212-MRO;NKE;10
15115935001124;AAS NKE_1213-K-C3-MRO;NKE;473
15115937001124;AAS NKE_1307-TV-C3-MRO;NKE;28
15115938001124;AAS NKE_1310-TV-MRO;NKE;5
15115939001124;AAS NKE_2206-TV-MRO;NKE;52
15115943001124;AAS NKE_2216-K-C3-MRO;NKE;33
15115946001124;AAS NKE_1212-K-C3-MRO;NKE;56
15115950001124;AAS NKE_1215-K-MRO;NKE;31
15115950121124;AAS NKE_1215-C3-MRO;NKE;12
15115951001113;AAS NKE_2205-2RS-TV;NKE;38
15115951001124;AAS NKE_2205-2RS-TV-MRO;NKE;209
15115952001124;AAS NKE_2205-TV-MRO;NKE;334
15115955001124;AAS NKE_2209-K-TV-C3-MRO;NKE;215
15115962001124;AAS NKE_1204-TV-MRO;NKE;78
15115965001124;AAS NKE_1209-K-TV-C3-MRO;NKE;808
15115966001124;AAS NKE_1303-TV-MRO;NKE;44
15115974001124;AAS NKE_1210-TV-C3-MRO;NKE;16
15115975001124;AAS NKE_1218-K-C3-MRO;NKE;12
15115975141124;AAS NKE_1218-MRO;NKE;15
15115975151124;AAS NKE_1218-TV-C3-MRO;NKE;6
15115978001124;AAS NKE_2203-2RS-TV-MRO;NKE;75
15115980001124;AAS NKE_2208-TV-MRO;NKE;52
15115981001124;AAS NKE_2214-MRO;NKE;28
15115982001124;AAS NKE_2312-K-C3-MRO;NKE;22
15115988001124;AAS NKE_1210-K-TV-MRO;NKE;133
15115989001124;AAS NKE_2208-K-2RS-TV-C3-MRO;NKE;2
15115990001124;AAS NKE_2208-TV-C3-MRO;NKE;25
15115991001124;AAS NKE_2210-TV-MRO;NKE;21
15115993001124;AAS NKE_2212-K-2RS-C3-MRO;NKE;26
15115997001124;AAS NKE_2308-MRO;NKE;34
15115998001124;AAS NKE_2209-2RS-TV-MRO;NKE;76
15116001001124;AAS NKE_1207-K-TV-MRO;NKE;37
15116003001124;AAS NKE_2209-TV-C3-MRO;NKE;44
15116009001124;AAS NKE_2207-K-2RS-TV-C3-MRO;NKE;16
15116010001124;AAS NKE_2310-2RS-TV-MRO;NKE;247
15116011001124;AAS NKE_1308-TV-MRO;NKE;10
15116012001124;AAS NKE_1210-TV-MRO;NKE;108
15116013001124;AAS NKE_2208-K-TV-C3-MRO;NKE;469
15116014001124;AAS NKE_2205-TV-C3-MRO;NKE;16
15116018001124;AAS NKE_2210-TV-C3-MRO;NKE;36
15116020001124;AAS NKE_1307-TV-MRO;NKE;1
15116022001124;AAS NKE_2204-TV-C3-MRO;NKE;10
15116025001124;AAS NKE_1211-K-TV-C3-MRO;NKE;987
15116027001124;AAS NKE_2207-K-TV-C3-MRO;NKE;63
15116029001124;AAS NKE_2306-2RS-MRO;NKE;5
15116030001124;AAS NKE_2207-TV-C3-MRO;NKE;190
15116032001124;AAS NKE_1200-TV-C3-MRO;NKE;10
15116034001124;AAS NKE_1209-K-TV-MRO;NKE;57
15116035001124;AAS NKE_2202-TV-MRO;NKE;6
15116036001124;AAS NKE_2209-TV-MRO;NKE;11
15116040001124;AAS NKE_2202-2RS-TV-C3-MRO;NKE;221
15116041001124;AAS NKE_2203-TV-MRO;NKE;100
15116042001124;AAS NKE_2206-TV-C3-MRO;NKE;13
15116043001124;AAS NKE_2207-TV-MRO;NKE;184
15120104001124;AAS NKE_1201-TV-C3-MRO;NKE;32
15120105001124;AAS NKE_1204-K-TV-C3-MRO;NKE;1
15120111001124;AAS NKE_1209-TV-C3-MRO;NKE;6
15120115121124;AAS NKE_1211-K-MRO;NKE;53
15120115131124;AAS NKE_1211-MRO;NKE;44
15120116121124;AAS NKE_1213-C3-MRO;NKE;7
15120117001124;AAS NKE_1216-K-C3-MRO;NKE;1
15120119001124;AAS NKE_1302-TV-MRO;NKE;4
15120121001113;AAS NKE_1305-TV-C3;NKE;7
15120121001124;AAS NKE_1305-TV-C3-MRO;NKE;3
15120122001124;AAS NKE_1305-TV-MRO;NKE;30
15120129001124;AAS NKE_2200-TV-MRO;NKE;3
15120130001124;AAS NKE_2201-TV-C3-MRO;NKE;18
15120131001124;AAS NKE_2201-TV-MRO;NKE;45
15120133001124;AAS NKE_2205-K-TV-C3-MRO;NKE;1
15120147001124;AAS NKE_2212-MRO;NKE;24
15120149001124;AAS NKE_2213-C3-MRO;NKE;15
15120150001124;AAS NKE_2213-K-TV-C3-MRO;NKE;227
15120150141124;AAS NKE_2213-K-2RS-TV-C3-MRO;NKE;3
15120151001124;AAS NKE_2213-MRO;NKE;46
15120153001124;AAS NKE_2214-K-C3-MRO;NKE;2
15120156001124;AAS NKE_2304-TV-MRO;NKE;1
15120161001124;AAS NKE_2309-TV-MRO;NKE;12
15120162141124;AAS NKE_2310-M-C3-MRO;NKE;2
15121804001124;AAS NKE_1219-K-C3-MRO;NKE;3
15121805001124;AAS NKE_1220-K-C3-MRO;NKE;1
15121806001124;AAS NKE_1304-TV-MRO;NKE;6
15121807001124;AAS NKE_1307-K-TV-C3-MRO;NKE;15
15121813001124;AAS NKE_1316-K-C3-MRO;NKE;5
15121832001124;AAS NKE_2312-MRO;NKE;2
15121832131124;AAS NKE_2312-TV-C3-MRO;NKE;1
15121833151124;AAS NKE_2314-MRO;NKE;5
15121835001124;AAS NKE_2315-K-C3-MRO;NKE;10
15121877131124;AAS NKE_1214-MRO;NKE;3
15121878001124;AAS NKE_1215-K-C3-MRO;NKE;91
15121884001124;AAS NKE_2311-2RS-MRO;NKE;4
15122032001124;AAS NKE_1215-MRO;NKE;9
15122033001124;AAS NKE_1216-MRO;NKE;13
15122124001124;AAS NKE_1308-TV-C3-MRO;NKE;104
15122129161124;AAS NKE_2311-C3-MRO;NKE;5
15122224001124;AAS NKE_2203-TV-C3-MRO;NKE;110
15122707131124;AAS NKE_1217-K-TV-C3-MRO;NKE;8
16010325001001;AAS F 15058;FERSA;114
16010326001001;AAS F 15059;FERSA;304
16011550001190;AAS F 15139;FERSA;94
16011551001001;AAS F 15140;FERSA;105
16011552001001;AAS F 15141;FERSA;3996
16012025001001;AAS F 15210;FERSA;105
16012791001001;AAS F 15331;FERSA;1336
16523106001001;CLAC P 001;FERSA;1
16525612011001;CLAC P 002;FERSA;66
16525871011001;CLAC P 003;FERSA;139
16526193001001;CLAC M 015;FERSA;20
16526194001001;CLAC M 016;FERSA;5
16526763001001;CLAC H 001;FERSA;233
16826742001001;FW 001;FERSA;5
16826744001001;FW 003;FERSA;3
16826745001001;FW 004;FERSA;4
17010307001001;AAS F 15031;FERSA;643
17012922001124;AAS NKE_51102-MRO;NKE;25
17012923001124;AAS NKE_51112-MRO;NKE;122
17012924001124;AAS NKE_51213-MRO;NKE;16
17012925001124;AAS NKE_51309-MRO;NKE;39
17012926001124;AAS NKE_51108-MRO;NKE;73
17012927001124;AAS NKE_51115-MRO;NKE;26
17012929001124;AAS NKE_51103-MRO;NKE;70
17012930001124;AAS NKE_51111-MRO;NKE;158
17012931001124;AAS NKE_51100-MRO;NKE;81
17012933001124;AAS NKE_51307-MRO;NKE;12
17012935001124;AAS NKE_51211-MRO;NKE;20
17012938001124;AAS NKE_51320-MRO;NKE;5
17012939001124;AAS NKE_51118-MRO;NKE;59
17012941001124;AAS NKE_51210-MRO;NKE;194
17012942001124;AAS NKE_51215-MRO;NKE;12
17012945001124;AAS NKE_51106-MRO;NKE;68
17012946001124;AAS NKE_51216-MRO;NKE;13
17012949001124;AAS NKE_51117-MRO;NKE;261
17012951001124;AAS NKE_51305-MRO;NKE;9
17012953001124;AAS NKE_51114-MRO;NKE;70
17012954001124;AAS NKE_51116-MRO;NKE;47
17012956001124;AAS NKE_51201-MRO;NKE;92
17012958001124;AAS NKE_51124-MRO;NKE;4
17012961001124;AAS NKE_51308-MRO;NKE;6
17012962001124;AAS NKE_51113-MRO;NKE;35
17012963001124;AAS NKE_51214-MRO;NKE;77
17012965001124;AAS NKE_51203-MRO;NKE;1266
17012968001124;AAS NKE_51109-MRO;NKE;105
17012969001124;AAS NKE_51110-MRO;NKE;32
17012970001124;AAS NKE_51204-MRO;NKE;41
17012972001124;AAS NKE_51107-MRO;NKE;253
17012973001124;AAS NKE_51122-MRO;NKE;4
17012977001124;AAS NKE_51306-MRO;NKE;111
17012978001124;AAS NKE_51105-MRO;NKE;280
17012979001124;AAS NKE_51202-MRO;NKE;63
17012980001124;AAS NKE_51310-MRO;NKE;131
17012981001124;AAS NKE_51104-MRO;NKE;247
17020748001124;AAS NKE_51101-MRO;NKE;143
17020749001124;AAS NKE_51136-MRO;NKE;10
17020750001124;AAS NKE_51230-MRO;NKE;4
17020755001124;AAS NKE_51217-MRO;NKE;35
17020902001124;AAS NKE_51128-MRO;NKE;56
17020903001124;AAS NKE_51130-MRO;NKE;2
17020904001124;AAS NKE_51132-MRO;NKE;4
17020905001124;AAS NKE_51134-MRO;NKE;8
17020910001124;AAS NKE_51315-MRO;NKE;5
17020911001124;AAS NKE_51316-MRO;NKE;14
17020936001124;AAS NKE_52204-MRO;NKE;30
17020938001124;AAS NKE_52206-MRO;NKE;13
17020940001124;AAS NKE_52209-MRO;NKE;6
17020943001124;AAS NKE_52212-MRO;NKE;4
17020961001124;AAS NKE_53208-MRO;NKE;2
17020967001124;AAS NKE_53307-MRO;NKE;1
17021843001124;AAS NKE_51228-MRO;NKE;6
17021844001124;AAS NKE_51317-MRO;NKE;9
17021845001124;AAS NKE_51318-MRO;NKE;3
17021850001124;AAS NKE_52220-MRO;NKE;2
17022533001124;AAS NKE_51322-MRO;NKE;2
17022534001124;AAS NKE_51324-MP-MRO;NKE;2
17025764101124;AAS NKE_51326-MRO;NKE;4
17027584001124;AAS NKE_51138-MRO;NKE;2
17027585001124;AAS NKE_51140-MRO;NKE;2
17027587001124;AAS NKE_51148-MRO;NKE;1
17027588001124;AAS NKE_51152-MRO;NKE;1
17027593001124;AAS NKE_51244-MRO;NKE;3
19011407001001;AAS F 19001;FERSA;155
19011409001001;AAS F 19003;FERSA;3
19011414001001;AAS F 19009;FERSA;25
19011415001001;AAS F 19010;FERSA;74
19011421001001;AAS F 19016;FERSA;239
19011426001001;AAS F 19022;FERSA;33
19011427001190;AAS F 19023;FERSA;26
19011431191190;AAS F 19029;FERSA;48
19011437001001;AAS F 19035;FERSA;111
19011438001190;AAS F 19037;FERSA;708
19011439001001;AAS F 19038;FERSA;31
19011444001190;AAS F 19046;FERSA;129
19011450001001;AAS NU 206 FM;FERSA;33
19011454001001;AAS NU 2207 FM;FERSA;32
19011463001190;AAS NU 308 FM;FERSA;40
19011466001001;AAS NU 209 FMN/C3;FERSA;1402
19011468001190;AAS NU 309 FM;FERSA;120
19011469001190;AAS NU 309 FMN;FERSA;6
19011470001190;AAS NU 309 FMNR/C3;FERSA;22
19011471001001;AAS NU 310 FM;FERSA;153
19011476001001;AAS NU 2216 FM;FERSA;85
19011483001190;AAS NJ 308 FM;FERSA;50
19011484001001;AAS NJ 309 FM;FERSA;82
19011486001001;AAS NJ 310 FM;FERSA;15
19011487001001;AAS NJ 1014 FM;FERSA;66
19011491001001;AAS N 211 FMNR/C4;FERSA;19
19011494001190;AAS NUP 206 FM;FERSA;28
19011495001190;AAS NUP 308 FM;FERSA;7
19011497001001;AAS NUP 309 FM;FERSA;56
19011503001001;AAS NUP 212 FM;FERSA;104
19011597001001;AAS F 19048;FERSA;1005
19011608001001;AAS NJ 215 F/C3;FERSA;1
19011631001001;AAS NUP 213 FPNR/C3;FERSA;72
19011635001001;AAS F 19071;FERSA;717
19011657001190;AAS F 19077;FERSA;69
19011800001001;AAS F 19076;FERSA;26
19011802001001;AAS F 19075;FERSA;40
19012004001190;AAS F 19119;FERSA;218
19012005001001;AAS F 19083;FERSA;19
19012010001001;AAS F 19085;FERSA;241
19012110001190;AAS NUP 309 FP;FERSA;69
19012130001001;AAS F 19080;FERSA;32
19012255001001;AAS F 19086;FERSA;2
19012454001001;AAS F 19095;FERSA;77
19012562001190;AAS NU 202 FM/C3;FERSA;10
19013388001124;AAS NKE_NCF2936-V-C3-MRO;NKE;1
19013393001113;AAS NKE_NJ304-E-TVP3;NKE;1
19013399001113;AAS NKE_NU202-E-TVP3;NKE;67
19013400001113;AAS NKE_NU202-E-TVP3-C3;NKE;74
19013400001124;AAS NKE_NU202-E-TVP3-C3-MRO;NKE;86
19013401001113;AAS NKE_NU204-E-TVP3;NKE;1
19013401001124;AAS NKE_NU204-E-TVP3-MRO;NKE;4
19013402111124;AAS NKE_NU205-E-TVP3-MRO;NKE;99
19013404001124;AAS NKE_NU2205-E-TVP3-C3-MRO;NKE;16
19013405001124;AAS NKE_NU2309-E-TVP3-C3-MRO;NKE;4
19013406001113;AAS NKE_NU308-E-TVP3-C3;NKE;11
19013406001124;AAS NKE_NU308-E-TVP3-C3-MRO;NKE;4
19013407001124;AAS NKE_NUP208-E-TVP3-C3-MRO;NKE;7
19013410001124;AAS NKE_NUP308-E-TVP3-C3-MRO;NKE;38
19013419001124;AAS NKE_NJ2208-E-TVP3-C3-MRO;NKE;2
19013454001124;AAS NKE_NU2203-E-TVP3-C3-MRO;NKE;2
19013455001113;AAS NKE_NU2208-E-TVP3-C3;NKE;9
19013457001124;AAS NKE_NU307-E-TVP3-C3-MRO;NKE;6
19013457121116;AAS NKE_NU307-E-TVP3-C3-OPPC;NKE;16
19013459161113;AAS NKE_NCF1880-V-QV002;NKE;2
19013464001124;AAS NKE_NJ2308-E-TVP3-MRO;NKE;3
19013474001124;AAS NKE_NJ204-E-TVP3-MRO;NKE;10
19013478001113;AAS NKE_NJ304-E-TVP3-C3;NKE;5
19013483001124;AAS NKE_NU304-E-TVP3-C3-MRO;NKE;15
19013493001124;AAS NKE_NJ305-E-TVP3-MRO;NKE;310
19013516111124;AAS NKE_NJ2208-E-TVP3-MRO;NKE;10
19013521001113;AAS NKE_NU2206-E-TVP3;NKE;10
19013573001113;AAS NKE_NNF5008-A-2LS-V;NKE;1
19013581001124;AAS NKE_NJ2308-E-TVP3-C3-MRO;NKE;17
19013598001124;AAS NKE_NUP207-E-TVP3-C3-MRO;NKE;2
19013605001124;AAS NKE_NJ2309-E-TVP3-MRO;NKE;2
19013644001113;AAS NKE_NU2209-E-TVP3;NKE;4
19013683001113;AAS NKE_NJ308-E-TVP3;NKE;39
19013683001124;AAS NKE_NJ308-E-TVP3-MRO;NKE;18
19013715001124;AAS NKE_NUP208-E-TVP3-MRO;NKE;5
19013717001124;AAS NKE_NJ306-E-TVP3-C3-MRO;NKE;76
19013717101113;AAS NKE_NJ306-E-TVP3-C3;NKE;6
19013726001113;AAS NKE_NJ207-E-TVP3-C3;NKE;13
19013726001124;AAS NKE_NJ207-E-TVP3-C3-MRO;NKE;47
19013727001124;AAS NKE_NJ2306-E-TVP3-MRO;NKE;4
19013738001113;AAS NKE_NU2208-E-TVP3;NKE;12
19013739001113;AAS NKE_NU2305-E-TVP3-C3;NKE;4
19013769001113;AAS NKE_NU2204-E-TVP3;NKE;8
19013806111124;AAS NKE_NU208-E-TVP3-MRO;NKE;256
19013807121124;AAS NKE_NU2209-E-TVP3-C3-MRO;NKE;8
19013810001113;AAS NKE_NUP203-E-TVP3;NKE;3
19013831001124;AAS NKE_NU205-E-TVP3-C3-MRO;NKE;58
19013835001113;AAS NKE_NUP205-E-TVP3;NKE;3
19013841101124;AAS NKE_NJ202-E-TVP3-C3-MRO;NKE;2
19013842001113;AAS NKE_NJ205-E-TVP3;NKE;28
19013867001124;AAS NKE_NJ308-E-TVP3-C3-MRO;NKE;47
19013869001124;AAS NKE_NU209-E-TVP3-C3-MRO;NKE;36
19013881001113;AAS NKE_NUP204-E-TVP3-C3;NKE;4
19013931001124;AAS NKE_NUP2209-E-TVP3-C3-MRO;NKE;2
19013934001124;AAS NKE_NCF3009-V-MRO;NKE;1
19013935001124;AAS NKE_NJ209-E-TVP3-C3-MRO;NKE;24
19013937001124;AAS NKE_NJ207-E-TVP3-MRO;NKE;18
19013939001124;AAS NKE_NJ2205-E-TVP3-MRO;NKE;5
19013972001113;AAS NKE_NU2206-E-TVP3-C3;NKE;12
19013976001113;AAS NKE_NUP306-E-TVP3-C3;NKE;6
19013976001124;AAS NKE_NUP306-E-TVP3-C3-MRO;NKE;2
19014039001124;AAS NKE_NUP2208-E-TVP3-MRO;NKE;8
19014044001124;AAS NKE_NJ2206-E-TVP3-C3-MRO;NKE;5
19016412001001;AAS NJ 309 FP;FERSA;24
19016414001001;AAS F 19107;FERSA;2
19016941101115;AAS NKE_NCF18/1000-V;NKE;2
19016983001124;AAS NKE_NJ220-E-TVP3-C3-MRO;NKE;15
19016984001124;AAS NKE_NU2306-E-TVP3-C3-MRO;NKE;2
19017031111115;AAS NKE_NU2252-E-M6-C3;NKE;8
19017070101115;AAS NKE_NCF28/670-V;NKE;8
19017113001124;AAS NKE_NUP304-E-TVP3-MRO;NKE;9
19017146101124;AAS NKE_NJ305-E-TVP3-C3-MRO;NKE;30
19017190101113;AAS NKE_NJ210-E-TVP-C3;NKE;4
19017211001124;AAS NKE_NJ2209-E-TVP3-C3-MRO;NKE;8
19017247111124;AAS NKE_NU310-E-TVP3-MRO;NKE;8
19017370001296;AAS NKE_NU1032-E-M6-C3;NKE;1
19017392001124;AAS NKE_NCF1840-V-MRO;NKE;2
19017415001113;AAS NKE_NU210-E-TVP3-C3;NKE;4
19017428001113;AAS NKE_NJ210-E-TVP3;NKE;32
19017429001113;AAS NKE_NJ210-E-TVP3-C3;NKE;16
19017429001124;AAS NKE_NJ210-E-TVP3-C3-MRO;NKE;4
19017435121124;AAS NKE_NUP210-E-TVP3-C3-MRO;NKE;2
19017452001113;AAS NKE_NJ2210-E-TVP3-C3;NKE;1
19017456001296;AAS NKE_NU2210-E-TVP3;NKE;3
19017457001113;AAS NKE_NU2210-E-TVP3-C3;NKE;1
19017488001113;AAS NKE_NU211-E-TVP3-C3;NKE;3
19017496111124;AAS NKE_NJ2211-E-TVP3-MRO;NKE;10
19017508001113;AAS NKE_NJ211-E-TVP3-C3;NKE;11
19017509111124;AAS NKE_NJ211-E-TVP3-C4-MRO;NKE;1
19017524001113;AAS NKE_NUP211-E-TVP3-C3;NKE;99
19017547001296;AAS NKE_NUP310-E-TVP3-C3;NKE;4
19017552001113;AAS NKE_NJ212-E-TVP3;NKE;53
19017560001113;AAS NKE_NJ2212-E-TVP3-C3;NKE;6
19017569001113;AAS NKE_NU212-E-TVP3-C3;NKE;2
19017577001113;AAS NKE_NU2212-E-TVP3-C3;NKE;3
19017596121124;AAS NKE_NJ2310-E-TVP3-MRO;NKE;2
19017609001296;AAS NKE_NU2310-E-TVP3;NKE;6
19017646001113;AAS NKE_NUP2213-E-TVP3-C3;NKE;3
19017663001124;AAS NKE_NJ311-E-TVP3-C3-MRO;NKE;4
19017680001113;AAS NKE_NU213-E-TVP3-C3;NKE;7
19017697001113;AAS NKE_NJ213-E-TVP3-C3;NKE;24
19017705001113;AAS NKE_NJ2311-E-TVP3-C3;NKE;1
19017753001296;AAS NKE_NU2214-E-TVP3;NKE;4
19017754001113;AAS NKE_NU2214-E-TVP3-C3;NKE;1
19017762001113;AAS NKE_NJ214-E-TVP3;NKE;5
19017763001113;AAS NKE_NJ214-E-TVP3-C3;NKE;15
19017770001113;AAS NKE_NJ2214-E-TVP3-C3;NKE;9
19017815001113;AAS NKE_NU215-E-TVP3-C3;NKE;9
19017817001113;AAS NKE_NJ410-M;NKE;1
19017825111124;AAS NKE_NJ312-E-TVP3-C3-MRO;NKE;6
19017850001113;AAS NKE_NU312-E-TVP3;NKE;36
19017851001113;AAS NKE_NU312-E-TVP3-C3;NKE;12
19017895001124;AAS NKE_NJ216-E-TVP3-C3-MRO;NKE;80
19017904001113;AAS NKE_NU313-E-M6-C3;NKE;2
19017908001113;AAS NKE_NU313-E-TVP3;NKE;5
19017909001113;AAS NKE_NU313-E-TVP3-C3;NKE;8
19017931001113;AAS NKE_NJ2216-E-TVP3;NKE;2
19017951001113;AAS NKE_NJ313-E-TVP3-C3;NKE;19
19017962001113;AAS NKE_NJ2313-E-TVP3-C3;NKE;1
19017991001296;AAS NKE_NU314-E-M6-C3;NKE;36
19017996001113;AAS NKE_NU314-E-TVP3;NKE;5
19017997001113;AAS NKE_NU314-E-TVP3-C3;NKE;9
19018050001113;AAS NKE_NU217-E-TVP3;NKE;2
19018051001113;AAS NKE_NU217-E-TVP3-C3;NKE;13
19018065001113;AAS NKE_NJ217-E-TVP3-C3;NKE;1
19018069001296;AAS NKE_NJ2314-E-MA6-C3;NKE;2
19018073001113;AAS NKE_NJ2314-E-TVP3-C3;NKE;9
19018074001113;AAS NKE_NJ2314-E-TVP3-C4;NKE;1
19018107001113;AAS NKE_NU315-E-TVP3-C3;NKE;3
19018139001113;AAS NKE_NU218-E-TVP3-C3;NKE;2
19018173111124;AAS NKE_NJ2315-E-TVP3-C3-MRO;NKE;1
19018206001113;AAS NKE_NU316-E-TVP3;NKE;3
19018434001113;AAS NKE_NU2318-E-TVP3;NKE;3
19018486001113;AAS NKE_NU222-E-TVP3-C3;NKE;4
19018583001113;AAS NKE_NU224-E-M6-C3;NKE;2
19018697001113;AAS NKE_NU2226-E-TVP3;NKE;3
19018698001113;AAS NKE_NU2226-E-TVP3-C3;NKE;2
19018713001113;AAS NKE_NU322-E-M6;NKE;1
19018714001296;AAS NKE_NU322-E-M6-C3;NKE;8
19018729001124;AAS NKE_NJ322-E-TVP3-C3-MRO;NKE;2
19018796001113;AAS NKE_NU324-E-M6-C3;NKE;2
19018898001296;AAS NKE_NU2232-E-M6-C3;NKE;2
19020797001124;AAS NKE_NU1022-M-C3-MRO;NKE;1
19020858001124;AAS NKE_NU1011-M-C4-MRO;NKE;421
19021709001001;AAS F 19112;FERSA;7
19021925001190;AAS F 19120;FERSA;2
19021977001190;AAS F 19116;FERSA;3
19022029001296;AAS NKE_NU1010-M-C3;NKE;4
19022030001113;AAS NKE_NJ412-M-C3;NKE;2
19022377001124;AAS NKE_NU1011-M-MRO;NKE;2
19022466001001;AAS F 19142;FERSA;36
19022471001001;AAS F 19166;FERSA;19
19022523001001;AAS F 19144;FERSA;10
19023397121115;AAS NKE_NCF29/560-V;NKE;6
19023584121124;AAS NKE_NU1009-M-MRO;NKE;2
19023876001115;AAS NKE_CRB129940-A-3S1;NKE;3
19024081101115;AAS NKE_NCF29/710-V-C3;NKE;1
19028133101115;AAS NKE_NCF29/600-V;NKE;6
19028134101115;AAS NKE_NCF29/670-V;NKE;4
19028135101115;AAS NKE_NCF29/630-V;NKE;4
19116115001124;AAS NKE_81214-TVPB-MRO;NKE;2
19116125001124;AAS NKE_81206-TVPB-MRO;NKE;8
19121137001124;AAS NKE_81104-TVPB-MRO;NKE;5
19121138001124;AAS NKE_81106-TVPB-MRO;NKE;3
19121139001124;AAS NKE_81107-TVPB-MRO;NKE;2
19121153001124;AAS NKE_81207-TVPB-MRO;NKE;1
19121156001124;AAS NKE_81213-TVPB-MRO;NKE;3
19216958151115;AAS NKE_NNCF5048-V-C3-2S;NKE;14
19217312101113;AAS NKE_NNCF5020-V-C3-2S;NKE;25
19228230101113;AAS NKE_NNCF5011-V-C3-2S;NKE;25
19228231101113;AAS NKE_NNCF5016-V-C3-2S;NKE;25
19228232101113;AAS NKE_NNCF5018-V-C3-2S;NKE;25
19228233101113;AAS NKE_NNCF5022-V-C3-2S;NKE;25
19228234101113;AAS NKE_NNCF5024-V-C3-2S;NKE;25
19228235101113;AAS NKE_NNCF5026-V-C3-2S;NKE;25
19228236101113;AAS NKE_NNCF5028-V-C3-2S;NKE;24
19228237101113;AAS NKE_NNCF5030-V-C3-2S;NKE;25
19228238101113;AAS NKE_NNCF5032-V-C3-2S;NKE;25
19228239101115;AAS NKE_NNCF5034-V-C3-2S;NKE;25
19228240101115;AAS NKE_NNCF5036-V-C3-2S;NKE;25
19228241101115;AAS NKE_NNCF5040-V-C3-2S;NKE;19
20010889001190;AAS T 113;FERSA;16
20010891001190;AAS T 126;FERSA;59
21010016001001;AAS U 298/U 261 L;FERSA;13
21010085001001;AAS U 497/U 460 L;FERSA;3
23011378001001;AAS F 17010 K;FERSA;30
23012335001001;AAS F 17044 K;FERSA;3
23012457001001;AAS F 17078 K;FERSA;90
23012563001001;AAS F 17091 K;FERSA;80
23012564001001;AAS F 17092 K;FERSA;12
23012584001001;AAS F 17061 K;FERSA;9
23012814001001;AAS F 17083 K;FERSA;12
23012820001001;AAS F 17086 K;FERSA;7
23012821001001;AAS F 17098 K;FERSA;13
23016052001124;AAS NKE_NK40/20-MRO;NKE;16
23016056001124;AAS NKE_HK1012-MRO;NKE;34
23016060001124;AAS NKE_NA4903-MRO;NKE;13
23016066001124;AAS NKE_NA6904-MRO;NKE;20
23016087001124;AAS NKE_NA6902-MRO;NKE;2
23016098001124;AAS NKE_NA6906-MRO;NKE;10
23020984001124;AAS NKE_NA4901-2RSR-MRO;NKE;56
23020985001124;AAS NKE_NA4902-2RSR-MRO;NKE;48
23021004001124;AAS NKE_NA6903-MRO;NKE;2
23021165001124;AAS NKE_BK0509-MRO;NKE;8
23021166001124;AAS NKE_BK0609-MRO;NKE;7
23021168001124;AAS NKE_BK0808-MRO;NKE;5
23021175001124;AAS NKE_BK1210-MRO;NKE;19
23021177001124;AAS NKE_BK1412-MRO;NKE;6
23021178001124;AAS NKE_BK1512-MRO;NKE;4
23021180001124;AAS NKE_BK1616-MRO;NKE;7
23021182001124;AAS NKE_BK1816-MRO;NKE;4
23021183001124;AAS NKE_BK2016-MRO;NKE;1
23021184001124;AAS NKE_BK2020-MRO;NKE;3
23021186001124;AAS NKE_BK2520-MRO;NKE;2
23021187001124;AAS NKE_BK2526-MRO;NKE;3
23021188001124;AAS NKE_BK3016-MRO;NKE;4
23021190001124;AAS NKE_BK3026-MRO;NKE;4
23021194001124;AAS NKE_HK0408-MRO;NKE;1
23021198001124;AAS NKE_HK0709-MRO;NKE;9
23021199001124;AAS NKE_HK0808-MRO;NKE;22
23021202001124;AAS NKE_HK0910-MRO;NKE;30
23021203001124;AAS NKE_HK0912-MRO;NKE;9
23021205001124;AAS NKE_HK1015-MRO;NKE;39
23021208001124;AAS NKE_HK1214-MRO;NKE;48
23021214001124;AAS NKE_HK1514-MRO;NKE;77
23021219001124;AAS NKE_HK1614-MRO;NKE;50
23021220001124;AAS NKE_HK1616-MRO;NKE;7
23021221001124;AAS NKE_HK1620-MRO;NKE;3
23021222001124;AAS NKE_HK1622-MRO;NKE;3
23021223001124;AAS NKE_HK1712-MRO;NKE;47
23021228001124;AAS NKE_HK1812-MRO;NKE;40
23021229001124;AAS NKE_HK2010-MRO;NKE;56
23021232001124;AAS NKE_HK2016-MRO;NKE;18
23021235001124;AAS NKE_HK2210-MRO;NKE;51
23021236001124;AAS NKE_HK2212-MRO;NKE;53
23021238001124;AAS NKE_HK2220-MRO;NKE;52
23021239001124;AAS NKE_HK2512-MRO;NKE;24
23021241001124;AAS NKE_HK2518-MRO;NKE;26
23021244001124;AAS NKE_HK2812-MRO;NKE;60
23021247001124;AAS NKE_HK3012-MRO;NKE;26
23021250001124;AAS NKE_HK3020-MRO;NKE;9
23021254001124;AAS NKE_HK3516-MRO;NKE;10
23021255001124;AAS NKE_HK3520-MRO;NKE;20
23021259001124;AAS NKE_HK4512-MRO;NKE;10
23021262001124;AAS NKE_HK5020-MRO;NKE;4
23021373001124;AAS NKE_NK6/10-TVP-MRO;NKE;13
23021375001124;AAS NKE_NK7/10-TVP-MRO;NKE;2
23021376001124;AAS NKE_NK7/12-TVP-MRO;NKE;20
23021378001124;AAS NKE_NK8/16-TVP-MRO;NKE;10
23021380001124;AAS NKE_NK9/16-TVP-MRO;NKE;14
23021381001124;AAS NKE_NK10/12-TVP-MRO;NKE;14
23021383001124;AAS NKE_NK12/12-MRO;NKE;33
23021387001124;AAS NKE_NK15/12-MRO;NKE;25
23021389001124;AAS NKE_NK15/20-MRO;NKE;10
23021392001124;AAS NKE_NK17/16-MRO;NKE;52
23021393001124;AAS NKE_NK17/20-MRO;NKE;14
23021394001124;AAS NKE_NK18/16-MRO;NKE;10
23021395001124;AAS NKE_NK18/20-MRO;NKE;17
23021396001124;AAS NKE_NK19/16-MRO;NKE;4
23021400001124;AAS NKE_NK21/16-MRO;NKE;60
23021404001124;AAS NKE_NK24/16-MRO;NKE;18
23021406001124;AAS NKE_NK25/16-MRO;NKE;60
23021408001124;AAS NKE_NK26/16-MRO;NKE;12
23021413001124;AAS NKE_NK29/30-MRO;NKE;6
23021417001124;AAS NKE_NK35/30-MRO;NKE;2
23021419001124;AAS NKE_NK37/30-MRO;NKE;3
23021425001124;AAS NKE_NK43/20-MRO;NKE;5
23021426001124;AAS NKE_NK43/30-MRO;NKE;6
23021430001124;AAS NKE_NK47/30-MRO;NKE;1
23021433001124;AAS NKE_NK55/25-MRO;NKE;4
23021434001124;AAS NKE_NK55/35-MRO;NKE;7
23021435001124;AAS NKE_NK60/25-MRO;NKE;1
23021457001124;AAS NKE_NKI9/12-MRO;NKE;3
23021458001124;AAS NKE_NKI9/16-MRO;NKE;1
23021459001124;AAS NKE_NKI10/16-MRO;NKE;7
23021461001124;AAS NKE_NKI12/16-MRO;NKE;16
23021462001124;AAS NKE_NKI12/20-MRO;NKE;6
23021465001124;AAS NKE_NKI17/16-MRO;NKE;6
23021469001124;AAS NKE_NKI22/16-MRO;NKE;1
23021474001124;AAS NKE_NKI30/20-MRO;NKE;6
23021479001124;AAS NKE_NKI38/20-MRO;NKE;75
23021484001124;AAS NKE_NKI50/25-MRO;NKE;15
23021492001124;AAS NKE_NKI70/35-MRO;NKE;4
23021493001124;AAS NKE_NKI75/25-MRO;NKE;2
23021518001124;AAS NKE_NKS24-MRO;NKE;3
23021520001124;AAS NKE_NKS28-MRO;NKE;24
23021525001124;AAS NKE_NKS40-MRO;NKE;5
23021904001001;AAS F 17114 K;FERSA;25
23021910001124;AAS NKE_NA4906-2RSR-MRO;NKE;6
23022769001001;AAS F 17122 K;FERSA;48
23121718001124;AAS NKE_NKIA5903-MRO;NKE;3
23121722001124;AAS NKE_NKIA5908-MRO;NKE;1
23121725001124;AAS NKE_NKIA5912-MRO;NKE;5
23221744001124;AAS NKE_NKX15-Z-MRO;NKE;1
25110011001001;FDRK EV91 OB;FERSA;93
25110014001001;FDRK 4423 OB;FERSA;1
25110021001001;FDRK HL6;FERSA;21
25110023001001;FDRK 650F OB;FERSA;48
25110026001001;FTRK GO210-6 OB;FERSA;6
25110031001001;FDRK R660 OB;FERSA;256
25110035001001;FTRK ZF 1292.298.905;FERSA;1
25110040001001;FDRK R780 OB;FERSA;1813
25110077001001;FTRK 3462 OB;FERSA;1
25110087001001;FTRK VT2214B OB;FERSA;3
25110088001001;FDRK RB662 OB;FERSA;10
25110090001001;FDRK MS240 OB;FERSA;284
25110091001001;FDRK U177 OB - IVECO;FERSA;44
25110094001001;FDRK MS17X OB;FERSA;1
25110097001001;FDRK HL8 OB;FERSA;77
25110115001001;FTRK 7052 OB;FERSA;6
25110119001001;FDRK RTS2370 INTERM OB;FERSA;66
25110137001001;FDRK HL6 OB;FERSA;6
25110139001001;FDRK HL5 OB;FERSA;964
25110140001001;FDRK U180 OB;FERSA;8
25110146001001;FDRK HL7 OB;FERSA;223
25110153001001;FDRK HL4 OB;FERSA;60
25110304001001;FDRK R885 OB;FERSA;337
25110311001001;FDRK MS18X OB;FERSA;164
25110328001001;FDRK HL4 REF OB;FERSA;3
25110493001001;FCRK 001;FERSA;1
25110566001001;FDRK MS 08-125 OB;FERSA;9
25110567001001;FDRK DANA 284 OB DELIVERY;FERSA;5
25110568001001;FDRK DANA S-130 OB DELIVERY;FERSA;15
25110587001001;FCRK 030;FERSA;7
28013008001113;AAS NKE_22212-E-K-W33;NKE;21
28013009001113;AAS NKE_22212-E-W33;NKE;59
28013011001113;AAS NKE_22220-E-W33;NKE;95
28013013001113;AAS NKE_22224-E-C3-W33;NKE;2
28013014001113;AAS NKE_22224-E-K-W33;NKE;26
28013015001113;AAS NKE_22224-E-W33;NKE;7
28013018001113;AAS NKE_22226-E-K-W33;NKE;7
28013020001124;AAS NKE_22228-E-C3-W33-MRO;NKE;9
28013021001113;AAS NKE_22228-E-K-C3-W33;NKE;16
28013022001113;AAS NKE_22228-E-W33;NKE;4
28013023001113;AAS NKE_22230-E-C3-W33;NKE;2
28013024001113;AAS NKE_22230-E-K-C3-W33;NKE;15
28013025001113;AAS NKE_22230-E-K-W33;NKE;1
28013029001113;AAS NKE_22232-E-K-W33;NKE;3
28013037001113;AAS NKE_22313-E-W33;NKE;1
28013040001113;AAS NKE_22320-E-C3-W33;NKE;15
28013041001113;AAS NKE_22320-E-K-C3-W33;NKE;2
28013042001113;AAS NKE_22320-E-W33;NKE;3
28013044001113;AAS NKE_22322-E-K-C3-W33;NKE;16
28013047001113;AAS NKE_22324-E-C3-W33;NKE;6
28013047001124;AAS NKE_22324-E-C3-W33-MRO;NKE;4
28013051001113;AAS NKE_22328-CE-C3-W33;NKE;5
28013059101113;AAS NKE_22334-MB-W33;NKE;6
28013124131115;AAS NKE_23080-MB-W33;NKE;2
28013128101115;AAS NKE_23088-MB-W33;NKE;2
28013161111115;AAS NKE_23164-MB-W33;NKE;4
28013168001124;AAS NKE_23218-K-MB-W33-MRO;NKE;2
28013169001124;AAS NKE_23218-MB-C3-W33-MRO;NKE;1
28013183001113;AAS NKE_23224-CE-K-C3-W33;NKE;1
28013203111113;AAS NKE_23236-MB-C3-W33;NKE;4
28013248001115;AAS NKE_23964-MB-W33;NKE;3
28013259101115;AAS NKE_240/600-MB-W33;NKE;2
28013260121115;AAS NKE_240/630-MB-W33;NKE;2
28013286131115;AAS NKE_24088-MB-W33;NKE;2
28013304131115;AAS NKE_24160-MB-W33;NKE;2
28013306101115;AAS NKE_24168-MB-W33;NKE;4
28013307101115;AAS NKE_24176-MB-W33;NKE;2
28020285001001;AAS 21304-E-TVPB;FERSA;1106
28020288001113;AAS NKE_22205-E-K-C3-W33;NKE;10
28020290001113;AAS NKE_22205-E-W33;NKE;28
28020291001113;AAS NKE_22206-E-C3-W33;NKE;6
28020294001124;AAS NKE_22206-E-K-W33-MRO;NKE;1
28020295001113;AAS NKE_22206-E-W33;NKE;34
28020297001113;AAS NKE_22207-E-K-C3-W33;NKE;10
28020299001113;AAS NKE_22207-E-W33;NKE;14
28020300001113;AAS NKE_22208-E-C3-W33;NKE;423
28020302111124;AAS NKE_22208-E-K-W33-MRO;NKE;2
28020303001124;AAS NKE_22208-E-W33-MRO;NKE;50
28020306001113;AAS NKE_22209-E-K-C3-W33;NKE;101
28020307001113;AAS NKE_22209-E-K-W33;NKE;46
28020308001113;AAS NKE_22209-E-W33;NKE;87
28020309001113;AAS NKE_22210-E-C3-W33;NKE;74
28020309111124;AAS NKE_22210-E-C3-W33-MRO;NKE;43
28020310001113;AAS NKE_22210-E-K-C3-W33;NKE;141
28020310111124;AAS NKE_22210-E-K-C3-W33-MRO;NKE;15
28020311001113;AAS NKE_22210-E-K-W33;NKE;162
28020312001113;AAS NKE_22210-E-W33;NKE;182
28020313001113;AAS NKE_22211-E-C3-W33;NKE;79
28020313111124;AAS NKE_22211-E-C3-W33-MRO;NKE;24
28020314001113;AAS NKE_22211-E-C4-W33;NKE;4
28020315001113;AAS NKE_22211-E-K-C3-W33;NKE;305
28020315001124;AAS NKE_22211-E-K-C3-W33-MRO;NKE;24
28020316001113;AAS NKE_22211-E-K-W33;NKE;258
28020317001113;AAS NKE_22211-E-W33;NKE;97
28020318001113;AAS NKE_22212-E-C3-W33;NKE;74
28020319001113;AAS NKE_22213-E-C3-W33;NKE;116
28020320001113;AAS NKE_22213-E-K-C3-W33;NKE;181
28020321001113;AAS NKE_22213-E-K-W33;NKE;116
28020322001113;AAS NKE_22213-E-W33;NKE;41
28020326001113;AAS NKE_22214-E-W33;NKE;53
28020329001113;AAS NKE_22215-E-K-C3-W33;NKE;183
28020330001113;AAS NKE_22215-E-K-W33;NKE;175
28020331001113;AAS NKE_22215-E-W33;NKE;112
28020334111124;AAS NKE_22216-E-K-C3-W33-MRO;NKE;30
28020335001113;AAS NKE_22216-E-K-W33;NKE;72
28020336001113;AAS NKE_22216-E-W33;NKE;10
28020336001117;AAS NKE_22216-E-W33;NKE;7
28020337001113;AAS NKE_22217-E-C3-W33;NKE;110
28020338001113;AAS NKE_22217-E-K-C3-W33;NKE;263
28020338111124;AAS NKE_22217-E-K-C3-W33-MRO;NKE;5
28020339001113;AAS NKE_22217-E-K-W33;NKE;146
28020340001113;AAS NKE_22217-E-W33;NKE;121
28020344001113;AAS NKE_22218-E-K-W33;NKE;92
28020345001113;AAS NKE_22218-E-W33;NKE;27
28020347001113;AAS NKE_22219-E-K-C3-W33;NKE;7
28020349001113;AAS NKE_22219-E-W33;NKE;15
28020350001113;AAS NKE_22220-E-C3-W33;NKE;52
28020351001113;AAS NKE_22220-E-K-C3-W33;NKE;186
28020352001113;AAS NKE_22220-E-K-W33;NKE;141
28020353001113;AAS NKE_22222-E-C3-W33;NKE;12
28020354001113;AAS NKE_22222-E-K-C3-W33;NKE;20
28020355001113;AAS NKE_22222-E-K-W33;NKE;55
28020356001113;AAS NKE_22222-E-W33;NKE;5
28020356001124;AAS NKE_22222-E-W33-MRO;NKE;11
28020359001113;AAS NKE_22224-E-K-C3-W33;NKE;5
28020361001113;AAS NKE_22228-E-K-W33;NKE;11
28020371141113;AAS NKE_22238-MB-C3-W33;NKE;2
28020371171113;AAS NKE_22238-K-MB-C3-W33;NKE;4
28020376001113;AAS NKE_22308-E-C3-W33;NKE;69
28020377001124;AAS NKE_22308-E-K-C3-W33-MRO;NKE;26
28020381001113;AAS NKE_22309-E-C3-W33;NKE;29
28020383001113;AAS NKE_22309-E-K-C3-W33;NKE;8
28020385001113;AAS NKE_22309-E-W33;NKE;8
28020388001113;AAS NKE_22310-E-C3-W33;NKE;31
28020388001124;AAS NKE_22310-E-C3-W33-MRO;NKE;45
28020392001113;AAS NKE_22311-E-K-C3-W33;NKE;15
28020394001113;AAS NKE_22311-E-W33;NKE;27
28020395001113;AAS NKE_22312-E-C3-W33;NKE;9
28020395001124;AAS NKE_22312-E-C3-W33-MRO;NKE;2
28020398001113;AAS NKE_22312-E-W33;NKE;13
28020401001113;AAS NKE_22313-E-C3-W33;NKE;10
28020403001113;AAS NKE_22313-E-K-W33;NKE;3
28020405001113;AAS NKE_22314-E-C3-W33;NKE;3
28020405001124;AAS NKE_22314-E-C3-W33-MRO;NKE;2
28020408001113;AAS NKE_22314-E-W33;NKE;10
28020410001113;AAS NKE_22315-E-C3-W33;NKE;3
28020412001113;AAS NKE_22315-E-K-W33;NKE;11
28020413001113;AAS NKE_22315-E-W33;NKE;8
28020415001113;AAS NKE_22316-E-C3-W33;NKE;7
28020416001113;AAS NKE_22316-E-K-C3-W33;NKE;2
28020418001113;AAS NKE_22316-E-W33;NKE;7
28020420001113;AAS NKE_22317-E-C3-W33;NKE;21
28020420001124;AAS NKE_22317-E-C3-W33-MRO;NKE;37
28020423001113;AAS NKE_22318-E-K-C3-W33;NKE;3
28020428001124;AAS NKE_22319-E-C3-W33-MRO;NKE;14
28020431001124;AAS NKE_22319-E-W33-MRO;NKE;2
28020442001113;AAS NKE_22326-E-C3-W33;NKE;57
28020444001113;AAS NKE_22326-E-W33;NKE;20
28020452101113;AAS NKE_22334-MB-C3-W33;NKE;2
28020458101113;AAS NKE_22340-K-MB-C3-W33;NKE;2
28020461101115;AAS NKE_22344-K-MB-C3-W33;NKE;4
28020463101113;AAS NKE_22344-MB-C3-W33;NKE;1
28020506101113;AAS NKE_23056-K-MB-C3-W33;NKE;2
28020511001113;AAS NKE_23122-CE-C3-W33;NKE;1
28020511001124;AAS NKE_23122-CE-C3-W33-MRO;NKE;13
28020549111115;AAS NKE_23160-MB-W33;NKE;4
28020573101113;AAS NKE_23234-MB-C3-W33;NKE;8
28020603001113;AAS NKE_24122-CE-C3-W33;NKE;10
28020603001124;AAS NKE_24122-CE-C3-W33-MRO;NKE;2
28020625101115;AAS NKE_24156-MB-W33;NKE;4
28022348001190;AAS 21307-MB-C4;FERSA;20
28022382101113;AAS NKE_22248-MB-C3-W33;NKE;2
28022467111113;AAS NKE_23244-MB-W33;NKE;1
28023326111115;AAS NKE_240/560-MB-W33;NKE;2
28023594101115;AAS NKE_23092-MB-W33;NKE;2
28023596101115;AAS NKE_230/710-MB-W33;NKE;2
28023600121115;AAS NKE_23176-MB-W33;NKE;2
28027963111115;AAS NKE_24164-MB-W33;NKE;4
28028170001113;AAS NKE_22317-MA2-C4-SQ34;NKE;4
28028176001124;AAS_NKE_24126-CC-C3-W33-MRO;NKE;4
28120630001124;AAS NKE_29322-E-MRO;NKE;9
28120638001124;AAS NKE_29413-E-MRO;NKE;1
28120643001124;AAS NKE_29418-E-MRO;NKE;3
28120644001124;AAS NKE_29420-E-MRO;NKE;19
28120645001113;AAS NKE_29422-E;NKE;4
28221616001124;AAS NKE_GE70-ES-MRO;NKE;1
28221627001124;AAS NKE_GE120-ES-2RS-MRO;NKE;75
30010059001124;AAS NKE_H212-MRO;NKE;20
30010322001124;AAS NKE_IR60X68X35-MRO;NKE;12
41410063001114;AAS NKE_LCTE06-OEM;NKE;22
41410063001124;AAS NKE_LCTE06-MRO;NKE;2
41410071001114;AAS NKE_GLCTE05-OEM;NKE;20
41410119001114;AAS NKE_ASE06-N-OEM;NKE;1
41410124001114;AAS NKE_CJT05-N-OEM;NKE;2
41410148001114;AAS NKE_CJT08-N-OEM;NKE;6
41410173001114;AAS NKE_SHE05-N-OEM;NKE;4
51110059101001;BTA 007;FERSA;3
51210041001001;BTC 041;FERSA;2
51210106001001;BTC F 15150 A;FERSA;1
51210108001001;BTC 32018 XF;FERSA;2
51210110001001;BTC 32312 F;FERSA;1
51210119001001;BTC 088;FERSA;17
51210142001001;BTC 089;FERSA;17
51210143001001;BTC 090;FERSA;16
51210144001001;BTC 091;FERSA;17
51210153001001;BTC 095;FERSA;16
51210154001001;BTC 096;FERSA;17
51410001001001;BTE 008 TNH;FERSA;1
51410002001001;BTC 353;FERSA;1
52010074001113;AAS NKE_WRE140;NKE;40
53010101001124;AAS NKE_MB10-MRO;NKE;168
62010190001001;KRRE-177;FERSA;4
64010122001124;AAS NKE_KM8-MRO;NKE;111
66010014001000;KRBC F 200013 V0;FERSA;78
66010015001001;KRBC F 200014;FERSA;515
66010064001000;KRBC F 200015;FERSA;94
AS100004001501;30205;A&S;2745
AS100006001501;30207;A&S;15973
AS100009001501;30210;A&S;42500
AS100009001599;30210;A&S;20996
AS100010001501;30211;A&S;376
AS100011001501;30212;A&S;49038
AS100011001599;30212;A&S;35424
AS100018001501;30304;A&S;56
AS100031001501;32206;A&S;395
AS100032001501;32207;A&S;266
AS100033001501;32208;A&S;1415
AS100034001501;32209;A&S;32
AS100036001501;32211;A&S;14
AS100037001501;32212;A&S;3539
AS100037001502;32212;A&S;932
AS100040001501;32215;A&S;1976
AS100041001501;32216;A&S;3666
AS100041001599;32216;A&S;3308
AS100043001501;32218;A&S;8
AS100043001515;32218;A&S;7416
AS100052001501;32309;A&S;63
AS100060001501;33020;A&S;1016
AS100071001501;33205;A&S;172
AS100083001501;02474/20;A&S;5
AS100099001501;18590/20;A&S;9
AS100103001501;25580/21;A&S;17
AS100106001501;25590/23;A&S;1471
AS100107001501;25877/21;A&S;16
AS100118001501;29585/20;A&S;3
AS100127001501;32005 X;A&S;314
AS100129001501;32007 X;A&S;508
AS100134001501;32011 X;A&S;88
AS100139001501;32016 X;A&S;37
AS100144001501;368 A/362 A;A&S;314
AS100146001501;U 399/U 365 L-C;A&S;5441
AS100147001501;3780/20;A&S;39
AS100154001501;3980/20;A&S;508
AS100158001501;3982/20;A&S;4984
AS100158001599;3982/20;A&S;7277
AS100177001501;HM 212049/11;A&S;98
AS100183001501;JL 69349/10;A&S;201
AS100185001501;L 45449/10;A&S;1093
AS100186001501;L 68149/10;A&S;17
AS100187001501;U 497/U 460 L-C;A&S;5340
AS100190001501;LM 102949/10;A&S;1325
AS100203001501;32005/26;A&S;25
AS100205001501;LM 501349/14;A&S;771
AS100206001501;LM 503349/10;A&S;942
AS100208001501;LM 603049/12;A&S;36
AS100209001501;LM 67048/10;A&S;10307
AS100210001501;LM 78349/10;A&S;10
AS100211001501;M 12649/10;A&S;142
AS100215001501;M 86649/10;A&S;6574
AS100218001501;U 298/U 261 L-C;A&S;2229
AS100219001501;U 399/U 360 L-A;A&S;5671
AS100224001501;L 44649/10;A&S;71
AS100239001501;15103 S/243;A&S;411
AS100243001501;33895/22;A&S;99
AS100280001501;HM 804840/10;A&S;164
AS100295001501;33016;A&S;212
AS100296001501;33018;A&S;286
AS100299001501;33220;A&S;25
AS100300001501;31305;A&S;9
AS100305001501;67390/22;A&S;24
AS100322001501;JP 12049/10;A&S;55
AS100338001501;09067/195;A&S;8
AS100341001501;H 414249/10;A&S;103
AS100342001501;H 715334/11;A&S;21
AS100362001501;3585/25;A&S;101
AS100369001501;462/453 X;A&S;6
AS100377001501;24780/20;A&S;488
AS100394001501;32018 X;A&S;256
AS100395001501;47487/20;A&S;36
AS100401001501;13685/20;A&S;12
AS100404001501;31303;A&S;128
AS100418001501;537/532 X;A&S;13
AS100442001501;HM 804848/10;A&S;84
AS100456001501;78225 C/551;A&S;145
AS100459001501;HM 813842/10;A&S;96
AS100462001501;JLM 714149/10;A&S;20
AS100466001501;M 88046/10;A&S;14
AS100571001501;559/552 A;A&S;16
AS100580001501;389 AS/382;A&S;168
AS100620001501;31316;A&S;238
AS100625001501;3381/3320;A&S;33
AS100628001501;3578/3525;A&S;288
AS100648001501;6461/6420;A&S;8
AS100654001501;H 715341/11;A&S;16
AS100656001501;HM 807044/10;A&S;80
AS100663001501;JM 718149/10;A&S;12
AS100683001501;U 399/U 360 L;A&S;296
AS100684001501;U 497/U 460 L;A&S;750
AS100686001501;U 399/U 365 L;A&S;6
AS100735001501;13687/20;A&S;124
AS100755001501;21075/212;A&S;32
AS100841001501;2780/2729;A&S;435
AS100893001501;JLM 704649/10;A&S;263
AS110001001501;TR00001;A&S;12
AS110004001501;TR00004;A&S;1759
AS110015001501;TR00015;A&S;40
AS110016001501;TR00016;A&S;380
AS110018001501;TR00018;A&S;40
AS110022001501;TR00022;A&S;1080
AS110103001501;TR00103;A&S;18
AS110111001501;TR00111;A&S;10
AS120011001501;WB27530043RB;A&S;104
AS120024001501;WB40730055RB;A&S;9
AS120047001501;WB47880055RBM;A&S;21
AS120049001501;WB49840048RB;A&S;17
AS140012001501;WH20012RB;A&S;331
AS150058001501;WH30058RB;A&S;43
AS150101001501;WH30101RB;A&S;155
AS200001001501;6210 2Z/NR;A&S;152
AS200012001501;6007 2RS/C3;A&S;1940
AS200013001501;6008 2RS/C3;A&S;66
AS200014001501;6009 2RS/C3;A&S;253
AS200018001501;6013 2RS/C3;A&S;28
AS200020001501;6016 2RS/C3;A&S;4211
AS200022001501;608 2RS/C3;A&S;3483
AS200029001501;6202 2RS/C3;A&S;40482
AS200030001501;6203 2RS/C3;A&S;67947
AS200031001501;6204 2RS/C3;A&S;3
AS200033001501;6206 2RS/C3;A&S;20835
AS200038001501;6211 2RS/C3;A&S;538
AS200042001501;62201 2RS/C3;A&S;107
AS200072001501;6307 2RS/C3;A&S;446
AS200075001501;6308 2RS/C3;A&S;618
AS200077001501;6309 2RS/C3;A&S;2940
AS200085001501;6802 2RS/C3;A&S;329
AS200094001501;6904 2RS/C3;A&S;93
AS200140001501;608 2Z;A&S;6510
AS200141001501;626 2Z;A&S;1
AS200148001501;"6202 5/8"" 2RS/C3";A&S;52
AS200161001501;6205 1'' 2RS/C3;A&S;2466
AS200266001501;885802;A&S;65
AS200277001501;6307 2RS;A&S;26
AS200309001501;6309 NR;A&S;28
AS200372001501;1206;A&S;86
AS200413001501;6306 Z/NR;A&S;114
AS200416001501;6308 Z/NR;A&S;24
AS200421001501;6912 2RS;A&S;5
AS200611001501;6207 C3;A&S;60
AS200612001501;6306 C3;A&S;4
AS200669001501;6307 2Z/NR;A&S;1
AS200764001501;QJ 211 M;A&S;189
AS200770001501;5204 2RS;A&S;16232
AS200800001501;6020 2RS/C3;A&S;140
AS201191001501;3203 B 2RS/C3 TV;A&S;119
AS201192001501;3206 B 2RS/C3 TV;A&S;87
AS201196001501;3304 B 2RS/C3 TV;A&S;1109
AS201197001501;3305 B 2RS/C3 TV;A&S;531
AS210015001501;BB00015;A&S;1841
AS210025001501;BB00025;A&S;596
AS210031001501;BB00031;A&S;223
AS210127001501;BB00127;A&S;82
AS210161001501;BB00161;A&S;131
AS210199001501;BB00199;A&S;386
AS210365001501;BB00365;A&S;790
AS210366001501;BB00366;A&S;1097
AS220004001501;BAC355520;A&S;481
AS220009001501;BAC305523;A&S;100
AS220012001501;BAC406221;A&S;9
AS230010001501;WB30600337BB;A&S;128
AS230036001501;WB35680037BBM;A&S;312
AS230042001501;WB35720433BBM;A&S;1
AS230055001501;WB37720037BB;A&S;1132
AS230063001501;WB38690039/34BBM;A&S;3
AS230066001501;WB38700038BBM;A&S;6
AS230068001501;WB38710233/30BB;A&S;1
AS230080001501;WB39720037BB;A&S;408
AS230081001501;WB39720037BBM;A&S;17
AS230095001501;WB40750037BB;A&S;14
AS230109001501;WB40900028/23BB;A&S;16
AS230114001501;WB42750037BB;A&S;2
AS230116001501;WB42760033BB;A&S;2
AS230135001501;WB43/45820037BB;A&S;1
AS230138001501;WB43790041/38BB;A&S;2
AS230143001501;WB43820045BB;A&S;1
AS230144001501;WB44825037BB;A&S;43
AS230149001501;WB45830039BBM;A&S;46
AS230152001501;WB45840039BB;A&S;24
AS230157001501;WB45840045BB;A&S;3
AS230170001501;WB48860042/40BBM;A&S;8
AS230172001501;WB49880046BB;A&S;4
AS270255001501;CL0255;A&S;200
AS300269001501;NU 308 EM;A&S;2
AS300272001501;NUP 2212 EMNRC3;A&S;37
AS300273001501;NUP 304 EMC3;A&S;4
AS310078001501;CR00077;A&S;155
AS400002001501;SCH 1612;A&S;231
AS400004001501;SCH 1616;A&S;121
AS400008001501;NK 38/20;A&S;1061
AS400016001501;HK 1612;A&S;2796
AS400017001501;HK 2016;A&S;1461
AS400018001501;HK 2020;A&S;1872
AS400019001501;HK 2520;A&S;5
AS400021001501;HK 3020;A&S;1101
AS400022001501;HK 3520;A&S;1039
AS400024001501;SCE 1412;A&S;664
AS400025001501;SCE 148;A&S;1758
AS400026001501;SCE 2016;A&S;200
AS400027001501;SCE 2216;A&S;179
AS400028001501;SCE 2416;A&S;470
AS400029001501;SCE 2620;A&S;1021
AS400030001501;SCH 1614;A&S;307
AS400031001501;SCH 1816;A&S;3052
AS400032001501;SCH 2016;A&S;4
AS400033001501;SN 1212;A&S;1046
AS400034001501;SN 1710;A&S;42
AS400035001501;SN 1812;A&S;49
AS400037001501;SN 2110;A&S;28
AS400069001501;SN 2610;A&S;670
AS400076001501;SCH 2220;A&S;617
AS410019001501;NB0019;A&S;21
AS410022001501;NB0022;A&S;85
AS410023001501;NB0023;A&S;45
AS410024001501;NB0024;A&S;42
AS410050001501;NB0050;A&S;704
AS410053001501;NB0053;A&S;1259
AS410059001501;NB0059;A&S;1498
AS410064001501;NB0064;A&S;10
AS410103001501;NB0103;A&S;1624
AS410139001501;NB0139;A&S;1020
AS410140001501;NB0140;A&S;1565
AS410141001501;NB0141;A&S;1779
AS410142001501;NB0142;A&S;1580
AS410146001501;NB0146;A&S;6
AS410147001501;NB0147;A&S;13
AS410150001501;NB0150;A&S;1580
AS600017001501;GE38 ZO;A&S;91
AS600023001501;GE30 DO 2RS;A&S;127
AS600025001501;GE35 DO 2RS;A&S;20
AS630001001501;RFB 20806212;A&S;36
AS630003001501;RFB 3150188;A&S;76
AS640002001501;UC205;A&S;776
AS640004001501;UC207;A&S;354
AS640006001501;UC209;A&S;125
AS640009001501;UC212;A&S;448
AS640010001501;UC213;A&S;7
AS640012001501;UC215;A&S;181
AS640013001501;UC216;A&S;6
AS640015001501;GY 1100 KRRB;A&S;602
AS640016001501;GY 1108 KRRB;A&S;9
AS640024001501;W 211 PPB3;A&S;74
AS640028001501;GE 25 KRRB 3L;A&S;427
AS640029001501;GE 45 KRRB 3L;A&S;73
AS640034001501;GNE 50 KRRB 3L;A&S;123
AS640035001501;GNE 60 KRRB 3L;A&S;88
AS640037001501;GRAE 20 NPPB 3L;A&S;6
AS640040001501;GRAE 35 NPPB 3L;A&S;128
AS640041001501;GRAE 40 NPPB 3L;A&S;12
AS640042001501;GRAE 45 NPPB 3L;A&S;20
AS640044001501;GRAE 55 NPPB 3L;A&S;8
AS640046001501;GE 30 KRRB 3L;A&S;8
AS640047001501;GE 35 KRRB 3L;A&S;1039
AS640048001501;GE 40 KRRB 3L;A&S;157
AS650850001501;HB88510;A&S;75
AS650852001501;HB88512;A&S;352
AS660011001501;TP00011;A&S;173
AS660012001501;TP00012;A&S;154
AS660014001501;TP00014;A&S;22
AS660015001501;TP00015;A&S;113
AS660016001501;TP00016;A&S;228
AS660017001501;TP00017;A&S;217
AS660020001501;TP00020;A&S;86
AS660031001501;TP00031;A&S;92
AS660032001501;TP00032;A&S;354
AS660033001501;TP00033;A&S;3
AS660036001501;TP00036;A&S;44
AS660038001501;TP00038;A&S;689
AS660040001501;TP00040;A&S;3264
AS660041001501;TP00041;A&S;2039
AS660057001501;TP00057;A&S;327
AS660058001501;TP00058;A&S;363
AS660059001501;TP00059;A&S;745
AS660060001501;TP00060;A&S;368
AS660061001501;TP00061;A&S;739
AS660062001501;TP00062;A&S;373
AS660063001501;TP00063;A&S;372
AS660064001501;TP00064;A&S;160
AS660065001501;TP00065;A&S;725
AS660066001501;TP00066;A&S;188
AS660067001501;TP00067;A&S;744
AS660068001501;TP00068;A&S;356
AS660069001501;TP00069;A&S;179
AS660070001501;TP00070;A&S;373
AS660071001501;TP00071;A&S;117
AS660072001501;TP00072;A&S;357
AS660073001501;TP00073;A&S;745
AS660074001501;TP00074;A&S;188
AS660075001501;TP00075;A&S;159
AS660076001501;TP00076;A&S;188
AS660077001501;TP00077;A&S;178
AS660078001501;TP00078;A&S;137
AS660079001501;TP00079;A&S;188
AS660080001501;TP00080;A&S;188
AS660081001501;TP00081;A&S;187
AS660082001501;TP00082;A&S;304
AS660084001501;TP00084;A&S;188
AS660134001501;TP00134;A&S;4637
AS670001001501;INB0001;A&S;5479
AS670003001501;INB0003;A&S;630
AS900218001501;WK00218;A&S;4
PF100003001801;PFI 30204;PFI;448
PF100004001801;PFI 30205;PFI;47
PF100005001801;PFI 30206;PFI;1311
PF100006001801;PFI 30207;PFI;20
PF100007001801;PFI 30208;PFI;38
PF100009001801;PFI 30210;PFI;159
PF100010001801;PFI 30211;PFI;183
PF100011001801;PFI 30212;PFI;547
PF100012001801;PFI 30213;PFI;179
PF100013001801;PFI 30214;PFI;10
PF100014001801;PFI 30215;PFI;156
PF100015001801;PFI 30216;PFI;16
PF100017001801;PFI 30218;PFI;52
PF100018001801;PFI 30219;PFI;30
PF100020001801;PFI 30221;PFI;25
PF100023001801;PFI 30305;PFI;73
PF100024001801;PFI 30306;PFI;43
PF100026001801;PFI 30307D;PFI;55
PF100027001801;PFI 30308;PFI;313
PF100028001801;PFI 30308D;PFI;237
PF100029001801;PFI 30309;PFI;26
PF100030001801;PFI 30310;PFI;116
PF100031001801;PFI 30312;PFI;18
PF100032001801;PFI 30313;PFI;8
PF100034001801;PFI 30315;PFI;9
PF100036001801;PFI 30309D;PFI;57
PF100038001801;PFI 32205;PFI;283
PF100039001801;PFI 32206;PFI;332
PF100040001801;PFI 32207;PFI;144
PF100042001801;PFI 32209;PFI;273
PF100043001801;PFI 32210;PFI;186
PF100045001801;PFI 32212;PFI;34
PF100046001801;PFI 32213;PFI;7
PF100047001801;PFI 32214;PFI;56
PF100048001801;PFI 32215;PFI;114
PF100049001801;PFI 32216;PFI;2014
PF100051001801;PFI 32218;PFI;3845
PF100052001801;PFI 32219;PFI;4
PF100053001801;PFI 32220;PFI;27
PF100054001801;PFI 32221;PFI;38
PF100056001801;PFI 32305;PFI;6
PF100057001801;PFI 32306;PFI;135
PF100058001801;PFI 32307;PFI;22
PF100059001801;PFI 32308;PFI;57
PF100060001801;PFI 32309;PFI;39
PF100061001801;PFI 32310;PFI;126
PF100062001801;PFI 32311;PFI;29
PF100063001801;PFI 32312;PFI;25
PF100064001801;PFI 32313;PFI;13
PF100065001801;PFI 32314;PFI;4
PF100067001801;PFI 33011;PFI;39
PF100068001801;PFI 33013;PFI;15
PF100069001801;PFI 33014;PFI;148
PF100070001801;PFI 33015;PFI;59
PF100072001801;PFI 33018;PFI;176
PF100073001801;PFI 33019;PFI;85
PF100074001801;PFI 33020;PFI;23
PF100075001801;PFI 33021;PFI;721
PF100076001801;PFI 33022;PFI;11
PF100080001801;PFI 33111;PFI;76
PF100081001801;PFI 33112;PFI;39
PF100082001801;PFI 33113;PFI;85
PF100083001801;PFI 33114;PFI;134
PF100084001801;PFI 33115;PFI;62
PF100085001801;PFI 33116;PFI;213
PF100086001801;PFI 33117;PFI;32
PF100088001801;PFI 33205;PFI;289
PF100090001801;PFI 33207;PFI;203
PF100091001801;PFI 33208;PFI;257
PF100093001801;PFI 33210;PFI;1
PF100094001801;PFI 33211;PFI;122
PF100095001801;PFI 33212;PFI;3
PF100096001801;PFI 33213;PFI;95
PF100097001801;PFI 33215;PFI;14
PF100098001801;PFI 33216;PFI;19
PF100099001801;PFI 33220;PFI;10
PF100101001801;PFI 1988/22;PFI;20
PF100102001801;PFI JM720249/10;PFI;37
PF100104001801;PFI 02474/20;PFI;25
PF100108001801;PFI 14136A/276;PFI;158
PF100109001801;PFI 14137A/276;PFI;242
PF100110001801;PFI 14138A/274;PFI;88
PF100111001801;PFI 14138A/276;PFI;146
PF100112001801;PFI 15100/250;PFI;13
PF100113001801;PFI 15101/245;PFI;104
PF100115001801;PFI 15103S/245;PFI;84
PF100116001801;PFI 15106/250X;PFI;6
PF100117001801;PFI 15112/250;PFI;30
PF100121001801;PFI 15578/20;PFI;35
PF100122001801;PFI 17887/31;PFI;148
PF100124001801;PFI 24780/20;PFI;182
PF100125001801;PFI 25577/23;PFI;66
PF100126001801;PFI 25580/20;PFI;149
PF100128001801;PFI 25590/20;PFI;32
PF100129001801;PFI 25590/22;PFI;419
PF100131001801;PFI 2580/23;PFI;214
PF100133001801;PFI 25877/21;PFI;31
PF100134001801;PFI 27687/20;PFI;526
PF100135001801;PFI 2780/20;PFI;188
PF100136001801;PFI 2788/20;PFI;61
PF100137001801;PFI 2789/20;PFI;202
PF100140001801;PFI 28584/21;PFI;78
PF100141001801;PFI 28680/22;PFI;33
PF100142001801;PFI 28682/22;PFI;95
PF100143001801;PFI 28985/20;PFI;3
PF100145001801;PFI 29585/20;PFI;9
PF100146001801;PFI 29586/20;PFI;7
PF100148001801;PFI 29685/20;PFI;196
PF100149001801;PFI 31594/20;PFI;371
PF100150001801;PFI 320/28X;PFI;58
PF100151001801;PFI 320/32X;PFI;4
PF100152001801;PFI 32004 X;PFI;230
PF100153001801;PFI 32005X;PFI;101
PF100154001801;PFI 32006X;PFI;376
PF100155001801;PFI 32007X;PFI;122
PF100156001801;PFI 32008X;PFI;386
PF100157001801;PFI 32008XJA2;PFI;10
PF100159001801;PFI 32009X;PFI;310
PF100161001801;PFI 32011X;PFI;44
PF100164001801;PFI 32014X;PFI;2
PF100165001801;PFI 32015X;PFI;124
PF100167001801;PFI 32017X;PFI;194
PF100168001801;PFI 32018X;PFI;41
PF100169001801;PFI 32020X;PFI;106
PF100170001801;PFI 32021X;PFI;28
PF100175001801;PFI 33287/462;PFI;37
PF100177001801;PFI 368A/2A;PFI;433
PF100178001801;PFI 37425/625;PFI;121
PF100179001801;PFI 37431A/625;PFI;101
PF100180001801;PFI 3780/20;PFI;129
PF100181001801;PFI 3782/20;PFI;240
PF100182001801;PFI 387A/2;PFI;43
PF100183001801;PFI 387A/2A;PFI;1004
PF100184001801;PFI 387A/2S;PFI;135
PF100185001801;PFI 387/2A;PFI;41
PF100187001801;PFI 395S/4A;PFI;38
PF100192001801;PFI 3980/20;PFI;530
PF100193001801;PFI 3982/20;PFI;395
PF100195001801;PFI 399A/4A;PFI;2
PF100196001801;PFI 45291/20;PFI;53
PF100197001801;PFI 469/453X;PFI;173
PF100198001801;PFI 47490/20;PFI;143
PF100199001801;PFI 47679/20;PFI;8
PF100200001801;PFI 55200C/437;PFI;34
PF100201001801;PFI 55206C/437;PFI;47
PF100203001801;PFI 575/572;PFI;234
PF100204001801;PFI 580/572;PFI;20
PF100205001801;PFI 594A/2A;PFI;16
PF100206001801;PFI 598A/592A;PFI;47
PF100207001801;PFI 598A/593X;PFI;90
PF100208001801;PFI 6386/20;PFI;9
PF100209001801;PFI 683/672;PFI;4
PF100210001801;PFI HM212049/11;PFI;33
PF100211001801;PFI HM215249/10;PFI;5
PF100212001801;PFI HM218248/10;PFI;65
PF100213001801;PFI HM518445/10;PFI;5
PF100214001801;PFI HM803146/10;PFI;158
PF100215001801;PFI HM803149/10;PFI;94
PF100216001801;PFI HM807040/10;PFI;16
PF100217001801;PFI HM807046/10;PFI;18
PF100218001801;PFI HM807049/10;PFI;32
PF100219001801;PFI HM88542/10;PFI;103
PF100220001801;PFI HM88649/10;PFI;937
PF100222001801;PFI HM89446/10;PFI;412
PF100223001801;PFI HM89448/10;PFI;98
PF100224001801;PFI HM89449/10;PFI;208
PF100226001801;PFI JF7049A/10;PFI;29
PF100230001801;PFI JM205149/10;PFI;12
PF100231001801;PFI JM207049A/10;PFI;36
PF100232001801;PFI JM714249/10;PFI;146
PF100233001801;PFI JP12049/10;PFI;106
PF100234001801;PFI L44643/10;PFI;50
PF100235001801;PFI L44649/10;PFI;190
PF100237001801;PFI L68145/11;PFI;270
PF100238001801;PFI L68149/10;PFI;8
PF100239001801;PFI L68149/11;PFI;103
PF100240001801;PFI LM102949/10;PFI;66
PF100241001801;PFI LM104949/11;PFI;93
PF100242001801;PFI LM104949/JLM104910;PFI;185
PF100243001801;PFI LM11749/10;PFI;283
PF100244001801;PFI LM11949/10;PFI;222
PF100246001801;PFI LM12749/10;PFI;244
PF100247001801;PFI LM12749/11;PFI;263
PF100248001801;PFI LM29748/10;PFI;18
PF100249001801;PFI LM29749/10;PFI;136
PF100250001801;PFI LM300849/11;PFI;201
PF100251001801;PFI LM48548/10;PFI;322
PF100252001801;PFI LM501349/10;PFI;593
PF100253001801;PFI LM501349/14;PFI;47
PF100255001801;PFI LM603049/11;PFI;381
PF100258001801;PFI LM78349/10;PFI;114
PF100259001801;PFI LM806649/10;PFI;27
PF100260001801;PFI M12649/10;PFI;58
PF100261001801;PFI M201047/11;PFI;78
PF100263001801;PFI M84548/10;PFI;361
PF100264001801;PFI M86649/10;PFI;316
PF100265001801;PFI M88043/10;PFI;187
PF100266001801;PFI M88048/10;PFI;189
PF100267001801;PFI U298/U261L;PFI;71
PF100269001801;PFI U399A/U365L;PFI;29
PF100270001801;PFI U497/U460L;PFI;73
PF100273001801;PFI 39581/20;PFI;26
PF100277001801;PFI 30204.EXF;PFI;9025
PF100278001801;PFI 30206.EXF;PFI;351
PF100279001801;PFI 30207.EXF;PFI;1965
PF100280001801;PFI 30208.EXF;PFI;535
PF100281001801;PFI 30213.EXF;PFI;1033
PF100282001801;PFI 30214.EXF;PFI;1154
PF100283001801;PFI 32206.EXF;PFI;508
PF100284001801;PFI 32207.EXF;PFI;524
PF100285001801;PFI 32208.EXF;PFI;420
PF100286001801;PFI 32210.EXF;PFI;420
PF100287001801;PFI 32213.EXF;PFI;468
PF100288001801;PFI 32217.EXF;PFI;1242
PF100289001801;PFI 2580/23.EXF;PFI;455
PF100290001801;PFI 3780/20.EXF;PFI;2691
PF100291001801;PFI 3984/20.EXF;PFI;600
PF100292001801;PFI LM48548/10.EXF;PFI;6089
PF100307001801;PFI 32315;PFI;1
PF100308001801;PFI 32019X;PFI;21
PF100310001801;PFI 33217;PFI;27
PF100316001801;PFI 555S/552A;PFI;1
PF100320001801;PFI 663/653;PFI;2
PF100328001801;PFI 29590/20;PFI;46
PF100343001801;PFI 47487/20;PFI;77
PF110001001801;PFI 329013;PFI;215
PF110003001801;PFI 804358;PFI;5283
PF110004001801;P28KW02;PFI;27
PF110005001801;P35KC802;PFI;27
PF110007001801;PWST2749;PFI;83
PF110009001801;PFI 57414/LM300811;PFI;9
PF110010001801;PSTA3072;PFI;126
PF110013001801;PFI SET 31;PFI;24
PF110021001801;PST5791;PFI;51
PF120003001801;PW25520042CSHD;PFI;312
PF120004001801;PW25520043CSHD;PFI;7
PF120005001801;PW25550043CSHD;PFI;40
PF120006001801;PW25550045CSHD;PFI;69
PF120007001801;PW25550048CSHD;PFI;483
PF120009001801;PW25600045CSHD;PFI;72
PF120010001801;PW25620048CSHD;PFI;140
PF120012001801;PW27530043CSHD;PFI;88
PF120013001801;PW29530037CSHD;PFI;1990
PF120015001801;PW30620048CSHD;PFI;147
PF120016001801;PW30620051CSHD;PFI;40
PF120017001801;PW34640037CSHD;PFI;39
PF120018001801;PW35650035CSHD;PFI;65
PF120022001801;PW38650052/48CSHD;PFI;76
PF120023001801;PW39680037CSHD;PFI;12
PF120024001801;PW40730040/39CSHD;PFI;5
PF120027001801;PW40800038CSHD;PFI;56
PF120028001801;PW40800045/44CSHD;PFI;109
PF120029001801;PW40800045/44CSHD2;PFI;132
PF120030001801;PW41680040/35CSHD;PFI;68
PF120033001801;PW42760039CSHD;PFI;151
PF120034001801;PW42800038CSHD;PFI;6
PF120035001801;PW42820040CSHD;PFI;224
PF120036001801;PW42820040CSHDM;PFI;230
PF120043001801;PW45800055CSHD;PFI;19
PF120045001801;PW45800060CSHD;PFI;811
PF120046001801;PW45820045CSHD;PFI;73
PF120047001801;PW45840053CSHD;PFI;103
PF120051001801;PW46780057CSHD;PFI;19
PF120053001801;PW47880055CSHD;PFI;34
PF120054001801;PW47880055CSHDM;PFI;30
PF120058001801;PW55900054CSHDM;PFI;741
PF120062001801;PW6812500115CSHD;PFI;62
PF120063001801;PW6812700115CSHD;PFI;65
PF120064001801;PW781300090CSHD;PFI;2
PF120065001801;PW8214000115CSHD;PFI;14
PF140001001801;PHU1002-4;PFI;3
PF140015001801;PHU56010;PFI;1088
PF140018001801;PHU56526;PFI;7
PF140019001801;PHU8041;PFI;171
PF140190001801;PHU9242021;PFI;116
PF140191001801;PHU9242020;PFI;116
PF140192001801;PHU9242019;PFI;28
PF140193001801;PHU9242018;PFI;26
PF150004001801;PHU5003;PFI;48
PF150006001801;PHU5006;PFI;107
PF150007001801;PHU5007;PFI;69
PF150014001801;PHU5014;PFI;188
PF150020001801;PHU5021;PFI;14
PF150024001801;PHU5026;PFI;110
PF150025001801;PHU5027;PFI;72
PF150031001801;PHU5036;PFI;4
PF150038001801;PHU5052;PFI;146
PF150041001801;PHU5056;PFI;21
PF150047001801;PHU5065T;PFI;458
PF150052001801;PHU5074;PFI;22
PF150059001801;PHU5090;PFI;96
PF150062001801;PHU5096;PFI;77
PF150065001801;PHU5101;PFI;32
PF150080001801;PHU5142;PFI;117
PF150083001801;PHU57412F;PFI;55
PF150084001801;PHU57413;PFI;119
PF150085001801;PHU590039;PFI;28
PF150086001801;PHU590125;PFI;47
PF150100001801;PHU56699;PFI;29
PF150110001801;PHU5051;PFI;7
PF150116001801;PHU5122;PFI;4
PF200005001801;PFI R6000-2RS C3;PFI;610
PF200006001801;PFI R6003-2RS C3;PFI;190
PF200007001801;PFI R6006-2RS C3;PFI;33010
PF200008001801;PFI R6007-2RS C3;PFI;6010
PF200009001801;PFI R608-2RS C3;PFI;2360
PF200010001801;PFI R6200-2RS C3;PFI;790
PF200013001801;PFI R6203-2RS C3;PFI;87790
PF200014001801;PFI R6303-2RS C3;PFI;440
PF200016001801;PFI 16002 C3;PFI;107
PF200018001801;PFI 16004 C3;PFI;79
PF200020001801;PFI 204BBAR;PFI;704
PF200021001801;PFI 5200-2RS C3;PFI;104
PF200022001801;PFI 5201-2RS C3;PFI;210
PF200023001801;PFI 5202-2RS C3;PFI;362
PF200024001801;PFI 5203-2RS C3;PFI;3874
PF200026001801;PFI 5204-2RS C3;PFI;176
PF200030001801;PFI 5207-2RS C3;PFI;9
PF200033001801;PFI 5210-2RS C3;PFI;380
PF200034001801;PFI 5303-2RS C3;PFI;533
PF200035001801;PFI 5304-2RS C3;PFI;1519
PF200036001801;PFI 5305-2RS C3;PFI;145
PF200037001801;PFI 5306-2RS C3;PFI;466
PF200038001801;PFI 5307-2RS C3;PFI;99
PF200039001801;PFI 5308-2RS C3;PFI;167
PF200040001801;PFI 5309-2RS C3;PFI;39
PF200041001801;PFI 5310-2RS C3;PFI;42
PF200042001801;PFI 60/22-2RS C3;PFI;193
PF200043001801;PFI 60/28-2RS C3;PFI;456
PF200044001801;PFI 60/32-2RS C3;PFI;840
PF200047001801;PFI 6001-2RS C3;PFI;163
PF200048001801;PFI 6000-2RS C3;PFI;1367
PF200050001801;PFI 6002-2RS C3;PFI;1260
PF200052001801;PFI 6000-TT C3;PFI;10
PF200054001801;PFI 6003-2RS C3;PFI;4226
PF200055001801;PFI 6003-ZZ C3;PFI;100
PF200056001801;PFI 6003 C3;PFI;138
PF200058001801;PFI 6003DW;PFI;1132
PF200059001801;PFI 6004-2RS C0;PFI;160
PF200060001801;PFI 6004-2RS C3;PFI;2535
PF200062001801;PFI 6004-2RS 3/4 C3;PFI;4
PF200066001801;PFI 6006-2RS C3;PFI;12162
PF200068001801;PFI 6007-2RS C3;PFI;1140
PF200070001801;PFI 6009-2RS C3;PFI;481
PF200075001801;PFI 6014-2RS C3;PFI;419
PF200076001801;PFI 6015-2RS C3;PFI;58
PF200077001801;PFI 6016-2RS C3;PFI;796
PF200080001801;PFI 608-2RS C0;PFI;250
PF200081001801;PFI 608-2RS C3;PFI;5655
PF200085001801;PFI 62/22/23;PFI;9
PF200086001801;PFI 62/28-2RS C3;PFI;440
PF200088001801;PFI 62/32-2RS C3;PFI;34
PF200091001801;PFI 6200-ZZ C0;PFI;190
PF200092001801;PFI 6200-ZZ C3;PFI;144
PF200094001801;PFI 6201-2RS 1/2 C3;PFI;2322
PF200096001801;PFI 6201-2RS C3;PFI;6580
PF200097001801;PFI 6201-ZZ C0;PFI;69
PF200098001801;PFI 6201-ZZ C3;PFI;566
PF200100001801;PFI 6202-2RS 1/2 C3;PFI;1354
PF200104001801;PFI 6202-ZZ C3;PFI;26
PF200108001801;PFI 6203-2RS 1/2 C3;PFI;408
PF200110001801;PFI 6203-2RS C3;PFI;14930
PF200111001801;PFI 6203-ZZ C3;PFI;859
PF200112001801;PFI 6203-2RS 3/4 C3;PFI;178
PF200113001801;PFI 6203-2RS 5/8 C3;PFI;58
PF200114001801;PFI 6203-2RS D14 C3;PFI;891
PF200115001801;PFI 6203-2RS D16 C3;PFI;58
PF200120001801;PFI 6204-ZZ C3;PFI;578
PF200122001801;PFI 6204 C3;PFI;226
PF200123001801;PFI 6204DW;PFI;25
PF200124001801;PFI 6205-2RS D1 C3;PFI;325
PF200125001801;PFI 6205-2RS C0;PFI;100
PF200126001801;PFI 6205-2RS C3;PFI;1453
PF200128001801;PFI 6205-ZZ C0;PFI;109
PF200129001801;PFI 6205-ZZ C3;PFI;430
PF200134001801;PFI 6206-ZZ C3;PFI;775
PF200137001801;PFI 6207-2RS C3;PFI;1808
PF200138001801;PFI 6208-2RS C3;PFI;1641
PF200140001801;PFI 6208 NR C3;PFI;41
PF200141001801;PFI 6209-2RS C3;PFI;215
PF200143001801;PFI 6210-2RS C3;PFI;565
PF200144001801;PFI 6211-2RS C3;PFI;140
PF200145001801;PFI 6212-2RS C3;PFI;30
PF200146001801;PFI 6213-2RS C3;PFI;120
PF200148001801;PFI 62201-2RS C3;PFI;984
PF200149001801;PFI 62202-2RS C3;PFI;200
PF200150001801;PFI 62203-2RS C3;PFI;48
PF200152001801;PFI 62205-2RS C3;PFI;58
PF200153001801;PFI 62206-2RS C3;PFI;97
PF200154001801;PFI 62207-2RS C3;PFI;112
PF200155001801;PFI 62208-2RS C3;PFI;399
PF200157001801;PFI 62301-2RS C3;PFI;74
PF200160001801;PFI 62304-2RS C3;PFI;93
PF200161001801;PFI 62304-2RS D17 C3;PFI;204
PF200162001801;PFI 62305-2RS C3;PFI;290
PF200165001801;PFI 62322.2-2RS C3;PFI;559
PF200167001801;PFI 625-2RS C3;PFI;164
PF200172001801;PFI 63/22-2RS C3;PFI;489
PF200173001801;PFI 63/28-2RS C3;PFI;1438
PF200174001801;PFI 63/28 C3;PFI;16
PF200175001801;PFI 63/28-RS C3;PFI;444
PF200176001801;PFI 63/28-X1;PFI;47
PF200177001801;PFI 63/28-X1RS;PFI;275
PF200178001801;PFI 63/32-2RS NR C3;PFI;83
PF200179001801;PFI 63/32-2RS C3;PFI;83
PF200180001801;PFI 6300-2RS C3;PFI;494
PF200181001801;PFI 6300-ZZ C3;PFI;40
PF200182001801;PFI 63001-2RS C3;PFI;340
PF200184001801;PFI 63007-2RS C3;PFI;2214
PF200185001801;PFI 6301-2RS C3;PFI;1816
PF200186001801;PFI 6301-ZZ C3;PFI;200
PF200187001801;PFI 6302-2RS C3;PFI;935
PF200189001801;PFI 6302-ZZ C3;PFI;90
PF200190001801;PFI 6302-ZZ NR C3;PFI;18
PF200192001801;PFI 6303-2RS C3;PFI;4849
PF200194001801;PFI 6304-2RS C3;PFI;893
PF200198001801;PFI 6305-2RS C3;PFI;886
PF200200001801;PFI 6305-ZZ C3;PFI;50
PF200201001801;PFI W6305-2RS C3;PFI;47
PF200204001801;PFI 6306-Z NR C3;PFI;4
PF200205001801;PFI 6306-2RS D25 C3;PFI;129
PF200206001801;PFI 6306-2RS D32 C3;PFI;41
PF200207001801;PFI 6307-2RS C3;PFI;667
PF200210001801;PFI 6308-2RS C3;PFI;362
PF200211001801;PFI 6308-ZZ C3;PFI;48
PF200212001801;PFI 6308 NR C3;PFI;16
PF200214001801;PFI 6309-2RS C3;PFI;179
PF200215001801;PFI 6310-2RS C3;PFI;65
PF200219001801;PFI 635-2RS C3;PFI;15
PF200220001801;PFI 638-2RS C3;PFI;48
PF200221001801;PFI 6403-2RS C3;PFI;585
PF200223001801;PFI 6801-2RS C3;PFI;560
PF200227001801;PFI 6805-2RS C3;PFI;1250
PF200228001801;PFI 6806-2RS C3;PFI;1588
PF200229001801;PFI 684-2RS C3;PFI;110
PF200230001801;PFI 685-2RS C3;PFI;15
PF200231001801;PFI 686-2RS C3;PFI;426
PF200232001801;PFI 687-2RS C3;PFI;98
PF200234001801;PFI 689-2RS C3;PFI;28
PF200235001801;PFI 6900-2RS C3;PFI;77
PF200236001801;PFI 6901-2RS C3;PFI;1053
PF200239001801;PFI 6904-2RS C3;PFI;833
PF200240001801;PFI 6904DW;PFI;55
PF200242001801;PFI 6906-2RS C3;PFI;908
PF200243001801;PFI 6907-2RS C3;PFI;92
PF200245001801;PFI 695-2RS C3;PFI;50
PF200246001801;PFI 696-2RS C3;PFI;238
PF200247001801;PFI 697-2RS C3;PFI;92
PF200248001801;PFI 698-2RS C3;PFI;214
PF200249001801;PFI 699-2RS C3;PFI;52
PF200252001801;PFI R20-2RS C3;PFI;56
PF200253001801;PFI R3-2RS C3;PFI;50
PF200255001801;PFI R6-2RS C3;PFI;50
PF200259001801;PFI R4-2RS C3;PFI;660
PF200260001801;PFI 6004-2RS C3.EXF;PFI;6994
PF200261001801;PFI 6007-2RS C3.EXF;PFI;228
PF200262001801;PFI 6200-2RS C3.EXF;PFI;4879
PF200263001801;PFI 6202-2RS C3.EXF;PFI;2560
PF200264001801;PFI 6204-2RS C3.EXF;PFI;14710
PF200265001801;PFI 6206-2RS C3.EXF;PFI;5397
PF200266001801;PFI 6207-2RS C3.EXF;PFI;260
PF200267001801;PFI 6308-2RS C3.EXF;PFI;150
PF200268001801;PFI 6205 NC C3;PFI;1160
PF200274001801;PFI 6000-2RS C3.EXF;PFI;3265
PF200275001801;PFI 6001-2RS C3.EXF;PFI;220
PF200277001801;PFI 6003-2RS C3.EXF;PFI;270
PF200278001801;PFI 6006-2RS C3.EXF;PFI;1010
PF200280001801;PFI 6201-2RS C3.EXF;PFI;7040
PF200281001801;PFI 6205-2RS C3.EXF;PFI;2540
PF200282001801;PFI 6208-2RS C3.EXF;PFI;668
PF200286001801;PFI 6300-2RS C3.EXF;PFI;540
PF200287001801;PFI 6301-2RS C3.EXF;PFI;54881
PF200288001801;PFI 6303-2RS C3.EXF;PFI;5278
PF200289001801;PFI 6304-2RS C3.EXF;PFI;2600
PF200293001801;PFI 6802-2RS C3.EXF;PFI;1420
PF200294001801;PFI BB1B446740;PFI;567
PF200297001801;PFI R6005-2RS C3;PFI;19730
PF200299001801;PFI R6204-2RS C3;PFI;25020
PF200301001801;PFI R6206-2RS C3;PFI;6750
PF200304001801;PFI R6302-2RS C3;PFI;10020
PF200305001801;PFI R6304-2RS C3;PFI;17170
PF200306001801;PFI R6305-2RS C3;PFI;4460
PF200320001801;PFI 6909-2RS C3;PFI;732
PF200322001801;PFI 6302-2RS C3.EXF;PFI;9699
PF200328001801;PFI 6805-2RS C3.EXF;PFI;330
PF200329001801;PFI 6902-2RS C3.EXF;PFI;6360
PF200330001801;PFI 6903-2RS C3.EXF;PFI;530
PF200333001801;PFI 6906-2RS C3.EXF;PFI;385
PF200341001801;PFI 6002-ZZ C3;PFI;250
PF200345001801;PFI 6200-ZZ NR C3;PFI;104
PF200354001801;PFI 6303-2RS C0;PFI;216
PF200360001801;PFI R6204-ZZ C3;PFI;3610
PF200361001801;PFI R6205-2RS HT C4;PFI;4386
PF200397001801;PFI R6006-2RS C3.EXF;PFI;39390
PF210002001801;PFI SC05B31CS37;PFI;49
PF210003001801;PFI B17-99D;PFI;1615
PF210005001801;PFI 6203-2RS CV;PFI;79
PF210006001801;PFI 6004DW;PFI;59
PF210007001801;PFI 6203LHA-15;PFI;30
PF210008001801;PFI SC03A76LVAX;PFI;526
PF210009001801;PFI 6201-TT C3;PFI;8
PF210010001801;PFI 6202-TT C3;PFI;8
PF210011001801;PFI 204RY2;PFI;11
PF210016001801;PFI SC04A86CS12;PFI;14
PF210018001801;PFI B10-27D;PFI;677
PF210019001801;PFI B10-50D;PFI;152
PF210020001801;PFI B10-50TT;PFI;127
PF210021001801;PFI B10-51D;PFI;13
PF210022001801;PFI B12-32D;PFI;8
PF210023001801;PFI B12-40D;PFI;37
PF210032001801;PFI B17-107D;PFI;60
PF210033001801;PFI B17-116D;PFI;864
PF210035001801;PFI B17-127D;PFI;1838
PF210036001801;PFI B17-47D;PFI;162
PF210037001801;PFI B17-52D;PFI;54
PF210038001801;PFI B8-23D;PFI;369
PF210040001801;PFI B8-79D;PFI;111
PF210041001801;PFI B8-85D;PFI;543
PF210043001801;PF555102;PFI;65
PF210044001801;PFI 949100-2790;PFI;43
PF210046001801;PFI 949100-3330;PFI;53
PF210047001801;PFI 949100-3360;PFI;119
PF210048001801;PFI 949100-3480;PFI;87
PF210049001801;PFI 949100-3660;PFI;12
PF210051001801;PFI B25-238D;PFI;67
PF210053001801;PSC06C19N;PFI;7
PF210054001801;PSC06C36;PFI;26
PF210056001801;PFI B17-102DR1;PFI;297
PF210058001801;PF110415;PFI;24206
PF210065001801;PFI BB1B362021;PFI;25
PF210070001801;PDG436813;PFI;22
PF210083001801;PFI 35BC07S58;PFI;3364
PF210084001801;PFI 35BC07S65NC2;PFI;3210
PF210085001801;PFI 63/22 XA4J1;PFI;1995
PF210087001801;W208PPB8;PFI;29
PF210098001801;P83A831GC5;PFI;120
PF220001001801;PC751300050CS;PFI;41
PF220008001801;PC30460018CS;PFI;6
PF220009001801;PC30470012CS;PFI;123
PF220010001801;PC30470018CS;PFI;60
PF220011001801;PC30470020CS;PFI;3
PF220012001801;PC30470022CS;PFI;4
PF220013001801;PC30500020CS;PFI;193
PF220014001801;PC30520020CS;PFI;106
PF220015001801;PC30520022CS;PFI;122
PF220018001801;PC30620027CS;PFI;2
PF220019001801;PC32470018CS;PFI;230
PF220020001801;PC32520020/18CS;PFI;29
PF220022001801;PC32550023CS;PFI;8
PF220023001801;PC35480020CS;PFI;142
PF220024001801;PC35500020CS;PFI;345
PF220027001801;PC35520022CS;PFI;247
PF220029001801;PC35550022CS;PFI;27
PF220030001801;PC35620024CS;PFI;37
PF220031001801;PC35640037CS;PFI;72
PF220032001801;PC35720014CS;PFI;101
PF220033001801;PC38540017CS;PFI;152
PF220034001801;PC406200206CS;PFI;14
PF220036001801;PC40620024CS;PFI;156
PF220037001801;PC40640024CS;PFI;90
PF220038001801;PC40660024CS;PFI;18
PF220039001801;PC40680030CS;PFI;160
PF220042001801;PC50900040CS;PFI;10
PF220044001801;PCSK-25PP;PFI;16
PF220047001801;PC40570024/20CS;PFI;12
PF230003001801;PW43820047CSM;PFI;22
PF230005001801;PW42780040CS;PFI;25
PF230006001801;PW40720037CS;PFI;41
PF230010001801;PW39720037CSM;PFI;615
PF230011001801;PW40780240CSM;PFI;645
PF230012001801;PW43790041/38CS;PFI;73
PF230013001801;PW38730040CS;PFI;19
PF230014001801;PW40740042CS;PFI;471
PF230015001801;PW39680037CS;PFI;586
PF230017001801;PW25560032CS;PFI;242
PF230019001801;PW45840341/39CS;PFI;76
PF230020001801;PW37720037CS;PFI;205
PF230021001801;PW37720033CSR1;PFI;15
PF230022001801;PW35680037CS;PFI;960
PF230023001801;PW35680037CSM;PFI;75
PF230027001801;PW34660037CS;PFI;2396
PF230028001801;PW37720437CSM96;PFI;61
PF230031001801;PW28580042CS;PFI;40
PF230035001801;PW30500020CS2RS;PFI;644
PF230050001801;PW35618040CS;PFI;60
PF230052001801;PW35650035CS;PFI;452
PF230053001801;PW35660032CS;PFI;157
PF230058001801;PW35720022/165CS;PFI;109
PF230065001801;PW35770242CS;PFI;24
PF230066001801;PW35800028/21CS;PFI;19
PF230069001801;PW36660035CS;PFI;28
PF230072001801;PW37720437CSM88;PFI;10
PF230073001801;PW37720437CSM96V2;PFI;259
PF230074001801;PW37740045CS;PFI;68
PF230076001801;PW38690039/34CSM;PFI;17
PF230077001801;PW38700037CSR1;PFI;25
PF230078001801;PW38700038CS;PFI;15
PF230081001801;PW38710233/30CS;PFI;8
PF230084001801;PW38720236/33CS2RS;PFI;18
PF230093001801;PW39680737CS;PFI;16
PF230094001801;PW39720037CS;PFI;5189
PF230095001801;PW39720437CS;PFI;20
PF230097001801;PW39740039CS;PFI;41
PF230098001801;PW39740039CSM;PFI;14
PF230100001801;PW40720036CS;PFI;3
PF230102001801;PW40740036/34CS;PFI;81
PF230104001801;PW40740040CS;PFI;359
PF230105001801;PW40750037CS;PFI;76
PF230107001801;PW40750039CSM;PFI;8
PF230110001801;PW40800023/18CS;PFI;559
PF230111001801;PW40800036/34CS;PFI;86
PF230112001801;PW40800040CS;PFI;161
PF230113001801;PW40840539/40CSM;PFI;51
PF230119001801;PW42750037CS;PFI;2
PF230120001801;PW42760033CS;PFI;2
PF230124001801;PW42770039CSM;PFI;68
PF230127001801;PW42800036/34CS;PFI;34
PF230128001801;PW42800039CSM;PFI;154
PF230129001801;PW42800042CS;PFI;94
PF230130001801;PW42800045CS;PFI;12
PF230133001801;PW42825037CSM;PFI;37
PF230134001801;PW42840339CS;PFI;11
PF230135001801;PW43760043CS;PFI;53
PF230136001801;PW43790041/38CSM;PFI;30
PF230137001801;PW43790045CS;PFI;6
PF230139001801;PW43800040CSM;PFI;46
PF230140001801;PW43820045CS;PFI;10
PF230141001801;PW447208331CS;PFI;408
PF230143001801;PW44825037CSM;PFI;101
PF230145001801;PW45800045CS;PFI;22
PF230146001801;PW45820042CSM;PFI;233
PF230147001801;PW45830039CSM;PFI;59
PF230148001801;PW45830044CSM;PFI;57
PF230149001801;PW45830045CS;PFI;5
PF230150001801;PW45840039CS;PFI;9
PF230153001801;PW45840042/40CS;PFI;5
PF230154001801;PW45840042/40CSM;PFI;61
PF230155001801;PW45840045CS;PFI;5
PF230156001801;PW45850441CSM;PFI;64
PF230158001801;PW45860044CSM;PFI;25
PF230159001801;PW45860045CS;PFI;106
PF230160001801;PW45870041/39CS;PFI;20
PF230163001801;PW47850045CS;PFI;62
PF230164001801;PW48860042/40CS;PFI;92
PF230165001801;PW48860042/40CSM;PFI;81
PF230166001801;PW49880046CS;PFI;107
PF230167001801;PW49880048CSM;PFI;24
PF230170001801;PW51910044/42CSM;PFI;24
PF230171001801;PW51910044CSM;PFI;8
PF230172001801;PW51960050CSM;PFI;61
PF230173001801;PW52910040CSM;PFI;9
PF230174001801;PW52960050CSM;PFI;110
PF230176001801;PW35640035CSM;PFI;39
PF230185001801;PW40720037CSMR1;PFI;5
PF230195001801;PW54900050CSM;PFI;3
PF230197001801;PW45850441CSE;PFI;25
PF230200001801;PW43/45820037CS;PFI;3
PF230202001801;PW48890044/42CS;PFI;3
PF240004001801;PHU12894;PFI;94
PF240006001801;PHU2009;PFI;10
PF240012001801;PHU2026;PFI;86
PF240019001801;PHU2040;PFI;6
PF240020001801;PHU2042;PFI;6
PF240026001801;PHU2137;PFI;88
PF240027001801;PHU2148;PFI;52
PF240030001801;PHU2160;PFI;94
PF240032001801;PHU2165;PFI;96
PF240033001801;PHU2166;PFI;87
PF240034001801;PHU2167;PFI;95
PF240038001801;PHU2174;PFI;6
PF240043001801;PHU2182;PFI;95
PF240044001801;PHU2183;PFI;33
PF240046001801;PHU2188;PFI;104
PF240048001801;PHU2193;PFI;53
PF240049001801;PHU2194;PFI;50
PF240050001801;PHU2195;PFI;138
PF240053001801;PHU2200;PFI;40
PF240054001801;PHU2203-46;PFI;86
PF240058001801;PHU2225;PFI;92
PF240059001801;PHU2231;PFI;129
PF240060001801;PHU2240;PFI;83
PF240071001801;PHU2303;PFI;166
PF240072001801;PHU2323;PFI;57
PF240080001801;PHU3035;PFI;4
PF240088001801;PHU3105;PFI;89
PF240090001801;PHU3115;PFI;63
PF240091001801;PHU3125;PFI;96
PF240092001801;PHU5148;PFI;76
PF240093001801;PHU3135;PFI;2
PF240096001801;PHU3193;PFI;110
PF240098001801;PHU3221;PFI;78
PF240099001801;PHU3224;PFI;48
PF240100001801;PHU3301;PFI;75
PF240101001801;PHU52001;PFI;82
PF240102001801;PHU53306;PFI;35
PF240104001801;PHU53562;PFI;97
PF240105001801;PHU56802;PFI;90
PF240109001801;PHU590100;PFI;96
PF240110001801;PHU590469;PFI;141
PF240113001801;PHU2QB501611A;PFI;26
PF240116001801;PHU56767;PFI;56
PF240117001801;PHU57127;PFI;20
PF240121001801;PHU8022;PFI;927
PF240122001801;PHU8071;PFI;38
PF240123001801;PHU8093;PFI;831
PF240124001801;PHU8159;PFI;12
PF240126001801;PHU1002-2;PFI;12
PF240143001801;PHU2181;PFI;112
PF240165001801;PHU40175S05;PFI;11
PF240168001801;PHU53540;PFI;164
PF240172001801;PHU53594;PFI;13
PF240180001801;PHU8060;PFI;135
PF240182001801;PHU8153;PFI;66
PF250001001801;PHU3268;PFI;15
PF250003001801;PHU590614;PFI;71
PF250004001801;PHU8187;PFI;13
PF250007001801;PHU2018;PFI;30
PF250013001801;PHU2136;PFI;72
PF250019001801;PHU2184;PFI;10
PF250026001801;PHU2206;PFI;120
PF250027001801;PHU2207;PFI;96
PF250031001801;PHU2212;PFI;10
PF250033001801;PHU2217;PFI;189
PF250039001801;PHU2235;PFI;76
PF250046001801;PHU2265;PFI;75
PF250047001801;PHU8167;PFI;8
PF250053001801;PHU2285;PFI;76
PF250057001801;PHU2302;PFI;75
PF250062001801;PHU2325;PFI;94
PF250063001801;PHU2326;PFI;60
PF250067001801;PHU2335;PFI;59
PF250068001801;PHU2337;PFI;75
PF250069001801;PHU2340;PFI;147
PF250071001801;PHU2345;PFI;190
PF250074001801;PHU2353;PFI;105
PF250076001801;PHU2369;PFI;46
PF250078001801;PHU2373;PFI;123
PF250080001801;PHU2384;PFI;56
PF250081001801;PHU2386;PFI;111
PF250082001801;PHU2403;PFI;132
PF250084001801;PHU3018;PFI;13
PF250090001801;PHU3084;PFI;64
PF250092001801;PHU3089;PFI;94
PF250093001801;PHU3100;PFI;86
PF250096001801;PHU3123;PFI;255
PF250097001801;PHU3124;PFI;131
PF250100001801;PHU3138;PFI;25
PF250104001801;PHU3158;PFI;103
PF250105001801;PHU3159;PFI;87
PF250111001801;PHU3168;PFI;88
PF250112001801;PHU3172;PFI;53
PF250115001801;PHU3176;PFI;47
PF250116001801;PHU3177;PFI;124
PF250133001801;PHU3214;PFI;115
PF250135001801;PHU3217;PFI;98
PF250136001801;PHU3218;PFI;98
PF250137001801;PHU3219;PFI;2
PF250138001801;PHU3220;PFI;213
PF250140001801;PHU3225;PFI;91
PF250146001801;PHU3234;PFI;69
PF250150001801;PHU3257;PFI;136
PF250151001801;PHU3258;PFI;79
PF250157001801;PHU3272;PFI;72
PF250159001801;PHU3276;PFI;3
PF250161001801;PHU3280;PFI;18
PF250162001801;PHU3286;PFI;89
PF250163001801;PHU3300;PFI;49
PF250164001801;PHU3306;PFI;68
PF250165001801;PHU3307;PFI;66
PF250166001801;PHU3310;PFI;47
PF250168001801;PHU52000;PFI;57
PF250171001801;PHU56565;PFI;67
PF250172001801;PHU8168;PFI;5
PF250175001801;PHU57439;PFI;50
PF250176001801;PHU57479;PFI;74
PF250177001801;PHU57492;PFI;12
PF250178001801;PHU57505;PFI;65
PF250179001801;PHU57576;PFI;97
PF250180001801;PHU57602;PFI;42
PF250181001801;PHU58010;PFI;6
PF250183001801;PHU58030;PFI;97
PF250187001801;PHU590119;PFI;130
PF250189001801;PHU590173;PFI;65
PF250190001801;PHU590178R;PFI;153
PF250193001801;PHU590243;PFI;69
PF250196001801;PHU590373;PFI;107
PF250197001801;PHU590394;PFI;81
PF250198001801;PHU590419;PFI;93
PF250200001801;PHU590441;PFI;270
PF250201001801;PHU590444;PFI;47
PF250203001801;PHU590455;PFI;104
PF250204001801;PHU590457;PFI;125
PF250205001801;PHU590482;PFI;54
PF250207001801;PHU590538;PFI;21
PF250208001801;PHU594505;PFI;59
PF250209001801;PHU590481;PFI;53
PF250210001801;PHU53975;PFI;109
PF250212001801;PHU56020;PFI;106
PF250213001801;PHU930870;PFI;96
PF250214001801;PHU56021;PFI;97
PF250215001801;PHU590551;PFI;111
PF250216001801;PHU3785A063;PFI;44
PF250219001801;PHU3297;PFI;10
PF250220001801;PHU590461;PFI;99
PF250223001801;PHU8042;PFI;2
PF250226001801;PHU57459;PFI;4
PF250227001801;PHU13513413;PFI;207
PF250228001801;PHU13593156;PFI;20
PF250230001801;PHU15282;PFI;11
PF250234001801;PHU2518;PFI;113
PF250235001801;PHU2570;PFI;95
PF250236001801;PHU2590;PFI;8
PF250241001801;PHU56030;PFI;49
PF250242001801;PHU57591;PFI;95
PF250247001801;PHU57782;PFI;1
PF250253001801;PHU590317;PFI;74
PF250255001801;PHU590361;PFI;61
PF250256001801;PHU590362;PFI;88
PF250257001801;PHU590393;PFI;96
PF250262001801;PHU8184;PFI;27
PF250265001801;PHU8066;PFI;46
PF250267001801;PHU590540;PFI;86
PF250270001801;PHU590577;PFI;34
PF250272001801;PHU590604;PFI;47
PF250274001801;PHU590640;PFI;52
PF250277001801;PHU52081087;PFI;10
PF250282001801;PHU3133;PFI;113
PF250291001801;PHU2153;PFI;4
PF250292001801;PHU2156;PFI;21
PF250298001801;PHU2253;PFI;3
PF250305001801;PHU2332;PFI;5
PF250326001801;PHU3254;PFI;5
PF250332001801;PHU53409;PFI;3
PF250354001801;PHU512645;PFI;30
PF250356001801;PHU88409;PFI;13
PF250369001801;PHU57578;PFI;8
PF270001001801;PFI 330.021 GY193;PFI;93
PF270005001801;PCR2516;PFI;19
PF270007001801;PCR2191;PFI;20
PF270010001801;PCR2433;PFI;10
PF270011001801;PCR3673;PFI;33
PF270015001801;PCR3654;PFI;15
PF270021001801;PCR3564;PFI;9
PF270022001801;PCR3622;PFI;9
PF270024001801;PCR2169;PFI;6
PF270026001801;PCR614018;PFI;50
PF270034001801;PCR3737;PFI;15
PF270038001801;PCRCT1310ARSED;PFI;893
PF270047001801;PCR614014;PFI;4
PF300002001801;PFI NU202E C3;PFI;1081
PF310004001801;PRRNU0706201;PFI;12
PF310007001801;PGDF11334207;PFI;3558
PF400004001801;PFI HK2016;PFI;252
PF410001001801;PFI F12470;PFI;1721
PF410003001801;PFI NB-109R;PFI;9
PF410005001801;PFI NB-104R;PFI;20
PF410006001801;PFI NB-106R;PFI;87
PF410011001801;PFI NB-124;PFI;148
PF410016001801;PFI F212285.2;PFI;3
PF410020001801;PFI NB-119;PFI;188
PF410022001801;PFI NB-1816;PFI;248
PF610001001801;PHU25001;PFI;1
PF610003001801;PWF5022;PFI;57
PF610005001801;PWF5036;PFI;58
PF610006001801;PWF5021;PFI;10
PF610007001801;PWF5025;PFI;133
PF610008001801;PWF5026;PFI;166
PF610009001801;PWF5015;PFI;160
PF610010001801;PWF5029;PFI;7
PF610011001801;PWF5003;PFI;7
PF610012001801;PWF5019;PFI;12
PF610013001801;PWF5034;PFI;30
PF610014001801;PWF5020;PFI;5
PF610015001801;PWF5028;PFI;47
PF610016001801;PWF5013;PFI;7
PF610017001801;PWF5007;PFI;18
PF610018001801;PWF5010;PFI;48
PF610019001801;PWF5009;PFI;11
PF610020001801;PWF5037;PFI;101
PF610023001801;PHU485423;PFI;98
PF610024001801;PWF5027;PFI;92
PF610025001801;PHU40202AX000;PFI;5
PF610026001801;PHU430421HA0A;PFI;6
PF610027001801;PHU6128;PFI;51
PF610028001801;PHU90498610;PFI;6
PF610030001801;PWF5001;PFI;37
PF610033001801;PWF5006;PFI;1
PF610035001801;PWF5012;PFI;112
PF610039001801;PWF5031;PFI;17
PF610040001801;PWF5035;PFI;210
PF640001001801;PFI 205KRR2 C3;PFI;88
PF640004001801;RAE35NPP-3L;PFI;18
PF640007001801;PFI 203KRR2 C3;PFI;2740
PF640008001801;PFI 203KRR5 C3;PFI;863
PF640013001801;PFI 206KRRB6-3L;PFI;319
PF640015001801;PFI 207NPPB;PFI;37
PF640024001801;PFI G1108KRRB-3L;PFI;25
PF640025001801;PFI G210KPPB2;PFI;5
PF640026001801;PFI GE25KRRB-3L;PFI;2779
PF640027001801;PFI GE30KRRB-3L;PFI;1745
PF640028001801;PFI GE40KRRB-3L;PFI;367
PF640029001801;PFI GE45KRRB-3L;PFI;499
PF640032001801;PFI GNE50KRRB-3L;PFI;264
PF640034001801;PFI GRA012NPPB-3L;PFI;52
PF640035001801;PFI GRA014NPPB-3L;PFI;163
PF640037001801;PFI GRA102NPPB-3L;PFI;63
PF640039001801;PFI GRA104NPPB-3L;PFI;36
PF640040001801;PFI GRA104-206-NPPB-3L;PFI;400
PF640041001801;PFI GRA107NPPB-3L;PFI;21
PF640043001801;PFI GRAE20NPPB-3L;PFI;42
PF640044001801;PFI GRAE25NPPB-3L;PFI;668
PF640045001801;PFI GRAE30NPPB-3L;PFI;433
PF640046001801;PFI GRAE35NPPB-3L;PFI;133
PF640047001801;PFI GRAE40NPPB-3L;PFI;293
PF640049001801;PFI GRAE50NPPB-3L;PFI;27
PF640050001801;PFI GRAE55NPPB-3L;PFI;46
PF640058001801;PFI RA100RRB;PFI;273
PF640059001801;PFI RA102RRB;PFI;32
PF640060001801;PFI RA103RRB2;PFI;45
PF640062001801;RAE15NPPB-3L;PFI;6
PF640063001801;RAE17NPPB;PFI;32
PF640064001801;RAE25NPPB-3L;PFI;121
PF640066001801;RAE30NPPB-3L;PFI;6
PF640067001801;RAE35NPPB-3L;PFI;6
PF640068001801;RAE40NPPB-3L;PFI;168
PF640069001801;PFI UC202-3L;PFI;24
PF640070001801;PFI UC203-3L;PFI;161
PF640071001801;PFI UC204-3L;PFI;3836
PF640072001801;PFI UC205-3L;PFI;3349
PF640073001801;PFI UC205-16-3L;PFI;227
PF640074001801;PFI UC206-3L;PFI;2301
PF640075001801;PFI UC207-3L;PFI;1690
PF640076001801;PFI UC207-23-3L;PFI;10
PF640077001801;PFI UC208-3L;PFI;1600
PF640079001801;PFI UC209-3L;PFI;887
PF640081001801;PFI UC210-3L;PFI;1866
PF640082001801;PFI UC211-3L;PFI;48
PF640083001801;PFI UC212-3L;PFI;415
PF640084001801;PFI UC213-3L;PFI;10
PF640097001801;PFI GE35KRRB-3L;PFI;2052
PF640100001801;PFI GRA112NPPB-3L;PFI;256
PF640115001801;PFI 203KRR2 C3 1L;PFI;2845
PF640126001801;PFI GRAE55NPPB;PFI;5
PF640132001801;PFI GRA106NPPB-AS2;PFI;284
PF650031001801;PFI UCP205-16-3L;PFI;35
PF650032001801;PFI UCP206-3L;PFI;17
PF650033001801;PFI UCP207-3L;PFI;17
PF650034001801;PFI UCP208-3L;PFI;16
PF650038001801;PFI UCP210-3L;PFI;6
PF650039001801;PFI UCP211-3L;PFI;20
PF660016001801;PTI631471;PFI;6
PF660027001801;RPT30BC5529;PFI;35445
PF660028001801;RPT30BC5922;PFI;44786
PF660029001801;RPT30BC5919;PFI;5216
PF660030001801;RPT30BC5526;PFI;38112
PF660038001801;PTI22385;PFI;360
PF670001001801;PF110390;PFI;27885
PF670002001801;RAL012NPP2;PFI;20
PF810006001801;BDJRM4549C;PFI;300
PF900001001801;PHU5122K;PFI;71
PF900002001801;PHU14149K;PFI;57
PF900006001801;PW32720025/19CSK;PFI;38
PF900008001801;PW45840041CSMK1;PFI;70
PF900012001801;PHU2336K;PFI;70
PF900014001801;PHU56618R1K;PFI;110
PF900016001801;PHU53693K;PFI;48
PF900021001801;PHU56752K;PFI;14
PF900022001801;PHU3253K;PFI;5
PF900023001801;PHU53514K;PFI;15
PF900024001801;PHU53652K;PFI;21
PF900025001801;PHU56655K;PFI;70
PF900026001801;PHU56781K;PFI;156
PF900028001801;PW45840041/39CSK;PFI;139
PF900031001801;PW42720038/35CSHDK;PFI;67
PF900032001801;PW42750037CSK;PFI;10
PF900035001801;PWK3205;PFI;229
PF900036001801;PW40740040CSK2;PFI;96
PF900037001801;PW42820036CSK;PFI;130
PF900038001801;PW37680034CSK;PFI;194
PF900039001801;PHU2227K;PFI;20
PF900040001801;PHU2228K;PFI;55
PF900041001801;PHU59001K;PFI;284
PF900042001801;PHU53570K;PFI;261
PF900043001801;PHU2187K;PFI;86
PF900046001801;PHU56619K;PFI;71
PF900047001801;PHU56714K;PFI;12
PF900050001801;PW50890051CSHDK;PFI;100
PF900053001801;PHU56526K;PFI;92
PF900060001801;PW37720033CSK;PFI;581
PF900062001801;PW38690039/34CSMK;PFI;9
PF900063001801;PW39/41750037CSK;PFI;91
PF900064001801;PW39740039CSMK;PFI;46
PF900065001801;PW40740040CSK1;PFI;3
PF900067001801;PW40840038CSK;PFI;57
PF900068001801;PW42820336CSMK;PFI;38
PF900069001801;PHU2012K;PFI;135
PF900070001801;PHU2319K;PFI;138
PF900071001801;PHU51440K;PFI;564
PF900072001801;PHU51441K;PFI;14
PF900073001801;PHU53424K;PFI;20
PF900075001801;PHU53477K;PFI;183
PF900076001801;PHU53548K;PFI;90
PF900077001801;PHU53569K;PFI;44
PF900079001801;PHU53583K;PFI;66
PF900080001801;PHU53585K;PFI;2
PF900082001801;PHU53635K;PFI;98
PF900085001801;PHU56531K;PFI;111
PF900086001801;PHU56543K;PFI;90
PF900087001801;PHU56546K;PFI;70
PF900090001801;PHU2310K;PFI;88
PF900091001801;PHU2311K;PFI;97
PF900093001801;PHU3016K;PFI;107
PF900095001801;PHU3309K;PFI;21
PF900096001801;PHU53422K;PFI;12
PF900097001801;PHU53511K;PFI;1
PF900098001801;PHU53512K;PFI;31
PF900100001801;PHU53627K;PFI;86
PF900101001801;PHU53631K;PFI;48
PF900104001801;PHU53659K;PFI;121
PF900106001801;PHU56510K;PFI;95
PF900107001801;PHU56556K;PFI;121
PF900110001801;PHU56667K;PFI;234
PF900113001801;PHU57011K;PFI;22
PF900114001801;PHU57409K;PFI;102
PF900115001801;PHU57417K;PFI;63
PF900117001801;PHU57565K;PFI;99
PF900119001801;PHU8512K;PFI;91
PF900120001801;PHU8516K;PFI;97
PF900121001801;PWK4529;PFI;18918
PF900122001801;PWK4544;PFI;3940
PF900123001801;PWK4528;PFI;1193
PF900125001801;PHU53506K;PFI;3
PF900127001801;PHU56737K;PFI;76
PF900128001801;PHU53513K;PFI;18
PF900129001801;PHU53409K;PFI;16
PF900130001801;PHU2161K;PFI;11
PF900131001801;PHU53491K;PFI;13
PF900132001801;PHU2305K;PFI;119
PF900133001801;PHU53540K;PFI;267
PF900134001801;PHU50968K;PFI;113
PF900137001801;PHU53503K;PFI;95
PF900138001801;PHU56670K;PFI;100
PF900139001801;PHU53661K;PFI;7
PF900140001801;PHU53502K;PFI;95
PF900141001801;PHU53594K;PFI;81
PF900142001801;PHU53592K;PFI;101
PF900143001801;PHU3194K;PFI;48
PF900144001801;PHU2226K;PFI;80
PF900145001801;PHU2253K;PFI;9
PF900146001801;PHU56803K;PFI;53
PF900148001801;PHU3731K;PFI;33
PF900150001801;PHU8510K;PFI;16
PF900151001801;PHU56527K;PFI;91
PF900154001801;PHU590451K;PFI;73
PF900155001801;PHU56701K;PFI;91
PF900156001801;PHU500701K;PFI;20
PF900157001801;PHU56687K;PFI;215
PF900159001801;PHU8508K;PFI;93
PF900161001801;PW45840041CSMK2;PFI;200
PF900164001801;PHU57134K;PFI;20
PF900165001801;PHU14154K;PFI;19
PF900166001801;PHU1000K;PFI;93
PF900167001801;PHU15159K;PFI;104
PF900168001801;PHU3660K;PFI;121
PF900171001801;PHU57031K;PFI;47
PF900173001801;PHU590397K;PFI;134
PF900176001801;PWK4687;PFI;612
PF900177001801;PHU56654K;PFI;15
PF900179001801;PHU56676K;PFI;93
PF900183001801;PHU3298K;PFI;1
PF900185001801;PHU3403K;PFI;2
PF900186001801;PHU56718K;PFI;73
PF900187001801;PHU3384K;PFI;87
PF900188001801;PHU3256K;PFI;71
PF900189001801;PHU57131K;PFI;90
PF900190001801;PHU5065K;PFI;3
PF900191001801;PHU56756K;PFI;99
PF900192001801;PHU56753K;PFI;85
PF900193001801;PHU57091K;PFI;178
PF900194001801;PMR111877;PFI;27
PF900195001801;PHU56525K;PFI;75
PF900197001801;PHU56806K;PFI;93
PF900198001801;PW35660033CSMK;PFI;794
PF900200001801;PHU590451KV2;PFI;13
PF900201001801;PHU15163K;PFI;125
PF900217001801;PHU53510K;PFI;34
PF900228001801;PHU60030K;PFI;158
PF900248001801;PW35618040CSK2;PFI;10
PF900250001801;PW35660037CSMK;PFI;5
PF900272001801;PW40750039CSMK;PFI;90
PF900276001801;PW40900023CSK2;PFI;34
PF900312001801;PW54900050CSMK;PFI;63
PF900351001801;PHU5061K;PFI;8
PF900357001801;PHU55200K;PFI;17
PF900360001801;PHU56786K;PFI;16
PF900365001801;PSM53030K;PFI;19
PF900412001801;PHU86746K;PFI;46
PF900450001801;PWK4533;PFI;151
PF900451001801;PWK6530;PFI;157
PF900513001801;PHU56656K;PFI;14
PF900627001801;PW40750037CSK;PFI;16
PF900629001801;PHU5021K;PFI;10
PF900651001801;PW42800044CSMK;PFI;8
